batter,year,matches,runs,balls,dismissals,fifties,hundreds,strike_rate,average
A Ashish Reddy,2012,5,35,29,4,0,0,120.69,8.75
A Ashish Reddy,2013,10,125,89,6,0,0,140.45,20.83
A Ashish Reddy,2015,5,73,46,3,0,0,158.7,24.33
A Ashish Reddy,2016,3,47,29,2,0,0,162.07,23.5
A Badoni,2022,11,161,130,8,1,0,123.85,20.12
A Badoni,2023,12,238,172,9,1,0,138.37,26.44
A Badoni,2024,12,235,171,8,2,0,137.43,29.38
A Badoni,2025,11,329,222,10,2,0,148.2,32.9
A Badoni,2026,10,215,141,10,1,0,152.48,21.5
A Manohar,2022,7,108,75,6,0,0,144.0,18.0
A Manohar,2023,6,114,83,6,0,0,137.35,19.0
A Manohar,2024,2,9,16,2,0,0,56.25,4.5
A Manohar,2025,5,61,61,5,0,0,100.0,12.2
A Mhatre,2025,7,240,127,7,1,0,188.98,34.29
A Mhatre,2026,6,201,113,5,2,0,177.88,40.2
A Mishra,2008,3,37,42,3,0,0,88.1,12.33
A Mishra,2009,5,26,20,2,0,0,130.0,13.0
A Mishra,2010,7,39,51,4,0,0,76.47,9.75
A Mishra,2011,9,68,49,4,0,0,138.78,17.0
A Mishra,2012,5,16,20,3,0,0,80.0,5.33
A Mishra,2013,6,89,96,3,0,0,92.71,29.67
A Mishra,2014,2,4,7,1,0,0,57.14,4.0
A Mishra,2015,4,8,12,2,0,0,66.67,4.0
A Mishra,2016,2,4,14,2,0,0,28.57,2.0
A Mishra,2017,6,49,52,1,0,0,94.23,49.0
A Mishra,2018,1,1,2,0,0,0,50.0,
A Mishra,2019,4,21,24,2,0,0,87.5,10.5
A Mishra,2023,1,19,30,1,0,0,63.33,19.0
A Raghuvanshi,2024,7,163,105,7,1,0,155.24,23.29
A Raghuvanshi,2025,11,300,215,9,1,0,139.53,33.33
A Raghuvanshi,2026,12,422,288,8,5,0,146.53,52.75
A Symonds,2008,3,161,105,2,0,1,153.33,80.5
A Symonds,2009,8,249,166,7,1,0,150.0,35.57
A Symonds,2010,16,429,341,12,4,0,125.81,35.75
A Symonds,2011,9,135,138,3,0,0,97.83,45.0
AA Jhunjhunwala,2010,10,183,166,8,1,0,110.24,22.88
AA Jhunjhunwala,2011,2,10,18,2,0,0,55.56,5.0
AA Jhunjhunwala,2012,3,24,26,2,0,0,92.31,12.0
AB Agarkar,2008,6,54,46,4,0,0,117.39,13.5
AB Agarkar,2009,5,66,57,2,0,0,115.79,33.0
AB Agarkar,2010,4,40,29,1,0,0,137.93,40.0
AB Agarkar,2011,1,7,6,0,0,0,116.67,
AB Agarkar,2013,2,12,16,1,0,0,75.0,12.0
AB McDonald,2009,1,3,4,1,0,0,75.0,3.0
AB McDonald,2010,3,65,52,0,0,0,125.0,
AB McDonald,2011,1,8,7,1,0,0,114.29,8.0
AB McDonald,2012,3,47,35,2,0,0,134.29,23.5
AB McDonald,2013,1,0,2,1,0,0,0.0,0.0
AB de Villiers,2008,6,95,98,4,0,0,96.94,23.75
AB de Villiers,2009,13,465,355,9,3,1,130.99,51.67
AB de Villiers,2010,7,111,119,5,0,0,93.28,22.2
AB de Villiers,2011,13,312,243,8,2,0,128.4,39.0
AB de Villiers,2012,13,319,198,8,3,0,161.11,39.88
AB de Villiers,2013,14,373,223,10,3,0,167.26,37.3
AB de Villiers,2014,13,395,249,11,3,0,158.63,35.91
AB de Villiers,2015,14,513,293,8,2,1,175.09,64.12
AB de Villiers,2016,16,687,407,13,6,1,168.8,52.85
AB de Villiers,2017,9,216,163,7,1,0,132.52,30.86
AB de Villiers,2018,11,480,275,9,6,0,174.55,53.33
AB de Villiers,2019,13,442,287,10,5,0,154.01,44.2
AB de Villiers,2020,14,460,290,10,5,0,158.62,46.0
AB de Villiers,2021,14,313,211,10,2,0,148.34,31.3
AC Blizzard,2011,6,120,87,6,1,0,137.93,20.0
AC Blizzard,2012,1,0,3,1,0,0,0.0,0.0
AC Gilchrist,2008,14,436,318,13,3,1,137.11,33.54
AC Gilchrist,2009,16,495,325,16,3,0,152.31,30.94
AC Gilchrist,2010,16,289,185,16,1,0,156.22,18.06
AC Gilchrist,2011,14,383,295,14,2,1,129.83,27.36
AC Gilchrist,2012,7,172,143,4,1,0,120.28,43.0
AC Gilchrist,2013,13,294,229,12,1,0,128.38,24.5
AC Voges,2010,7,181,143,4,0,0,126.57,45.25
AD Hales,2018,6,148,118,6,0,0,125.42,24.67
AD Mathews,2009,1,16,13,1,0,0,123.08,16.0
AD Mathews,2010,10,233,184,6,1,0,126.63,38.83
AD Mathews,2012,8,127,108,6,0,0,117.59,21.17
AD Mathews,2013,10,172,139,7,0,0,123.74,24.57
AD Mathews,2015,10,144,104,6,0,0,138.46,24.0
AD Mathews,2017,2,32,27,2,0,0,118.52,16.0
AD Russell,2012,2,47,26,2,0,0,180.77,23.5
AD Russell,2013,2,11,14,2,0,0,78.57,5.5
AD Russell,2014,2,2,8,2,0,0,25.0,1.0
AD Russell,2015,11,326,169,7,3,0,192.9,46.57
AD Russell,2016,8,188,114,7,0,0,164.91,26.86
AD Russell,2018,14,316,171,11,1,0,184.8,28.73
AD Russell,2019,13,514,252,9,4,0,203.97,57.11
AD Russell,2020,9,117,81,9,0,0,144.44,13.0
AD Russell,2021,8,183,120,6,1,0,152.5,30.5
AD Russell,2022,12,335,192,9,1,0,174.48,37.22
AD Russell,2023,14,227,156,11,0,0,145.51,20.64
AD Russell,2024,9,222,120,6,1,0,185.0,37.0
AD Russell,2025,10,167,102,8,1,0,163.73,20.88
AJ Finch,2010,1,21,21,1,0,0,100.0,21.0
AJ Finch,2011,6,47,46,6,0,0,102.17,7.83
AJ Finch,2012,2,55,51,2,0,0,107.84,27.5
AJ Finch,2013,14,456,336,14,4,0,135.71,32.57
AJ Finch,2014,13,309,263,11,2,0,117.49,28.09
AJ Finch,2015,3,23,33,3,0,0,69.7,7.67
AJ Finch,2016,12,393,299,8,5,0,131.44,49.12
AJ Finch,2017,13,300,184,12,2,0,163.04,25.0
AJ Finch,2018,9,134,100,8,0,0,134.0,16.75
AJ Finch,2020,12,268,241,12,1,0,111.2,22.33
AJ Finch,2022,5,86,61,5,1,0,140.98,17.2
AK Markram,2021,6,146,119,5,0,0,122.69,29.2
AK Markram,2022,12,381,274,8,3,0,139.05,47.62
AK Markram,2023,13,248,197,11,1,0,125.89,22.55
AK Markram,2024,11,220,177,9,1,0,124.29,24.44
AK Markram,2025,13,445,299,13,5,0,148.83,34.23
AK Markram,2026,11,231,168,8,0,0,137.5,28.88
AL Menaria,2011,10,180,152,9,0,0,118.42,20.0
AL Menaria,2012,12,220,202,11,0,0,108.91,20.0
AL Menaria,2013,1,1,2,1,0,0,50.0,1.0
AM Nayar,2008,10,206,138,8,0,0,149.28,25.75
AM Nayar,2009,11,193,152,9,0,0,126.97,21.44
AM Nayar,2010,3,58,51,2,0,0,113.73,29.0
AM Nayar,2011,9,61,67,6,0,0,91.04,10.17
AM Nayar,2012,4,45,49,2,0,0,91.84,22.5
AM Nayar,2013,9,66,73,6,0,0,90.41,11.0
AM Nayar,2014,4,43,47,3,0,0,91.49,14.33
AM Rahane,2008,2,4,17,2,0,0,23.53,2.0
AM Rahane,2009,7,144,123,6,2,0,117.07,24.0
AM Rahane,2011,7,120,98,5,1,0,122.45,24.0
AM Rahane,2012,16,560,433,13,3,1,129.33,43.08
AM Rahane,2013,18,488,458,14,4,0,106.55,34.86
AM Rahane,2014,12,339,291,10,3,0,116.49,33.9
AM Rahane,2015,13,540,413,11,4,0,130.75,49.09
AM Rahane,2016,14,480,379,10,6,0,126.65,48.0
AM Rahane,2017,16,382,323,15,2,0,118.27,25.47
AM Rahane,2018,14,370,313,13,1,0,118.21,28.46
AM Rahane,2019,13,393,285,12,1,1,137.89,32.75
AM Rahane,2020,8,113,107,8,1,0,105.61,14.12
AM Rahane,2021,1,8,8,1,0,0,100.0,8.0
AM Rahane,2022,7,133,128,7,0,0,103.91,19.0
AM Rahane,2023,11,326,189,10,2,0,172.49,32.6
AM Rahane,2024,12,242,196,12,0,0,123.47,20.17
AM Rahane,2025,12,390,264,11,3,0,147.73,35.45
AM Rahane,2026,14,335,248,12,2,0,135.08,27.92
AP Tare,2010,4,50,36,4,0,0,138.89,12.5
AP Tare,2013,5,123,84,5,1,0,146.43,24.6
AP Tare,2014,11,126,98,8,0,0,128.57,15.75
AP Tare,2015,2,14,17,2,0,0,82.35,7.0
AP Tare,2016,2,8,15,2,0,0,53.33,4.0
AP Tare,2017,3,18,23,3,0,0,78.26,6.0
AR Patel,2014,7,62,60,5,0,0,103.33,12.4
AR Patel,2015,12,206,174,9,0,0,118.39,22.89
AR Patel,2016,10,111,77,6,0,0,144.16,18.5
AR Patel,2017,13,227,162,8,0,0,140.12,28.38
AR Patel,2018,8,80,69,6,0,0,115.94,13.33
AR Patel,2019,12,110,88,6,0,0,125.0,18.33
AR Patel,2020,9,117,85,8,0,0,137.65,14.62
AR Patel,2021,6,40,46,5,0,0,86.96,8.0
AR Patel,2022,10,182,120,3,0,0,151.67,60.67
AR Patel,2023,13,283,203,10,1,0,139.41,28.3
AR Patel,2024,12,235,179,8,2,0,131.28,29.38
AR Patel,2025,11,263,167,10,0,0,157.49,26.3
AR Patel,2026,11,173,132,10,1,0,131.06,17.3
AS Raut,2009,7,78,61,4,0,0,127.87,19.5
AS Raut,2010,5,56,48,2,0,0,116.67,28.0
AS Raut,2011,4,60,58,3,0,0,103.45,20.0
AT Rayudu,2010,14,356,246,12,2,0,144.72,29.67
AT Rayudu,2011,16,395,350,13,4,0,112.86,30.38
AT Rayudu,2012,15,333,252,9,2,0,132.14,37.0
AT Rayudu,2013,15,265,231,12,0,0,114.72,22.08
AT Rayudu,2014,14,361,287,14,2,0,125.78,25.79
AT Rayudu,2015,14,281,193,9,1,0,145.6,31.22
AT Rayudu,2016,12,334,278,11,2,0,120.14,30.36
AT Rayudu,2017,5,91,78,5,1,0,116.67,18.2
AT Rayudu,2018,16,602,402,13,3,1,149.75,46.31
AT Rayudu,2019,17,282,303,12,1,0,93.07,23.5
AT Rayudu,2020,11,359,282,9,1,0,127.3,39.89
AT Rayudu,2021,13,257,170,9,2,0,151.18,28.56
AT Rayudu,2022,11,274,224,10,1,0,122.32,27.4
AT Rayudu,2023,12,158,113,10,0,0,139.82,15.8
Abdul Samad,2020,7,113,67,5,0,0,168.66,22.6
Abdul Samad,2021,10,111,87,9,0,0,127.59,12.33
Abdul Samad,2022,2,4,7,2,0,0,57.14,2.0
Abdul Samad,2023,8,169,128,4,0,0,132.03,42.25
Abdul Samad,2024,12,182,108,9,0,0,168.52,20.22
Abdul Samad,2025,12,164,93,8,0,0,176.34,20.5
Abdul Samad,2026,7,116,88,6,0,0,131.82,19.33
Abhishek Sharma,2018,3,63,33,1,0,0,190.91,63.0
Abhishek Sharma,2019,3,9,9,2,0,0,100.0,4.5
Abhishek Sharma,2020,7,71,56,5,0,0,126.79,14.2
Abhishek Sharma,2021,7,98,75,6,0,0,130.67,16.33
Abhishek Sharma,2022,14,426,320,14,2,0,133.12,30.43
Abhishek Sharma,2023,11,226,157,11,2,0,143.95,20.55
Abhishek Sharma,2024,16,484,237,15,3,0,204.22,32.27
Abhishek Sharma,2025,13,439,227,12,2,1,193.39,36.58
Abhishek Sharma,2026,15,563,275,14,4,1,204.73,40.21
Abishek Porel,2023,4,33,31,4,0,0,106.45,8.25
Abishek Porel,2024,12,327,205,10,2,0,159.51,32.7
Abishek Porel,2025,13,301,205,12,1,0,146.83,25.08
Abishek Porel,2026,4,108,88,4,1,0,122.73,27.0
Aman Hakim Khan,2022,1,5,3,1,0,0,166.67,5.0
Aman Hakim Khan,2023,9,110,101,8,1,0,108.91,13.75
Aniket Verma,2025,12,236,142,9,1,0,166.2,26.22
Aniket Verma,2026,8,79,54,5,0,0,146.3,15.8
Anmolpreet Singh,2021,1,16,14,1,0,0,114.29,16.0
Anmolpreet Singh,2022,2,13,13,2,0,0,100.0,6.5
Anmolpreet Singh,2023,4,105,82,4,0,0,128.05,26.25
Anmolpreet Singh,2024,2,5,6,2,0,0,83.33,2.5
Anuj Rawat,2021,1,0,1,1,0,0,0.0,0.0
Anuj Rawat,2022,8,129,118,7,1,0,109.32,18.43
Anuj Rawat,2023,7,91,71,3,0,0,128.17,30.33
Anuj Rawat,2024,5,98,77,3,0,0,127.27,32.67
Arshad Khan,2023,3,18,15,2,0,0,120.0,9.0
Arshad Khan,2024,3,78,50,1,1,0,156.0,78.0
Arshad Khan,2025,4,23,19,2,0,0,121.05,11.5
Arshad Khan,2026,2,23,11,1,0,0,209.09,23.0
Ashutosh Sharma,2024,9,189,113,7,1,0,167.26,27.0
Ashutosh Sharma,2025,9,204,127,7,1,0,160.63,29.14
Ashutosh Sharma,2026,8,171,94,5,0,0,181.91,34.2
Atharva Taide,2023,7,186,129,6,2,0,144.19,31.0
Atharva Taide,2024,2,61,39,2,0,0,156.41,30.5
Atharva Taide,2025,1,13,9,1,0,0,144.44,13.0
Azhar Mahmood,2012,10,186,142,8,0,0,130.99,23.25
Azhar Mahmood,2013,10,196,154,10,2,0,127.27,19.6
Azhar Mahmood,2015,1,6,7,1,0,0,85.71,6.0
Azmatullah Omarzai,2024,4,42,33,4,0,0,127.27,10.5
Azmatullah Omarzai,2025,5,57,41,4,0,0,139.02,14.25
Azmatullah Omarzai,2026,2,52,27,2,0,0,192.59,26.0
B Chipli,2008,3,20,28,3,0,0,71.43,6.67
B Chipli,2011,13,207,170,8,1,0,121.76,25.88
B Chipli,2012,4,37,35,3,0,0,105.71,12.33
B Chipli,2013,1,16,18,1,0,0,88.89,16.0
B Kumar,2011,1,1,1,0,0,0,100.0,
B Kumar,2012,8,40,40,3,0,0,100.0,13.33
B Kumar,2013,9,52,71,7,0,0,73.24,7.43
B Kumar,2014,2,1,4,1,0,0,25.0,1.0
B Kumar,2015,3,17,10,1,0,0,170.0,17.0
B Kumar,2016,8,43,27,5,0,0,159.26,8.6
B Kumar,2017,2,4,4,1,0,0,100.0,4.0
B Kumar,2018,4,13,16,1,0,0,81.25,13.0
B Kumar,2019,4,12,19,3,0,0,63.16,4.0
B Kumar,2020,1,0,2,1,0,0,0.0,0.0
B Kumar,2021,7,34,30,1,0,0,113.33,34.0
B Kumar,2022,6,24,26,2,0,0,92.31,12.0
B Kumar,2023,5,42,47,3,0,0,89.36,14.0
B Kumar,2024,5,23,29,3,0,0,79.31,7.67
B Kumar,2025,6,14,25,3,0,0,56.0,4.67
B Kumar,2026,4,34,26,0,0,0,130.77,
B Lee,2008,3,17,13,1,0,0,130.77,17.0
B Lee,2009,4,28,34,2,0,0,82.35,14.0
B Lee,2010,3,11,9,1,0,0,122.22,11.0
B Lee,2011,4,5,9,2,0,0,55.56,2.5
B Lee,2012,3,42,20,2,0,0,210.0,21.0
B Lee,2013,2,21,12,1,0,0,175.0,21.0
B Sai Sudharsan,2022,5,145,114,4,1,0,127.19,36.25
B Sai Sudharsan,2023,8,362,256,6,3,0,141.41,60.33
B Sai Sudharsan,2024,12,527,373,11,2,1,141.29,47.91
B Sai Sudharsan,2025,15,759,486,14,6,1,156.17,54.21
B Sai Sudharsan,2026,17,722,457,16,8,1,157.99,45.12
BA Stokes,2017,11,316,221,10,1,1,142.99,31.6
BA Stokes,2018,12,196,161,12,0,0,121.74,16.33
BA Stokes,2019,9,123,99,6,0,0,124.24,20.5
BA Stokes,2020,8,285,200,7,1,1,142.5,40.71
BA Stokes,2021,1,0,3,1,0,0,0.0,0.0
BA Stokes,2023,2,15,14,2,0,0,107.14,7.5
BB McCullum,2008,4,188,92,3,0,1,204.35,62.67
BB McCullum,2009,13,286,240,12,2,0,119.17,23.83
BB McCullum,2010,5,114,110,3,1,0,103.64,38.0
BB McCullum,2011,13,357,275,13,1,0,129.82,27.46
BB McCullum,2012,12,289,283,12,1,0,102.12,24.08
BB McCullum,2013,1,6,7,1,0,0,85.71,6.0
BB McCullum,2014,14,405,333,12,3,0,121.62,33.75
BB McCullum,2015,14,436,280,13,2,1,155.71,33.54
BB McCullum,2016,16,354,262,16,1,0,135.11,22.12
BB McCullum,2017,11,320,220,11,2,0,145.45,29.09
BB McCullum,2018,6,127,88,6,0,0,144.32,21.17
BB Samantray,2012,1,2,2,0,0,0,100.0,
BB Samantray,2013,7,123,111,5,1,0,110.81,24.6
BCJ Cutting,2014,1,8,6,0,0,0,133.33,
BCJ Cutting,2016,4,65,34,2,0,0,191.18,32.5
BCJ Cutting,2017,3,51,26,2,0,0,196.15,25.5
BCJ Cutting,2018,6,96,58,4,0,0,165.52,24.0
BCJ Cutting,2019,3,18,17,2,0,0,105.88,9.0
BJ Hodge,2008,3,12,17,2,0,0,70.59,6.0
BJ Hodge,2009,12,365,310,9,3,0,117.74,40.56
BJ Hodge,2010,4,99,90,4,1,0,110.0,24.75
BJ Hodge,2011,14,285,236,8,1,0,120.76,35.62
BJ Hodge,2012,12,245,175,8,0,0,140.0,30.62
BJ Hodge,2013,14,293,218,7,1,0,134.4,41.86
BJ Hodge,2014,4,101,72,3,0,0,140.28,33.67
BJ Rohrer,2013,8,193,141,6,1,0,136.88,32.17
Bipul Sharma,2010,2,9,7,0,0,0,128.57,
Bipul Sharma,2011,3,23,18,1,0,0,127.78,23.0
Bipul Sharma,2012,4,72,47,2,0,0,153.19,36.0
Bipul Sharma,2015,1,1,2,1,0,0,50.0,1.0
Bipul Sharma,2016,4,51,25,1,0,0,204.0,51.0
Bipul Sharma,2017,3,31,24,1,0,0,129.17,31.0
C Connolly,2026,13,491,301,11,2,1,163.12,44.64
C Green,2023,16,452,282,9,2,1,160.28,50.22
C Green,2024,12,255,178,8,0,0,143.26,31.88
C Green,2026,14,322,221,9,2,0,145.7,35.78
C Munro,2016,3,30,30,1,0,0,100.0,30.0
C Munro,2018,4,63,41,4,0,0,153.66,15.75
C Munro,2019,4,84,70,4,0,0,120.0,21.0
C de Grandhomme,2017,9,126,92,8,0,0,136.96,15.75
C de Grandhomme,2018,8,131,84,4,0,0,155.95,32.75
C de Grandhomme,2019,4,46,49,2,0,0,93.88,23.0
CA Ingram,2011,3,21,26,2,0,0,80.77,10.5
CA Ingram,2019,12,184,154,10,0,0,119.48,18.4
CA Lynn,2012,1,6,9,1,0,0,66.67,6.0
CA Lynn,2014,2,58,49,2,0,0,118.37,29.0
CA Lynn,2016,2,25,22,1,0,0,113.64,25.0
CA Lynn,2017,7,295,163,6,3,0,180.98,49.17
CA Lynn,2018,16,491,377,14,3,0,130.24,35.07
CA Lynn,2019,13,405,290,13,4,0,139.66,31.15
CA Lynn,2021,1,49,35,1,0,0,140.0,49.0
CA Pujara,2010,6,122,115,4,0,0,106.09,30.5
CA Pujara,2011,3,34,31,3,0,0,109.68,11.33
CA Pujara,2012,3,17,22,3,0,0,77.27,5.67
CA Pujara,2013,4,92,99,4,1,0,92.93,23.0
CA Pujara,2014,6,125,124,4,0,0,100.81,31.25
CH Gayle,2009,7,184,148,6,1,0,124.32,30.67
CH Gayle,2010,9,292,184,9,2,0,158.7,32.44
CH Gayle,2011,12,608,332,9,3,2,183.13,67.56
CH Gayle,2012,14,733,456,12,7,1,160.75,61.08
CH Gayle,2013,16,720,459,12,4,1,156.86,60.0
CH Gayle,2014,9,196,184,9,0,0,106.52,21.78
CH Gayle,2015,14,491,333,12,2,1,147.45,40.92
CH Gayle,2016,10,227,150,10,2,0,151.33,22.7
CH Gayle,2017,9,200,163,9,1,0,122.7,22.22
CH Gayle,2018,11,368,252,9,3,1,146.03,40.89
CH Gayle,2019,13,490,319,12,4,0,153.61,40.83
CH Gayle,2020,7,295,212,6,3,0,139.15,49.17
CH Gayle,2021,10,193,154,9,0,0,125.32,21.44
CH Morris,2013,6,14,16,2,0,0,87.5,7.0
CH Morris,2015,7,76,46,2,0,0,165.22,38.0
CH Morris,2016,7,195,109,3,1,0,178.9,65.0
CH Morris,2017,8,154,94,5,1,0,163.83,30.8
CH Morris,2018,3,46,26,1,0,0,176.92,46.0
CH Morris,2019,6,32,37,6,0,0,86.49,5.33
CH Morris,2020,5,34,21,4,0,0,161.9,8.5
CH Morris,2021,7,67,49,5,0,0,136.73,13.4
CJ Anderson,2014,11,265,181,9,1,0,146.41,29.44
CJ Anderson,2015,4,114,97,3,2,0,117.53,38.0
CJ Anderson,2017,11,142,123,7,0,0,115.45,20.29
CJ Anderson,2018,3,17,22,3,0,0,77.27,5.67
CL White,2008,8,114,102,5,0,0,111.76,22.8
CL White,2010,5,48,33,2,0,0,145.45,24.0
CL White,2011,6,104,109,4,0,0,95.41,26.0
CL White,2012,13,479,320,11,5,0,149.69,43.55
CL White,2013,13,226,196,12,1,0,115.31,18.83
CM Gautam,2013,3,44,34,2,0,0,129.41,22.0
CM Gautam,2014,9,121,111,6,0,0,109.01,20.17
CM Gautam,2015,1,4,5,1,0,0,80.0,4.0
CR Brathwaite,2016,6,83,38,6,0,0,218.42,13.83
CR Brathwaite,2017,2,12,15,2,0,0,80.0,6.0
CR Brathwaite,2018,4,75,48,3,0,0,156.25,25.0
CR Brathwaite,2019,2,11,10,2,0,0,110.0,5.5
D Brevis,2022,7,161,113,7,0,0,142.48,23.0
D Brevis,2024,3,69,59,3,0,0,116.95,23.0
D Brevis,2025,6,225,125,6,2,0,180.0,37.5
D Brevis,2026,8,151,118,8,0,0,127.97,18.88
D Ferreira,2024,2,8,11,2,0,0,72.73,4.0
D Ferreira,2025,1,1,3,1,0,0,33.33,1.0
D Ferreira,2026,13,317,177,9,2,0,179.1,35.22
D Padikkal,2020,15,473,379,14,5,0,124.8,33.79
D Padikkal,2021,14,411,328,13,1,1,125.3,31.62
D Padikkal,2022,17,376,306,17,1,0,122.88,22.12
D Padikkal,2023,11,261,200,10,2,0,130.5,26.1
D Padikkal,2024,7,38,53,7,0,0,71.7,5.43
D Padikkal,2025,10,247,164,9,2,0,150.61,27.44
D Padikkal,2026,15,464,275,14,3,0,168.73,33.14
D Wiese,2015,7,122,86,4,0,0,141.86,30.5
D Wiese,2016,1,5,4,0,0,0,125.0,
D Wiese,2023,3,21,11,1,0,0,190.91,21.0
DA Miller,2012,6,98,75,2,0,0,130.67,49.0
DA Miller,2013,12,418,254,7,3,1,164.57,59.71
DA Miller,2014,16,446,299,9,3,0,149.16,49.56
DA Miller,2015,13,357,267,11,2,0,133.71,32.45
DA Miller,2016,13,161,131,10,0,0,122.9,16.1
DA Miller,2017,4,83,80,3,0,0,103.75,27.67
DA Miller,2018,3,74,64,2,0,0,115.62,37.0
DA Miller,2019,10,213,164,8,1,0,129.88,26.62
DA Miller,2021,8,124,113,5,1,0,109.73,24.8
DA Miller,2022,16,481,337,7,2,0,142.73,68.71
DA Miller,2023,13,259,178,8,0,0,145.51,32.38
DA Miller,2024,9,210,139,6,1,0,151.08,35.0
DA Miller,2025,10,153,120,5,0,0,127.5,30.6
DA Miller,2026,10,211,137,6,1,0,154.01,35.17
DA Warner,2009,7,163,132,7,1,0,123.48,23.29
DA Warner,2010,11,282,191,9,1,1,147.64,31.33
DA Warner,2011,13,324,276,13,3,0,117.39,24.92
DA Warner,2012,8,256,156,7,1,1,164.1,36.57
DA Warner,2013,16,410,324,13,4,0,126.54,31.54
DA Warner,2014,14,528,375,11,6,0,140.8,48.0
DA Warner,2015,14,562,359,12,7,0,156.55,46.83
DA Warner,2016,17,848,560,14,9,0,151.43,60.57
DA Warner,2017,14,641,452,11,4,1,141.81,58.27
DA Warner,2019,12,692,481,10,8,1,143.87,69.2
DA Warner,2020,16,548,408,14,4,0,134.31,39.14
DA Warner,2021,8,197,184,6,2,0,107.07,32.83
DA Warner,2022,12,432,287,9,5,0,150.52,48.0
DA Warner,2023,14,516,392,13,6,0,131.63,39.69
DA Warner,2024,8,168,125,8,1,0,134.4,21.0
DB Das,2008,6,103,94,6,0,0,109.57,17.17
DB Das,2012,10,126,93,1,0,0,135.48,126.0
DB Das,2013,6,75,74,5,0,0,101.35,15.0
DB Ravi Teja,2008,6,109,82,6,0,0,132.93,18.17
DB Ravi Teja,2009,6,65,70,3,0,0,92.86,21.67
DB Ravi Teja,2011,9,183,144,7,1,0,127.08,26.14
DB Ravi Teja,2012,2,4,4,2,0,0,100.0,2.0
DB Ravi Teja,2013,2,14,17,1,0,0,82.35,14.0
DH Yagnik,2011,4,16,22,1,0,0,72.73,16.0
DH Yagnik,2012,3,25,13,1,0,0,192.31,25.0
DH Yagnik,2013,9,125,96,7,0,0,130.21,17.86
DH Yagnik,2014,1,4,6,0,0,0,66.67,
DJ Bravo,2008,7,178,134,6,1,0,132.84,29.67
DJ Bravo,2009,10,218,203,8,2,0,107.39,27.25
DJ Bravo,2010,8,61,53,7,0,0,115.09,8.71
DJ Bravo,2011,2,11,6,1,0,0,183.33,11.0
DJ Bravo,2012,16,371,264,8,0,0,140.53,46.38
DJ Bravo,2013,12,121,106,8,0,0,114.15,15.12
DJ Bravo,2014,1,8,3,0,0,0,266.67,
DJ Bravo,2015,13,195,148,8,1,0,131.76,24.38
DJ Bravo,2016,12,99,82,8,0,0,120.73,12.38
DJ Bravo,2018,10,141,91,4,1,0,154.95,35.25
DJ Bravo,2019,8,80,66,5,0,0,121.21,16.0
DJ Bravo,2020,2,7,6,2,0,0,116.67,3.5
DJ Bravo,2021,3,47,18,1,0,0,261.11,47.0
DJ Bravo,2022,6,23,24,2,0,0,95.83,11.5
DJ Hooda,2015,9,151,95,9,1,0,158.95,16.78
DJ Hooda,2016,15,144,121,11,0,0,119.01,13.09
DJ Hooda,2017,6,78,52,3,0,0,150.0,26.0
DJ Hooda,2018,8,87,81,4,0,0,107.41,21.75
DJ Hooda,2019,7,64,63,6,0,0,101.59,10.67
DJ Hooda,2020,5,102,72,1,1,0,141.67,102.0
DJ Hooda,2021,11,160,123,9,1,0,130.08,17.78
DJ Hooda,2022,14,451,330,13,4,0,136.67,34.69
DJ Hooda,2023,12,84,90,10,0,0,93.33,8.4
DJ Hooda,2024,9,145,105,8,1,0,138.1,18.12
DJ Hooda,2025,5,31,41,5,0,0,75.61,6.2
DJ Hussey,2008,13,319,259,11,2,0,123.17,29.0
DJ Hussey,2009,4,98,59,3,0,0,166.1,32.67
DJ Hussey,2010,6,94,86,4,0,0,109.3,23.5
DJ Hussey,2011,8,64,63,6,0,0,101.59,10.67
DJ Hussey,2012,15,396,305,10,2,0,129.84,39.6
DJ Hussey,2013,11,235,209,10,0,0,112.44,23.5
DJ Hussey,2014,4,116,94,2,1,0,123.4,58.0
DJ Mitchell,2022,2,33,44,2,0,0,75.0,16.5
DJ Mitchell,2024,13,318,223,11,2,0,142.6,28.91
DJG Sammy,2013,9,174,132,6,1,0,131.82,29.0
DJG Sammy,2014,9,108,91,7,0,0,118.68,15.43
DJG Sammy,2015,2,13,18,2,0,0,72.22,6.5
DJM Short,2018,7,115,99,7,0,0,116.16,16.43
DL Chahar,2017,1,14,6,1,0,0,233.33,14.0
DL Chahar,2018,4,50,29,3,0,0,172.41,16.67
DL Chahar,2019,2,7,9,2,0,0,77.78,3.5
DL Chahar,2020,3,7,12,1,0,0,58.33,7.0
DL Chahar,2021,1,1,1,0,0,0,100.0,
DL Chahar,2023,1,1,2,0,0,0,50.0,
DL Chahar,2025,4,37,25,1,0,0,148.0,37.0
DL Chahar,2026,4,25,19,2,0,0,131.58,12.5
DL Vettori,2009,3,34,32,2,0,0,106.25,17.0
DL Vettori,2010,3,33,27,1,0,0,122.22,33.0
DL Vettori,2011,4,23,28,1,0,0,82.14,23.0
DL Vettori,2012,6,31,26,3,0,0,119.23,10.33
DP Conway,2022,7,252,173,6,3,0,145.66,42.0
DP Conway,2023,15,672,481,13,6,0,139.71,51.69
DP Conway,2025,6,156,119,5,2,0,131.09,31.2
DPMD Jayawardene,2008,12,179,131,7,0,0,136.64,25.57
DPMD Jayawardene,2009,10,219,165,6,1,0,132.73,36.5
DPMD Jayawardene,2010,13,445,300,10,1,1,148.33,44.5
DPMD Jayawardene,2011,13,299,257,11,3,0,116.34,27.18
DPMD Jayawardene,2012,15,335,298,10,3,0,112.42,33.5
DPMD Jayawardene,2013,15,331,313,14,2,0,105.75,23.64
DR Smith,2008,3,45,40,2,0,0,112.5,22.5
DR Smith,2009,8,215,132,8,0,0,162.88,26.88
DR Smith,2010,3,22,25,2,0,0,88.0,11.0
DR Smith,2012,6,157,98,4,1,0,160.2,39.25
DR Smith,2013,13,418,341,13,4,0,122.58,32.15
DR Smith,2014,16,566,416,16,5,0,136.06,35.38
DR Smith,2015,16,399,335,14,2,0,119.1,28.5
DR Smith,2016,12,324,221,11,3,0,146.61,29.45
DR Smith,2017,11,239,156,10,2,0,153.21,23.9
DS Kulkarni,2008,1,2,16,0,0,0,12.5,
DS Kulkarni,2009,3,9,17,2,0,0,52.94,4.5
DS Kulkarni,2011,1,2,4,1,0,0,50.0,2.0
DS Kulkarni,2012,1,10,5,0,0,0,200.0,
DS Kulkarni,2014,2,35,25,0,0,0,140.0,
DS Kulkarni,2015,2,4,11,2,0,0,36.36,2.0
DS Kulkarni,2016,5,27,16,2,0,0,168.75,13.5
DS Kulkarni,2017,1,1,2,1,0,0,50.0,1.0
DS Kulkarni,2018,2,6,7,0,0,0,85.71,
DS Kulkarni,2019,1,5,3,0,0,0,166.67,
DS Kulkarni,2020,1,3,2,0,0,0,150.0,
DT Christian,2011,13,190,159,10,0,0,119.5,19.0
DT Christian,2012,7,145,118,5,0,0,122.88,29.0
DT Christian,2013,2,6,15,2,0,0,40.0,3.0
DT Christian,2017,9,79,49,5,0,0,161.22,15.8
DT Christian,2018,3,26,33,1,0,0,78.79,26.0
DT Christian,2021,7,14,24,4,0,0,58.33,3.5
DW Steyn,2008,2,2,5,1,0,0,40.0,2.0
DW Steyn,2009,1,0,3,1,0,0,0.0,0.0
DW Steyn,2010,4,13,17,4,0,0,76.47,3.25
DW Steyn,2011,5,36,35,3,0,0,102.86,12.0
DW Steyn,2012,5,19,21,5,0,0,90.48,3.8
DW Steyn,2013,8,53,36,2,0,0,147.22,26.5
DW Steyn,2014,3,22,26,2,0,0,84.62,11.0
DW Steyn,2015,3,20,13,1,0,0,153.85,20.0
DW Steyn,2016,1,1,2,1,0,0,50.0,1.0
DW Steyn,2020,1,1,2,0,0,0,50.0,
Dhruv Jurel,2023,11,152,88,6,0,0,172.73,25.33
Dhruv Jurel,2024,11,195,141,7,2,0,138.3,27.86
Dhruv Jurel,2025,13,333,213,9,2,0,156.34,37.0
Dhruv Jurel,2026,16,515,333,14,6,0,154.65,36.79
E Lewis,2018,13,382,276,13,2,0,138.41,29.38
E Lewis,2019,3,48,52,3,0,0,92.31,16.0
E Lewis,2021,5,151,93,5,1,0,162.37,30.2
E Lewis,2022,5,73,56,3,1,0,130.36,24.33
EJG Morgan,2010,4,35,30,3,0,0,116.67,11.67
EJG Morgan,2011,9,137,117,8,1,0,117.09,17.12
EJG Morgan,2013,13,307,240,10,1,0,127.92,30.7
EJG Morgan,2015,9,187,151,8,1,0,123.84,23.38
EJG Morgan,2016,6,123,105,5,1,0,117.14,24.6
EJG Morgan,2017,4,65,62,4,0,0,104.84,16.25
EJG Morgan,2020,14,419,304,10,1,0,137.83,41.9
EJG Morgan,2021,15,133,139,11,0,0,95.68,12.09
F du Plessis,2012,12,398,304,10,3,0,130.92,39.8
F du Plessis,2014,12,303,235,9,2,0,128.94,33.67
F du Plessis,2015,15,380,304,11,1,0,125.0,34.55
F du Plessis,2016,6,206,162,6,2,0,127.16,34.33
F du Plessis,2017,1,8,7,1,0,0,114.29,8.0
F du Plessis,2018,6,162,129,5,1,0,125.58,32.4
F du Plessis,2019,12,396,321,11,3,0,123.36,36.0
F du Plessis,2020,13,449,319,10,4,0,140.75,44.9
F du Plessis,2021,16,633,458,14,6,0,138.21,45.21
F du Plessis,2022,16,468,367,15,3,0,127.52,31.2
F du Plessis,2023,14,730,475,13,8,0,153.68,56.15
F du Plessis,2024,15,438,271,14,4,0,161.62,31.29
F du Plessis,2025,9,202,163,9,2,0,123.93,22.44
FH Allen,2026,11,349,163,10,1,1,214.11,34.9
FY Fazal,2010,9,164,154,8,0,0,106.49,20.5
FY Fazal,2011,2,19,19,1,0,0,100.0,19.0
G Gambhir,2008,14,534,379,13,5,0,140.9,41.08
G Gambhir,2009,15,286,278,13,1,0,102.88,22.0
G Gambhir,2010,10,277,217,8,2,0,127.65,34.62
G Gambhir,2011,15,378,317,11,2,0,119.24,34.36
G Gambhir,2012,17,590,411,14,6,0,143.55,42.14
G Gambhir,2013,15,406,343,15,4,0,118.37,27.07
G Gambhir,2014,16,335,293,14,3,0,114.33,23.93
G Gambhir,2015,13,327,278,13,3,0,117.63,25.15
G Gambhir,2016,15,501,411,11,5,0,121.9,45.55
G Gambhir,2017,16,498,389,12,4,0,128.02,41.5
G Gambhir,2018,5,85,88,4,1,0,96.59,21.25
GC Smith,2008,11,441,362,9,3,0,121.82,49.0
GC Smith,2009,12,212,216,11,1,0,98.15,19.27
GC Smith,2010,2,44,39,2,0,0,112.82,22.0
GC Smith,2011,4,42,51,4,0,0,82.35,10.5
GD Phillips,2021,3,26,33,2,0,0,78.79,13.0
GD Phillips,2023,5,39,22,5,0,0,177.27,7.8
GD Phillips,2026,5,67,54,4,0,0,124.07,16.75
GH Vihari,2013,17,241,278,13,0,0,86.69,18.54
GH Vihari,2015,4,39,35,4,0,0,111.43,9.75
GH Vihari,2019,2,4,8,2,0,0,50.0,2.0
GJ Bailey,2009,2,45,39,2,0,0,115.38,22.5
GJ Bailey,2010,1,18,27,1,0,0,66.67,18.0
GJ Bailey,2014,16,257,190,9,0,0,135.26,28.56
GJ Bailey,2015,12,259,190,10,2,0,136.32,25.9
GJ Bailey,2016,5,84,98,4,0,0,85.71,21.0
GJ Maxwell,2012,2,6,11,1,0,0,54.55,6.0
GJ Maxwell,2013,3,36,27,2,0,0,133.33,18.0
GJ Maxwell,2014,16,552,294,16,4,0,187.76,34.5
GJ Maxwell,2015,11,146,113,11,0,0,129.2,13.27
GJ Maxwell,2016,10,179,124,9,2,0,144.35,19.89
GJ Maxwell,2017,13,310,179,10,0,0,173.18,31.0
GJ Maxwell,2018,12,169,120,10,0,0,140.83,16.9
GJ Maxwell,2020,11,108,106,7,0,0,101.89,15.43
GJ Maxwell,2021,14,513,356,11,6,0,144.1,46.64
GJ Maxwell,2022,13,301,178,10,1,0,169.1,30.1
GJ Maxwell,2023,14,400,218,12,5,0,183.49,33.33
GJ Maxwell,2024,9,52,43,9,0,0,120.93,5.78
GJ Maxwell,2025,6,48,49,6,0,0,97.96,8.0
Gurkeerat Singh,2012,4,86,52,3,0,0,165.38,28.67
Gurkeerat Singh,2013,9,108,95,8,0,0,113.68,13.5
Gurkeerat Singh,2015,5,35,39,5,0,0,89.74,7.0
Gurkeerat Singh,2016,6,113,86,5,1,0,131.4,22.6
Gurkeerat Singh,2019,3,98,70,3,1,0,140.0,32.67
Gurkeerat Singh,2020,5,71,80,0,0,0,88.75,
H Klaasen,2018,4,57,47,3,0,0,121.28,19.0
H Klaasen,2019,2,9,10,2,0,0,90.0,4.5
H Klaasen,2023,11,448,253,9,2,1,177.08,49.78
H Klaasen,2024,15,479,280,12,4,0,171.07,39.92
H Klaasen,2025,13,487,282,10,1,1,172.7,48.7
H Klaasen,2026,15,624,390,13,6,0,160.0,48.0
HC Brook,2023,11,190,154,9,0,1,123.38,21.11
HH Gibbs,2008,9,167,153,9,0,0,109.15,18.56
HH Gibbs,2009,14,371,331,11,4,0,112.08,33.73
HH Gibbs,2010,10,267,235,9,1,0,113.62,29.67
HH Gibbs,2012,3,81,88,2,1,0,92.05,40.5
HH Pandya,2015,8,112,62,5,1,0,180.65,22.4
HH Pandya,2016,9,44,63,7,0,0,69.84,6.29
HH Pandya,2017,16,250,160,7,0,0,156.25,35.71
HH Pandya,2018,13,260,195,9,1,0,133.33,28.89
HH Pandya,2019,15,409,212,9,1,0,192.92,45.44
HH Pandya,2020,13,283,160,8,1,0,176.88,35.38
HH Pandya,2021,11,127,112,9,0,0,113.39,14.11
HH Pandya,2022,15,487,371,9,4,0,131.27,54.11
HH Pandya,2023,15,346,253,11,2,0,136.76,31.45
HH Pandya,2024,13,216,151,12,0,0,143.05,18.0
HH Pandya,2025,12,224,137,9,0,0,163.5,24.89
HH Pandya,2026,10,206,149,9,0,0,138.26,22.89
HM Amla,2016,6,157,119,6,1,0,131.93,26.17
HM Amla,2017,10,420,288,7,2,2,145.83,60.0
HV Patel,2012,3,15,15,2,0,0,100.0,7.5
HV Patel,2014,3,13,7,2,0,0,185.71,6.5
HV Patel,2015,6,19,12,4,0,0,158.33,4.75
HV Patel,2018,2,60,33,0,0,0,181.82,
HV Patel,2019,1,0,2,1,0,0,0.0,0.0
HV Patel,2020,2,21,24,2,0,0,87.5,10.5
HV Patel,2021,7,59,46,4,0,0,128.26,14.75
HV Patel,2022,7,43,39,4,0,0,110.26,10.75
HV Patel,2023,2,6,6,2,0,0,100.0,3.0
HV Patel,2024,4,13,19,3,0,0,68.42,4.33
HV Patel,2025,4,21,26,2,0,0,80.77,10.5
HV Patel,2026,3,10,9,2,0,0,111.11,5.0
Harbhajan Singh,2008,3,30,17,2,0,0,176.47,15.0
Harbhajan Singh,2009,10,84,53,8,0,0,158.49,10.5
Harbhajan Singh,2010,7,105,63,5,0,0,166.67,21.0
Harbhajan Singh,2011,8,103,71,3,0,0,145.07,34.33
Harbhajan Singh,2012,11,108,80,9,0,0,135.0,12.0
Harbhajan Singh,2013,13,116,79,4,0,0,146.84,29.0
Harbhajan Singh,2014,7,28,25,6,0,0,112.0,4.67
Harbhajan Singh,2015,9,117,73,7,1,0,160.27,16.71
Harbhajan Singh,2016,7,92,84,3,0,0,109.52,30.67
Harbhajan Singh,2017,7,16,16,1,0,0,100.0,16.0
Harbhajan Singh,2018,3,29,36,2,0,0,80.56,14.5
Harbhajan Singh,2019,1,1,3,1,0,0,33.33,1.0
Harbhajan Singh,2021,2,4,4,0,0,0,100.0,
Harpreet Brar,2019,1,20,12,0,0,0,166.67,
Harpreet Brar,2021,5,64,58,0,0,0,110.34,
Harpreet Brar,2022,3,22,25,3,0,0,88.0,7.33
Harpreet Brar,2023,8,52,41,6,0,0,126.83,8.67
Harpreet Brar,2024,7,75,54,2,0,0,138.89,37.5
Harpreet Brar,2025,2,11,13,1,0,0,84.62,11.0
Harpreet Brar,2026,1,5,3,0,0,0,166.67,
Harpreet Singh,2011,2,14,20,1,0,0,70.0,14.0
Harpreet Singh,2012,1,6,6,1,0,0,100.0,6.0
Harpreet Singh,2023,3,76,59,2,0,0,128.81,38.0
Harpreet Singh,2024,2,27,34,2,0,0,79.41,13.5
IK Pathan,2008,10,131,116,5,0,0,112.93,26.2
IK Pathan,2009,12,196,158,10,0,0,124.05,19.6
IK Pathan,2010,13,276,186,7,1,0,148.39,39.43
IK Pathan,2011,12,150,138,7,0,0,108.7,21.43
IK Pathan,2012,12,176,126,7,0,0,139.68,25.14
IK Pathan,2013,13,153,156,8,0,0,98.08,19.12
IK Pathan,2014,6,55,54,2,0,0,101.85,27.5
IK Pathan,2016,3,11,13,2,0,0,84.62,5.5
IK Pathan,2017,1,2,3,1,0,0,66.67,2.0
Ishan Kishan,2016,5,42,41,4,0,0,102.44,10.5
Ishan Kishan,2017,10,277,206,10,1,0,134.47,27.7
Ishan Kishan,2018,12,275,184,12,2,0,149.46,22.92
Ishan Kishan,2019,6,101,100,5,0,0,101.0,20.2
Ishan Kishan,2020,13,516,354,9,4,0,145.76,57.33
Ishan Kishan,2021,10,241,180,9,2,0,133.89,26.78
Ishan Kishan,2022,14,418,348,13,3,0,120.11,32.15
Ishan Kishan,2023,15,454,318,15,3,0,142.77,30.27
Ishan Kishan,2024,14,320,215,14,1,0,148.84,22.86
Ishan Kishan,2025,13,354,232,10,1,1,152.59,35.4
Ishan Kishan,2026,15,602,330,14,6,0,182.42,43.0
J Botha,2009,3,47,40,2,0,0,117.5,23.5
J Botha,2011,9,230,198,5,1,0,116.16,46.0
J Botha,2012,7,58,54,4,0,0,107.41,14.5
J Botha,2013,6,43,52,6,0,0,82.69,7.17
J Botha,2015,3,31,15,3,0,0,206.67,10.33
J Fraser-McGurk,2024,9,330,141,8,4,0,234.04,41.25
J Fraser-McGurk,2025,6,55,52,6,0,0,105.77,9.17
J Overton,2025,2,15,7,0,0,0,214.29,
J Overton,2026,6,136,86,5,0,0,158.14,27.2
JA Morkel,2008,10,241,163,7,1,0,147.85,34.43
JA Morkel,2009,10,97,70,4,0,0,138.57,24.25
JA Morkel,2010,11,199,132,7,1,0,150.76,28.43
JA Morkel,2011,12,138,102,5,0,0,135.29,27.6
JA Morkel,2012,12,107,68,7,0,0,157.35,15.29
JA Morkel,2013,3,46,37,3,0,0,124.32,15.33
JA Morkel,2014,5,45,41,3,0,0,109.76,15.0
JA Morkel,2015,3,86,65,1,1,0,132.31,86.0
JA Morkel,2016,1,16,9,1,0,0,177.78,16.0
JC Archer,2018,6,15,21,5,0,0,71.43,3.0
JC Archer,2019,5,67,40,2,0,0,167.5,33.5
JC Archer,2020,10,113,63,6,0,0,179.37,18.83
JC Archer,2023,2,4,4,0,0,0,100.0,
JC Archer,2025,7,63,50,5,0,0,126.0,12.6
JC Archer,2026,10,64,47,6,0,0,136.17,10.67
JC Buttler,2016,14,255,184,11,0,0,138.59,23.18
JC Buttler,2017,10,273,179,9,1,0,152.51,30.33
JC Buttler,2018,13,548,353,10,5,0,155.24,54.8
JC Buttler,2019,8,311,205,7,3,0,151.71,44.43
JC Buttler,2020,12,328,227,10,2,0,144.49,32.8
JC Buttler,2021,7,254,166,7,0,1,153.01,36.29
JC Buttler,2022,17,863,579,15,4,4,149.05,57.53
JC Buttler,2023,14,392,282,14,4,0,139.01,28.0
JC Buttler,2024,11,359,255,9,0,2,140.78,39.89
JC Buttler,2025,13,538,330,9,5,0,163.03,59.78
JC Buttler,2026,17,526,345,14,4,0,152.46,37.57
JD Ryder,2009,5,56,49,5,0,0,114.29,11.2
JD Ryder,2011,13,292,197,13,2,0,148.22,22.46
JD Ryder,2012,11,256,212,9,2,0,120.75,28.44
JD Unadkat,2013,2,2,2,0,0,0,100.0,
JD Unadkat,2014,2,1,6,1,0,0,16.67,1.0
JD Unadkat,2017,1,2,5,0,0,0,40.0,
JD Unadkat,2018,5,49,38,4,0,0,128.95,12.25
JD Unadkat,2019,2,1,3,1,0,0,33.33,1.0
JD Unadkat,2020,1,9,13,1,0,0,69.23,9.0
JD Unadkat,2021,3,41,29,2,0,0,141.38,20.5
JD Unadkat,2022,5,59,37,1,0,0,159.46,59.0
JD Unadkat,2023,1,9,7,1,0,0,128.57,9.0
JD Unadkat,2024,5,24,26,2,0,0,92.31,12.0
JD Unadkat,2026,1,4,3,0,0,0,133.33,
JDP Oram,2008,2,18,12,1,0,0,150.0,18.0
JDP Oram,2009,8,88,93,6,0,0,94.62,14.67
JDP Oram,2011,1,0,3,1,0,0,0.0,0.0
JEC Franklin,2011,5,107,78,2,0,0,137.18,53.5
JEC Franklin,2012,11,220,223,9,1,0,98.65,24.44
JG Bethell,2025,2,67,39,2,1,0,171.79,33.5
JG Bethell,2026,7,96,77,7,0,0,124.68,13.71
JH Kallis,2008,11,199,183,10,1,0,108.74,19.9
JH Kallis,2009,15,361,332,13,3,0,108.73,27.77
JH Kallis,2010,16,572,494,12,6,0,115.79,47.67
JH Kallis,2011,14,424,378,12,4,0,112.17,35.33
JH Kallis,2012,17,409,384,16,2,0,106.51,25.56
JH Kallis,2013,15,311,322,14,0,0,96.58,22.21
JH Kallis,2014,7,151,129,6,1,0,117.05,25.17
JJ Roy,2017,3,59,40,2,0,0,147.5,29.5
JJ Roy,2018,5,120,94,4,1,0,127.66,30.0
JJ Roy,2021,5,150,121,5,1,0,123.97,30.0
JJ Roy,2023,8,285,188,8,2,0,151.6,35.62
JM Bairstow,2019,10,445,283,8,2,1,157.24,55.62
JM Bairstow,2020,11,345,272,11,3,0,126.84,31.36
JM Bairstow,2021,7,248,175,6,2,0,141.71,41.33
JM Bairstow,2022,11,253,175,11,2,0,144.57,23.0
JM Bairstow,2024,11,298,195,9,0,1,152.82,33.11
JM Bairstow,2025,2,85,46,2,0,0,184.78,42.5
JM Sharma,2022,10,234,143,8,0,0,163.64,29.25
JM Sharma,2023,14,309,198,13,0,0,156.06,23.77
JM Sharma,2024,12,187,142,11,0,0,131.69,17.0
JM Sharma,2025,11,261,148,7,1,0,176.35,37.29
JM Sharma,2026,12,116,95,9,0,0,122.11,12.89
JO Holder,2014,1,16,12,1,0,0,133.33,16.0
JO Holder,2016,4,22,19,4,0,0,115.79,5.5
JO Holder,2020,4,66,53,2,0,0,124.53,33.0
JO Holder,2021,7,85,72,6,0,0,118.06,14.17
JO Holder,2022,8,58,44,6,0,0,131.82,9.67
JO Holder,2023,3,12,11,2,0,0,109.09,6.0
JO Holder,2026,7,65,52,5,0,0,125.0,13.0
JP Duminy,2009,12,372,325,8,5,0,114.46,46.5
JP Duminy,2010,7,157,131,4,0,0,119.85,39.25
JP Duminy,2011,10,205,174,10,1,0,117.82,20.5
JP Duminy,2012,9,244,190,3,2,0,128.42,81.33
JP Duminy,2014,14,410,305,8,2,0,134.43,51.25
JP Duminy,2015,13,414,315,9,4,0,131.43,46.0
JP Duminy,2016,8,191,156,5,0,0,122.44,38.2
JP Duminy,2018,2,36,40,1,0,0,90.0,36.0
JP Faulkner,2012,2,14,13,1,0,0,107.69,14.0
JP Faulkner,2013,9,57,57,5,0,0,100.0,11.4
JP Faulkner,2014,12,181,94,4,0,0,192.55,45.25
JP Faulkner,2015,11,144,110,8,0,0,130.91,18.0
JP Faulkner,2016,5,77,59,3,0,0,130.51,25.67
JP Faulkner,2017,6,54,57,4,0,0,94.74,13.5
JP Inglis,2025,11,278,171,9,1,0,162.57,30.89
JP Inglis,2026,5,266,143,5,3,0,186.01,53.2
JR Hopes,2008,11,221,148,11,2,0,149.32,20.09
JR Hopes,2011,8,196,158,5,2,0,124.05,39.2
K Goel,2008,6,76,78,5,0,0,97.44,15.2
K Goel,2009,8,124,133,7,0,0,93.23,17.71
K Goel,2010,2,18,20,1,0,0,90.0,18.0
K Gowtham,2018,13,126,64,9,0,0,196.88,14.0
K Gowtham,2019,4,18,19,3,0,0,94.74,6.0
K Gowtham,2020,2,42,27,1,0,0,155.56,42.0
K Gowtham,2022,1,0,1,1,0,0,0.0,0.0
K Gowtham,2023,7,61,37,4,0,0,164.86,15.25
K Rabada,2017,3,55,64,3,0,0,85.94,18.33
K Rabada,2019,4,14,15,3,0,0,93.33,4.67
K Rabada,2020,6,56,49,3,0,0,114.29,18.67
K Rabada,2021,3,13,6,0,0,0,216.67,
K Rabada,2022,7,48,43,4,0,0,111.63,12.0
K Rabada,2023,2,0,2,1,0,0,0.0,0.0
K Rabada,2024,3,20,14,1,0,0,142.86,20.0
K Rabada,2025,2,9,8,1,0,0,112.5,9.0
K Rabada,2026,4,47,38,2,0,0,123.68,23.5
KA Pollard,2010,14,273,147,12,0,0,185.71,22.75
KA Pollard,2011,12,146,133,10,0,0,109.77,14.6
KA Pollard,2012,11,220,159,9,2,0,138.36,24.44
KA Pollard,2013,18,420,281,10,3,0,149.47,42.0
KA Pollard,2014,15,273,203,8,1,0,134.48,34.12
KA Pollard,2015,14,419,256,10,2,0,163.67,41.9
KA Pollard,2016,12,207,144,8,1,0,143.75,25.88
KA Pollard,2017,16,395,279,13,3,0,141.58,30.38
KA Pollard,2018,8,133,100,7,1,0,133.0,19.0
KA Pollard,2019,12,281,179,8,1,0,156.98,35.12
KA Pollard,2020,12,281,149,6,1,0,188.59,46.83
KA Pollard,2021,13,245,165,8,1,0,148.48,30.62
KA Pollard,2022,11,144,134,10,0,0,107.46,14.4
KC Sangakkara,2008,9,320,198,9,4,0,161.62,35.56
KC Sangakkara,2009,13,332,324,11,2,0,102.47,30.18
KC Sangakkara,2010,12,357,257,12,2,0,138.91,29.75
KC Sangakkara,2011,13,358,293,13,1,0,122.18,27.54
KC Sangakkara,2012,12,200,184,11,1,0,108.7,18.18
KC Sangakkara,2013,9,120,136,9,0,0,88.24,13.33
KD Karthik,2008,8,145,107,6,1,0,135.51,24.17
KD Karthik,2009,13,288,217,8,1,0,132.72,36.0
KD Karthik,2010,14,278,237,12,1,0,117.3,23.17
KD Karthik,2011,13,282,220,11,1,0,128.18,25.64
KD Karthik,2012,14,238,213,13,0,0,111.74,18.31
KD Karthik,2013,19,510,411,17,2,0,124.09,30.0
KD Karthik,2014,14,325,258,14,3,0,125.97,23.21
KD Karthik,2015,11,141,117,9,0,0,120.51,15.67
KD Karthik,2016,15,335,266,13,3,0,125.94,25.77
KD Karthik,2017,13,361,259,9,2,0,139.38,40.11
KD Karthik,2018,16,498,337,9,2,0,147.77,55.33
KD Karthik,2019,12,254,174,8,2,0,145.98,31.75
KD Karthik,2020,14,169,136,12,1,0,124.26,14.08
KD Karthik,2021,15,223,170,10,0,0,131.18,22.3
KD Karthik,2022,16,330,180,5,1,0,183.33,66.0
KD Karthik,2023,13,140,104,11,0,0,134.62,12.73
KD Karthik,2024,13,326,174,8,2,0,187.36,40.75
KH Pandya,2016,8,237,124,5,1,0,191.13,47.4
KH Pandya,2017,11,243,179,7,0,0,135.75,34.71
KH Pandya,2018,13,228,157,9,0,0,145.22,25.33
KH Pandya,2019,14,183,150,11,0,0,122.0,16.64
KH Pandya,2020,11,109,92,6,0,0,118.48,18.17
KH Pandya,2021,12,143,123,10,0,0,116.26,14.3
KH Pandya,2022,13,183,145,9,0,0,126.21,20.33
KH Pandya,2023,14,188,165,10,0,0,113.94,18.8
KH Pandya,2024,11,133,105,4,0,0,126.67,33.25
KH Pandya,2025,7,109,86,6,1,0,126.74,18.17
KH Pandya,2026,9,226,155,6,1,0,145.81,37.67
KK Cooper,2012,4,38,20,2,0,0,190.0,19.0
KK Cooper,2013,5,39,22,4,0,0,177.27,9.75
KK Cooper,2014,3,39,26,3,0,0,150.0,13.0
KK Nair,2013,2,9,12,2,0,0,75.0,4.5
KK Nair,2014,11,330,232,10,3,0,142.24,33.0
KK Nair,2015,12,181,145,10,1,0,124.83,18.1
KK Nair,2016,12,357,297,10,3,0,120.2,35.7
KK Nair,2017,13,281,226,12,1,0,124.34,23.42
KK Nair,2018,12,301,221,12,2,0,136.2,25.08
KK Nair,2019,1,5,6,1,0,0,83.33,5.0
KK Nair,2020,3,16,14,2,0,0,114.29,8.0
KK Nair,2022,2,16,18,2,0,0,88.89,8.0
KK Nair,2025,8,198,115,7,1,0,172.17,28.29
KK Nair,2026,2,18,18,2,0,0,100.0,9.0
KL Rahul,2013,2,20,16,2,0,0,125.0,10.0
KL Rahul,2014,8,166,164,8,0,0,101.22,20.75
KL Rahul,2015,8,142,126,5,0,0,112.7,28.4
KL Rahul,2016,12,397,271,9,4,0,146.49,44.11
KL Rahul,2018,14,659,416,12,6,0,158.41,54.92
KL Rahul,2019,14,593,438,11,6,1,135.39,53.91
KL Rahul,2020,14,676,524,12,5,1,129.01,56.33
KL Rahul,2021,13,626,451,9,6,0,138.8,69.56
KL Rahul,2022,14,616,455,11,4,2,135.38,56.0
KL Rahul,2023,9,274,242,8,2,0,113.22,34.25
KL Rahul,2024,14,520,382,14,4,0,136.13,37.14
KL Rahul,2025,13,546,363,9,3,1,150.41,60.67
KL Rahul,2026,14,593,340,13,5,1,174.41,45.62
KM Jadhav,2010,5,76,56,3,1,0,135.71,25.33
KM Jadhav,2011,4,18,23,3,0,0,78.26,6.0
KM Jadhav,2013,10,152,124,7,0,0,122.58,21.71
KM Jadhav,2014,10,149,101,3,0,0,147.52,49.67
KM Jadhav,2015,12,189,140,8,1,0,135.0,23.62
KM Jadhav,2016,3,42,32,0,0,0,131.25,
KM Jadhav,2017,13,267,186,11,1,0,143.55,24.27
KM Jadhav,2018,1,24,22,0,0,0,109.09,
KM Jadhav,2019,12,162,169,9,1,0,95.86,18.0
KM Jadhav,2020,5,62,66,3,0,0,93.94,20.67
KM Jadhav,2021,5,55,52,4,0,0,105.77,13.75
KM Jadhav,2023,1,12,10,0,0,0,120.0,
KP Pietersen,2009,6,93,85,6,0,0,109.41,15.5
KP Pietersen,2010,7,236,157,3,2,0,150.32,78.67
KP Pietersen,2012,8,305,207,5,1,1,147.34,61.0
KP Pietersen,2014,11,294,233,10,1,0,126.18,29.4
KP Pietersen,2016,4,73,61,3,0,0,119.67,24.33
KR Mayers,2023,13,379,263,13,4,0,144.11,29.15
KS Bharat,2021,6,191,156,5,1,0,122.44,38.2
KS Bharat,2022,2,8,7,2,0,0,114.29,4.0
KS Williamson,2015,2,31,27,1,0,0,114.81,31.0
KS Williamson,2016,6,124,122,6,1,0,101.64,20.67
KS Williamson,2017,7,256,169,5,2,0,151.48,51.2
KS Williamson,2018,17,735,516,14,8,0,142.44,52.5
KS Williamson,2019,9,156,130,7,1,0,120.0,22.29
KS Williamson,2020,11,317,237,7,3,0,133.76,45.29
KS Williamson,2021,10,270,238,6,2,0,113.45,45.0
KS Williamson,2022,12,216,231,10,1,0,93.51,21.6
KS Williamson,2024,2,27,27,2,0,0,100.0,13.5
KV Sharma,2009,1,1,3,1,0,0,33.33,1.0
KV Sharma,2013,7,85,86,4,0,0,98.84,21.25
KV Sharma,2014,8,42,29,3,0,0,144.83,14.0
KV Sharma,2015,9,104,85,6,0,0,122.35,17.33
KV Sharma,2016,3,36,30,0,0,0,120.0,
KV Sharma,2017,6,49,41,6,0,0,119.51,8.17
KV Sharma,2023,2,3,5,2,0,0,60.0,1.5
KV Sharma,2024,3,31,15,2,0,0,206.67,15.5
KV Sharma,2025,1,1,1,0,0,0,100.0,
Kamran Akmal,2008,6,128,78,4,1,0,164.1,32.0
Kartik Sharma,2026,11,295,216,9,2,0,136.57,32.78
Kuldeep Yadav,2017,2,20,22,2,0,0,90.91,10.0
Kuldeep Yadav,2018,3,12,24,1,0,0,50.0,12.0
Kuldeep Yadav,2019,3,12,8,1,0,0,150.0,12.0
Kuldeep Yadav,2020,2,13,21,0,0,0,61.9,
Kuldeep Yadav,2022,7,48,52,1,0,0,92.31,48.0
Kuldeep Yadav,2023,10,31,48,2,0,0,64.58,15.5
Kuldeep Yadav,2024,5,47,41,2,0,0,114.63,23.5
Kuldeep Yadav,2025,5,18,16,3,0,0,112.5,6.0
Kuldeep Yadav,2026,4,9,21,2,0,0,42.86,4.5
LA Pomersbach,2008,5,152,99,1,1,0,153.54,152.0
LA Pomersbach,2009,4,41,49,3,0,0,83.67,13.67
LA Pomersbach,2011,4,51,39,4,0,0,130.77,12.75
LA Pomersbach,2013,3,58,59,2,0,0,98.31,29.0
LJ Wright,2013,5,106,60,4,0,0,176.67,26.5
LMP Simmons,2014,8,394,291,7,3,1,135.4,56.29
LMP Simmons,2015,13,540,441,12,6,0,122.45,45.0
LMP Simmons,2016,1,8,8,1,0,0,100.0,8.0
LMP Simmons,2017,7,137,112,6,2,0,122.32,22.83
LR Shukla,2008,12,163,122,8,0,0,133.61,20.38
LR Shukla,2009,6,83,85,5,0,0,97.65,16.6
LR Shukla,2010,2,36,26,2,0,0,138.46,18.0
LR Shukla,2011,1,14,10,1,0,0,140.0,14.0
LR Shukla,2012,7,75,57,6,0,0,131.58,12.5
LR Shukla,2013,2,3,12,2,0,0,25.0,1.5
LR Shukla,2014,3,31,38,3,0,0,81.58,10.33
LRPL Taylor,2008,4,149,81,4,1,0,183.95,37.25
LRPL Taylor,2009,11,280,208,9,1,0,134.62,31.11
LRPL Taylor,2010,7,88,75,4,0,0,117.33,22.0
LRPL Taylor,2011,11,181,152,5,0,0,119.08,36.2
LRPL Taylor,2012,12,197,171,9,1,0,115.2,21.89
LRPL Taylor,2013,5,63,76,4,0,0,82.89,15.75
LRPL Taylor,2014,4,59,59,3,0,0,100.0,19.67
LS Livingstone,2019,4,70,48,3,0,0,145.83,23.33
LS Livingstone,2021,5,42,41,5,0,0,102.44,8.4
LS Livingstone,2022,14,437,240,12,4,0,182.08,36.42
LS Livingstone,2023,9,279,171,8,2,0,163.16,34.88
LS Livingstone,2024,7,111,78,4,0,0,142.31,27.75
LS Livingstone,2025,8,112,84,7,1,0,133.33,16.0
LS Livingstone,2026,2,15,25,2,0,0,60.0,7.5
Lalit Yadav,2021,5,68,73,2,0,0,93.15,34.0
Lalit Yadav,2022,8,161,146,6,0,0,110.27,26.83
Lalit Yadav,2023,6,66,59,5,0,0,111.86,13.2
Lalit Yadav,2024,2,10,12,2,0,0,83.33,5.0
M Jansen,2021,2,0,3,2,0,0,0.0,0.0
M Jansen,2022,2,9,7,1,0,0,128.57,9.0
M Jansen,2023,6,39,43,3,0,0,90.7,13.0
M Jansen,2024,2,18,13,1,0,0,138.46,18.0
M Jansen,2025,8,75,63,4,0,0,119.05,18.75
M Jansen,2026,5,51,45,4,0,0,113.33,12.75
M Kaif,2008,14,176,171,9,0,0,102.92,19.56
M Kaif,2010,3,28,30,3,0,0,93.33,9.33
M Kaif,2011,4,41,33,3,0,0,124.24,13.67
M Kaif,2012,1,14,16,1,0,0,87.5,14.0
M Kartik,2008,3,30,27,3,0,0,111.11,10.0
M Kartik,2009,2,21,20,0,0,0,105.0,
M Kartik,2010,2,22,22,1,0,0,100.0,22.0
M Kartik,2011,2,12,15,1,0,0,80.0,12.0
M Kartik,2012,3,26,21,0,0,0,123.81,
M Kartik,2013,2,2,3,1,0,0,66.67,2.0
M Manhas,2009,6,75,62,3,0,0,120.97,25.0
M Manhas,2010,8,157,149,4,0,0,105.37,39.25
M Manhas,2011,10,114,123,10,0,0,92.68,11.4
M Manhas,2012,7,120,96,4,0,0,125.0,30.0
M Manhas,2013,2,13,17,0,0,0,76.47,
M Manhas,2014,5,35,23,2,0,0,152.17,17.5
M Morkel,2009,1,8,8,1,0,0,100.0,8.0
M Morkel,2010,2,9,16,1,0,0,56.25,9.0
M Morkel,2011,5,40,25,2,0,0,160.0,20.0
M Morkel,2012,3,3,5,1,0,0,60.0,3.0
M Morkel,2013,6,57,29,5,0,0,196.55,11.4
M Morkel,2014,1,4,3,0,0,0,133.33,
M Morkel,2015,1,4,3,0,0,0,133.33,
M Morkel,2016,1,1,1,0,0,0,100.0,
M Shahrukh Khan,2021,10,153,114,6,0,0,134.21,25.5
M Shahrukh Khan,2022,8,117,108,7,0,0,108.33,16.71
M Shahrukh Khan,2023,12,156,94,7,0,0,165.96,22.29
M Shahrukh Khan,2024,7,127,75,5,1,0,169.33,25.4
M Shahrukh Khan,2025,11,179,100,6,1,0,179.0,29.83
M Shahrukh Khan,2026,5,43,33,3,0,0,130.3,14.33
M Vijay,2009,4,60,67,4,0,0,89.55,15.0
M Vijay,2010,15,458,292,12,2,1,156.85,38.17
M Vijay,2011,16,434,339,16,3,0,128.02,27.12
M Vijay,2012,13,336,267,12,0,1,125.84,28.0
M Vijay,2013,15,312,286,12,2,0,109.09,26.0
M Vijay,2014,11,207,192,11,1,0,107.81,18.82
M Vijay,2015,11,251,228,8,0,0,110.09,31.38
M Vijay,2016,14,453,364,12,5,0,124.45,37.75
M Vijay,2018,1,12,10,1,0,0,120.0,12.0
M Vijay,2019,2,64,61,2,0,0,104.92,32.0
M Vijay,2020,3,32,43,3,0,0,74.42,10.67
M Vohra,2013,10,161,117,7,0,0,137.61,23.0
M Vohra,2014,8,324,233,7,1,0,139.06,46.29
M Vohra,2015,7,82,81,7,0,0,101.23,11.71
M Vohra,2016,7,161,131,7,1,0,122.9,23.0
M Vohra,2017,9,229,159,9,1,0,144.03,25.44
M Vohra,2018,4,55,47,4,0,0,117.02,13.75
M Vohra,2021,4,42,39,4,0,0,107.69,10.5
M Vohra,2022,1,19,11,1,0,0,172.73,19.0
M Vohra,2023,1,10,11,1,0,0,90.91,10.0
MA Agarwal,2011,7,141,120,7,0,0,117.5,20.14
MA Agarwal,2012,12,225,158,11,1,0,142.41,20.45
MA Agarwal,2013,5,67,62,5,0,0,108.06,13.4
MA Agarwal,2014,8,115,91,8,0,0,126.37,14.38
MA Agarwal,2015,10,213,177,9,2,0,120.34,23.67
MA Agarwal,2016,3,27,25,3,0,0,108.0,9.0
MA Agarwal,2017,3,26,27,3,0,0,96.3,8.67
MA Agarwal,2018,11,120,94,10,0,0,127.66,12.0
MA Agarwal,2019,13,332,234,11,2,0,141.88,30.18
MA Agarwal,2020,11,432,273,10,2,1,158.24,43.2
MA Agarwal,2021,12,441,314,11,4,0,140.45,40.09
MA Agarwal,2022,12,196,160,12,1,0,122.5,16.33
MA Agarwal,2023,10,270,210,10,1,0,128.57,27.0
MA Agarwal,2024,4,64,57,4,0,0,112.28,16.0
MA Agarwal,2025,4,95,64,3,0,0,148.44,31.67
MA Starc,2014,8,85,84,5,0,0,101.19,17.0
MA Starc,2015,3,11,14,1,0,0,78.57,11.0
MA Starc,2024,5,9,11,2,0,0,81.82,4.5
MA Starc,2025,5,6,10,2,0,0,60.0,3.0
MA Starc,2026,1,0,2,1,0,0,0.0,0.0
MC Henriques,2009,3,38,40,2,0,0,95.0,19.0
MC Henriques,2010,1,11,5,1,0,0,220.0,11.0
MC Henriques,2013,9,165,125,4,0,0,132.0,41.25
MC Henriques,2014,2,9,14,2,0,0,64.29,4.5
MC Henriques,2015,9,287,211,7,2,0,136.02,41.0
MC Henriques,2016,15,182,158,12,0,0,115.19,15.17
MC Henriques,2017,11,277,203,6,3,0,136.45,46.17
MC Henriques,2021,4,31,32,2,0,0,96.88,15.5
MC Juneja,2013,7,125,128,7,0,0,97.66,17.86
MD Choudhary,2026,10,170,120,6,1,0,141.67,28.33
MD Mishra,2010,11,166,144,10,0,0,115.28,16.6
MD Mishra,2011,5,67,60,4,0,0,111.67,16.75
MD Mishra,2012,1,4,4,1,0,0,100.0,4.0
MEK Hussey,2008,3,168,100,2,0,1,168.0,84.0
MEK Hussey,2010,3,37,44,2,0,0,84.09,18.5
MEK Hussey,2011,14,492,414,12,4,0,118.84,41.0
MEK Hussey,2012,8,261,236,8,2,0,110.59,32.62
MEK Hussey,2013,17,733,566,13,6,0,129.51,56.38
MEK Hussey,2014,9,209,182,8,2,0,114.84,26.12
MEK Hussey,2015,4,77,70,4,1,0,110.0,19.25
MF Maharoof,2008,8,125,79,6,0,0,158.23,20.83
MF Maharoof,2009,2,21,21,1,0,0,100.0,21.0
MF Maharoof,2010,4,31,23,3,0,0,134.78,10.33
MG Johnson,2013,6,39,36,4,0,0,108.33,9.75
MG Johnson,2014,8,56,50,3,0,0,112.0,18.67
MG Johnson,2015,8,31,36,4,0,0,86.11,7.75
MG Johnson,2016,2,5,14,2,0,0,35.71,2.5
MG Johnson,2017,2,20,17,0,0,0,117.65,
MG Johnson,2018,2,16,11,0,0,0,145.45,
MJ Guptill,2016,3,57,55,3,0,0,103.64,19.0
MJ Guptill,2017,7,132,88,6,1,0,150.0,22.0
MJ Guptill,2019,3,82,54,3,0,0,151.85,27.33
MJ Lumb,2010,11,278,192,9,1,0,144.79,30.89
MJ Lumb,2011,1,0,2,1,0,0,0.0,0.0
MJ Santner,2019,2,32,23,1,0,0,139.13,32.0
MJ Santner,2022,4,22,27,2,0,0,81.48,11.0
MJ Santner,2023,2,2,4,0,0,0,50.0,
MJ Santner,2024,3,14,17,3,0,0,82.35,4.67
MJ Santner,2025,8,40,33,2,0,0,121.21,20.0
MJ Santner,2026,2,26,19,0,0,0,136.84,
MK Lomror,2018,2,20,21,1,0,0,95.24,20.0
MK Lomror,2019,1,8,3,1,0,0,266.67,8.0
MK Lomror,2020,3,59,54,3,0,0,109.26,19.67
MK Lomror,2021,4,94,73,3,0,0,128.77,31.33
MK Lomror,2022,5,86,57,5,0,0,150.88,17.2
MK Lomror,2023,10,135,97,8,1,0,139.18,16.88
MK Lomror,2024,10,125,68,8,0,0,183.82,15.62
MK Pandey,2008,2,3,9,2,0,0,33.33,1.5
MK Pandey,2009,4,168,118,2,0,1,142.37,84.0
MK Pandey,2010,13,249,226,11,0,0,110.18,22.64
MK Pandey,2011,9,246,227,9,1,0,108.37,27.33
MK Pandey,2012,9,143,112,7,1,0,127.68,20.43
MK Pandey,2013,7,136,137,6,1,0,99.27,22.67
MK Pandey,2014,16,409,343,13,2,0,119.24,31.46
MK Pandey,2015,12,225,184,10,0,0,122.28,22.5
MK Pandey,2016,11,248,183,8,2,0,135.52,31.0
MK Pandey,2017,12,396,308,8,2,0,128.57,49.5
MK Pandey,2018,13,284,246,11,3,0,115.45,25.82
MK Pandey,2019,11,345,264,9,3,0,130.68,38.33
MK Pandey,2020,15,425,333,13,3,0,127.63,32.69
MK Pandey,2021,8,292,236,6,3,0,123.73,48.67
MK Pandey,2022,6,88,80,6,0,0,110.0,14.67
MK Pandey,2023,9,160,146,9,1,0,109.59,17.78
MK Pandey,2024,1,42,31,1,0,0,135.48,42.0
MK Pandey,2025,3,92,65,2,0,0,141.54,46.0
MK Pandey,2026,2,70,49,2,0,0,142.86,35.0
MK Tiwary,2008,7,104,85,3,0,0,122.35,34.67
MK Tiwary,2009,1,9,13,1,0,0,69.23,9.0
MK Tiwary,2010,11,237,186,9,2,0,127.42,26.33
MK Tiwary,2011,13,359,325,7,1,0,110.46,51.29
MK Tiwary,2012,15,260,246,10,1,0,105.69,26.0
MK Tiwary,2013,9,146,140,8,0,0,104.29,18.25
MK Tiwary,2014,8,152,118,5,1,0,128.81,30.4
MK Tiwary,2015,2,57,56,2,0,0,101.79,28.5
MK Tiwary,2017,13,324,236,9,2,0,137.29,36.0
MK Tiwary,2018,4,47,44,3,0,0,106.82,15.67
ML Hayden,2008,4,189,131,2,2,0,144.27,94.5
ML Hayden,2009,12,572,395,10,5,0,144.81,57.2
ML Hayden,2010,16,346,280,15,1,0,123.57,23.07
MM Ali,2018,4,77,46,4,1,0,167.39,19.25
MM Ali,2019,10,220,133,6,2,0,165.41,36.67
MM Ali,2020,3,12,16,3,0,0,75.0,4.0
MM Ali,2021,15,357,260,14,1,0,137.31,25.5
MM Ali,2022,10,244,177,10,1,0,137.85,24.4
MM Ali,2023,10,124,91,7,0,0,136.26,17.71
MM Ali,2024,5,128,98,5,1,0,130.61,25.6
MM Ali,2025,2,5,14,2,0,0,35.71,2.5
MM Sharma,2013,2,0,5,1,0,0,0.0,0.0
MM Sharma,2014,1,1,3,0,0,0,33.33,
MM Sharma,2015,5,28,18,2,0,0,155.56,14.0
MM Sharma,2016,5,32,26,4,0,0,123.08,8.0
MM Sharma,2017,7,51,50,6,0,0,102.0,8.5
MM Sharma,2018,4,10,13,1,0,0,76.92,10.0
MM Sharma,2019,1,0,2,0,0,0,0.0,
MM Sharma,2023,1,0,1,0,0,0,0.0,
MM Sharma,2024,2,2,15,2,0,0,13.33,1.0
MM Sharma,2025,2,1,3,1,0,0,33.33,1.0
MN Samuels,2012,8,124,123,6,0,0,100.81,20.67
MN Samuels,2013,2,8,18,2,0,0,44.44,4.0
MN Samuels,2017,4,29,31,3,0,0,93.55,9.67
MN van Wyk,2009,5,167,132,3,1,0,126.52,55.67
MP Stoinis,2016,5,146,108,4,1,0,135.19,36.5
MP Stoinis,2017,3,17,24,3,0,0,70.83,5.67
MP Stoinis,2018,7,99,76,4,0,0,130.26,24.75
MP Stoinis,2019,10,211,156,4,0,0,135.26,52.75
MP Stoinis,2020,17,352,237,14,3,0,148.52,25.14
MP Stoinis,2021,7,89,72,4,0,0,123.61,22.25
MP Stoinis,2022,10,156,106,7,0,0,147.17,22.29
MP Stoinis,2023,15,408,272,13,3,0,150.0,31.38
MP Stoinis,2024,14,388,263,12,2,1,147.53,32.33
MP Stoinis,2025,11,160,86,6,0,0,186.05,26.67
MP Stoinis,2026,9,216,120,6,1,0,180.0,36.0
MR Marsh,2010,2,28,30,2,0,0,93.33,14.0
MR Marsh,2011,3,50,49,2,0,0,102.04,25.0
MR Marsh,2013,8,140,106,6,0,0,132.08,23.33
MR Marsh,2016,1,7,11,1,0,0,63.64,7.0
MR Marsh,2020,1,0,1,1,0,0,0.0,0.0
MR Marsh,2022,8,251,189,7,2,0,132.8,35.86
MR Marsh,2023,9,128,97,8,1,0,131.96,16.0
MR Marsh,2024,4,61,38,4,0,0,160.53,15.25
MR Marsh,2025,13,627,383,13,6,1,163.71,48.23
MR Marsh,2026,13,563,345,12,3,1,163.19,46.92
MS Bisla,2010,10,218,178,9,1,0,122.47,24.22
MS Bisla,2011,5,72,89,4,0,0,80.9,18.0
MS Bisla,2012,7,213,160,7,1,0,133.12,30.43
MS Bisla,2013,14,255,236,13,2,0,108.05,19.62
MS Bisla,2014,1,3,9,1,0,0,33.33,3.0
MS Bisla,2015,2,37,30,2,0,0,123.33,18.5
MS Dhoni,2008,14,414,310,10,2,0,133.55,41.4
MS Dhoni,2009,13,332,261,8,2,0,127.2,41.5
MS Dhoni,2010,11,287,210,9,2,0,136.67,31.89
MS Dhoni,2011,13,392,247,9,2,0,158.7,43.56
MS Dhoni,2012,17,358,278,11,1,0,128.78,32.55
MS Dhoni,2013,16,461,283,10,4,0,162.9,46.1
MS Dhoni,2014,15,371,250,5,1,0,148.4,74.2
MS Dhoni,2015,17,372,305,12,1,0,121.97,31.0
MS Dhoni,2016,12,284,210,7,1,0,135.24,40.57
MS Dhoni,2017,15,290,250,11,1,0,116.0,26.36
MS Dhoni,2018,15,455,302,6,3,0,150.66,75.83
MS Dhoni,2019,12,416,309,4,3,0,134.63,104.0
MS Dhoni,2020,12,200,172,8,0,0,116.28,25.0
MS Dhoni,2021,11,114,107,7,0,0,106.54,16.29
MS Dhoni,2022,12,232,188,7,1,0,123.4,33.14
MS Dhoni,2023,12,104,57,4,0,0,182.46,26.0
MS Dhoni,2024,11,161,73,3,0,0,220.55,53.67
MS Dhoni,2025,13,196,145,8,0,0,135.17,24.5
MS Wade,2011,3,22,33,3,0,0,66.67,7.33
MS Wade,2022,10,157,138,9,0,0,113.77,17.44
MS Wade,2024,1,4,6,1,0,0,66.67,4.0
MV Boucher,2008,10,225,177,7,1,0,127.12,32.14
MV Boucher,2009,9,150,116,5,0,0,129.31,30.0
MV Boucher,2010,2,13,10,1,0,0,130.0,13.0
MV Boucher,2011,2,6,6,1,0,0,100.0,6.0
MW Short,2023,6,117,92,6,0,0,127.17,19.5
MW Short,2026,3,60,51,3,0,0,117.65,20.0
Mandeep Singh,2010,2,4,11,2,0,0,36.36,2.0
Mandeep Singh,2011,5,47,41,4,0,0,114.63,11.75
Mandeep Singh,2012,16,432,342,16,2,0,126.32,27.0
Mandeep Singh,2013,14,260,223,12,1,0,116.59,21.67
Mandeep Singh,2014,3,24,26,3,0,0,92.31,8.0
Mandeep Singh,2015,8,157,100,6,1,0,157.0,26.17
Mandeep Singh,2017,10,188,177,10,1,0,106.21,18.8
Mandeep Singh,2018,13,252,186,10,0,0,135.48,25.2
Mandeep Singh,2019,12,165,120,4,0,0,137.5,41.25
Mandeep Singh,2020,7,130,109,6,1,0,119.27,21.67
Mandeep Singh,2021,1,15,14,1,0,0,107.14,15.0
Mandeep Singh,2022,3,18,23,3,0,0,78.26,6.0
Mandeep Singh,2023,3,14,16,3,0,0,87.5,4.67
Misbah-ul-Haq,2008,8,117,81,7,0,0,144.44,16.71
Mohammad Nabi,2017,1,2,3,1,0,0,66.67,2.0
Mohammad Nabi,2018,2,18,12,2,0,0,150.0,9.0
Mohammad Nabi,2019,7,121,78,5,0,0,155.13,24.2
Mohammad Nabi,2020,1,11,8,0,0,0,137.5,
Mohammad Nabi,2021,3,34,20,3,0,0,170.0,11.33
Mohammad Nabi,2024,5,35,31,4,0,0,112.9,8.75
Mohammed Shami,2013,1,5,10,1,0,0,50.0,5.0
Mohammed Shami,2014,4,3,7,2,0,0,42.86,1.5
Mohammed Shami,2016,2,2,4,0,0,0,50.0,
Mohammed Shami,2017,6,36,24,4,0,0,150.0,9.0
Mohammed Shami,2018,1,7,6,1,0,0,116.67,7.0
Mohammed Shami,2019,2,1,2,1,0,0,50.0,1.0
Mohammed Shami,2020,2,2,3,1,0,0,66.67,2.0
Mohammed Shami,2021,3,13,17,1,0,0,76.47,13.0
Mohammed Shami,2023,2,5,6,2,0,0,83.33,2.5
Mohammed Shami,2025,4,10,10,1,0,0,100.0,10.0
Mohammed Shami,2026,7,31,22,5,0,0,140.91,6.2
Mohammed Siraj,2018,3,25,22,2,0,0,113.64,12.5
Mohammed Siraj,2019,3,4,14,1,0,0,28.57,4.0
Mohammed Siraj,2020,3,17,14,1,0,0,121.43,17.0
Mohammed Siraj,2021,4,20,26,1,0,0,76.92,20.0
Mohammed Siraj,2022,4,30,33,2,0,0,90.91,15.0
Mohammed Siraj,2023,2,1,2,1,0,0,50.0,1.0
Mohammed Siraj,2024,1,12,8,1,0,0,150.0,12.0
Mohammed Siraj,2025,1,3,4,0,0,0,75.0,
Mohammed Siraj,2026,2,5,16,2,0,0,31.25,2.5
N Jagadeesan,2020,2,33,29,2,0,0,113.79,16.5
N Jagadeesan,2022,2,40,37,1,0,0,108.11,40.0
N Jagadeesan,2023,6,89,81,6,0,0,109.88,14.83
N Pooran,2019,6,168,107,6,0,0,157.01,28.0
N Pooran,2020,14,353,210,10,2,0,168.1,35.3
N Pooran,2021,10,85,76,10,0,0,111.84,8.5
N Pooran,2022,13,306,212,8,2,0,144.34,38.25
N Pooran,2023,15,358,207,11,2,0,172.95,32.55
N Pooran,2024,14,499,280,8,3,0,178.21,62.38
N Pooran,2025,14,524,267,11,5,0,196.25,47.64
N Pooran,2026,14,234,184,13,1,0,127.17,18.0
N Rana,2016,3,104,75,3,1,0,138.67,34.67
N Rana,2017,12,333,264,11,3,0,126.14,30.27
N Rana,2018,15,304,232,14,1,0,131.03,21.71
N Rana,2019,11,344,235,10,3,0,146.38,34.4
N Rana,2020,14,352,254,13,3,0,138.58,27.08
N Rana,2021,16,383,314,13,2,0,121.97,29.46
N Rana,2022,14,361,251,13,2,0,143.82,27.77
N Rana,2023,14,413,293,13,3,0,140.96,31.77
N Rana,2024,2,42,34,2,0,0,123.53,21.0
N Rana,2025,11,217,134,10,2,0,161.94,21.7
N Rana,2026,9,225,149,9,2,0,151.01,25.0
N Saini,2012,10,140,141,10,1,0,99.29,14.0
N Wadhera,2023,10,241,166,9,2,0,145.18,26.78
N Wadhera,2024,6,109,84,6,0,0,129.76,18.17
N Wadhera,2025,15,369,253,11,2,0,145.85,33.55
N Wadhera,2026,6,65,57,6,0,0,114.04,10.83
NK Patel,2008,4,103,81,2,1,0,127.16,51.5
NK Patel,2009,2,18,38,2,0,0,47.37,9.0
NLTC Perera,2011,2,23,27,2,0,0,85.19,11.5
NLTC Perera,2012,2,4,9,1,0,0,44.44,4.0
NLTC Perera,2013,14,235,165,10,0,0,142.42,23.5
NLTC Perera,2015,2,12,15,2,0,0,80.0,6.0
NLTC Perera,2016,10,150,93,7,0,0,161.29,21.43
NV Ojha,2009,8,168,144,7,2,0,116.67,24.0
NV Ojha,2010,14,377,285,11,2,0,132.28,34.27
NV Ojha,2011,14,160,161,13,0,0,99.38,12.31
NV Ojha,2012,16,255,224,11,1,0,113.84,23.18
NV Ojha,2013,2,9,10,1,0,0,90.0,9.0
NV Ojha,2014,10,232,161,6,1,0,144.1,38.67
NV Ojha,2015,11,137,121,9,0,0,113.22,15.22
NV Ojha,2016,13,136,138,9,0,0,98.55,15.11
NV Ojha,2017,5,79,65,4,0,0,121.54,19.75
NV Ojha,2018,1,1,4,1,0,0,25.0,1.0
Naman Dhir,2024,7,140,79,6,1,0,177.22,23.33
Naman Dhir,2025,12,252,138,8,0,0,182.61,31.5
Naman Dhir,2026,14,318,216,12,2,0,147.22,26.5
Nithish Kumar Reddy,2024,11,303,212,9,2,0,142.92,33.67
Nithish Kumar Reddy,2025,11,182,153,8,0,0,118.95,22.75
Nithish Kumar Reddy,2026,13,302,176,10,1,0,171.59,30.2
OA Shah,2010,5,115,95,2,1,0,121.05,57.5
OA Shah,2011,2,26,15,1,0,0,173.33,26.0
OA Shah,2012,13,340,256,7,3,0,132.81,48.57
OA Shah,2013,2,25,23,2,0,0,108.7,12.5
P Dogra,2010,8,107,106,5,0,0,100.94,21.4
P Dogra,2012,3,15,24,2,0,0,62.5,7.5
P Dogra,2013,1,5,8,1,0,0,62.5,5.0
P Kumar,2008,12,112,98,9,0,0,114.29,12.44
P Kumar,2009,8,65,46,5,0,0,141.3,13.0
P Kumar,2010,3,4,8,2,0,0,50.0,2.0
P Kumar,2011,7,27,31,3,0,0,87.1,9.0
P Kumar,2012,7,35,30,2,0,0,116.67,17.5
P Kumar,2013,7,47,39,5,0,0,120.51,9.4
P Kumar,2014,1,1,2,1,0,0,50.0,1.0
P Kumar,2015,4,17,25,2,0,0,68.0,8.5
P Kumar,2016,6,24,26,4,0,0,92.31,6.0
P Kumar,2017,2,8,9,1,0,0,88.89,8.0
P Negi,2012,4,36,29,1,0,0,124.14,36.0
P Negi,2015,9,116,73,6,0,0,158.9,19.33
P Negi,2016,6,57,59,2,0,0,96.61,28.5
P Negi,2017,10,144,111,8,0,0,129.73,18.0
P Negi,2018,2,3,5,1,0,0,60.0,3.0
P Negi,2019,4,9,12,4,0,0,75.0,2.25
P Nissanka,2026,10,278,175,10,2,0,158.86,27.8
P Simran Singh,2019,1,16,17,1,0,0,94.12,16.0
P Simran Singh,2020,2,15,15,2,0,0,100.0,7.5
P Simran Singh,2021,2,19,23,2,0,0,82.61,9.5
P Simran Singh,2022,1,14,11,1,0,0,127.27,14.0
P Simran Singh,2023,14,358,238,14,1,1,150.42,25.57
P Simran Singh,2024,14,334,213,13,2,0,156.81,25.69
P Simran Singh,2025,18,599,370,17,5,0,161.89,35.24
P Simran Singh,2026,13,510,302,12,6,0,168.87,42.5
PA Patel,2008,13,302,297,11,2,0,101.68,27.45
PA Patel,2009,9,142,126,8,0,0,112.7,17.75
PA Patel,2010,4,72,79,4,1,0,91.14,18.0
PA Patel,2011,13,202,183,9,0,0,110.38,22.44
PA Patel,2012,12,194,165,11,0,0,117.58,17.64
PA Patel,2013,13,294,255,12,1,0,115.29,24.5
PA Patel,2014,12,205,185,9,1,0,110.81,22.78
PA Patel,2015,14,339,246,12,2,0,137.8,28.25
PA Patel,2016,10,177,152,10,1,0,116.45,17.7
PA Patel,2017,16,395,293,16,2,0,134.81,24.69
PA Patel,2018,6,153,109,5,1,0,140.37,30.6
PA Patel,2019,14,373,268,14,2,0,139.18,26.64
PA Reddy,2012,3,73,59,3,0,0,123.73,24.33
PA Reddy,2013,7,91,101,7,0,0,90.1,13.0
PBB Rajapaksa,2022,9,206,129,9,0,0,159.69,22.89
PBB Rajapaksa,2023,4,71,62,3,1,0,114.52,23.67
PC Valthaty,2009,2,6,12,2,0,0,50.0,3.0
PC Valthaty,2011,14,463,338,13,2,1,136.98,35.62
PC Valthaty,2012,6,30,51,6,0,0,58.82,5.0
PC Valthaty,2013,1,6,17,1,0,0,35.29,6.0
PD Collingwood,2010,7,203,156,4,3,0,130.13,50.75
PD Salt,2023,9,218,133,8,2,0,163.91,27.25
PD Salt,2024,12,435,239,11,4,0,182.01,39.55
PD Salt,2025,13,403,229,12,4,0,175.98,33.58
PD Salt,2026,6,202,120,6,2,0,168.33,33.67
PJ Cummins,2015,1,0,2,1,0,0,0.0,0.0
PJ Cummins,2017,8,77,53,5,0,0,145.28,15.4
PJ Cummins,2020,10,146,114,7,1,0,128.07,20.86
PJ Cummins,2021,5,93,56,3,1,0,166.07,31.0
PJ Cummins,2022,5,63,24,4,1,0,262.5,15.75
PJ Cummins,2024,10,136,95,5,0,0,143.16,27.2
PJ Cummins,2025,9,97,58,4,0,0,167.24,24.25
PJ Cummins,2026,3,30,19,3,0,0,157.89,10.0
PK Garg,2020,10,133,111,9,1,0,119.82,14.78
PK Garg,2021,5,72,74,5,0,0,97.3,14.4
PK Garg,2022,2,46,33,2,0,0,139.39,23.0
PK Garg,2023,2,22,23,2,0,0,95.65,11.0
PP Chawla,2008,7,90,59,4,0,0,152.54,22.5
PP Chawla,2009,8,31,36,3,0,0,86.11,10.33
PP Chawla,2010,6,62,60,5,0,0,103.33,12.4
PP Chawla,2011,6,48,55,3,0,0,87.27,16.0
PP Chawla,2012,12,106,88,8,0,0,120.45,13.25
PP Chawla,2013,10,64,57,6,0,0,112.28,10.67
PP Chawla,2014,5,31,19,2,0,0,163.16,15.5
PP Chawla,2015,7,54,47,4,0,0,114.89,13.5
PP Chawla,2016,3,27,26,3,0,0,103.85,9.0
PP Chawla,2017,1,2,6,1,0,0,33.33,2.0
PP Chawla,2018,5,27,34,4,0,0,79.41,6.75
PP Chawla,2019,5,42,37,3,0,0,113.51,14.0
PP Chawla,2021,1,0,2,1,0,0,0.0,0.0
PP Chawla,2023,4,25,22,2,0,0,113.64,12.5
PP Chawla,2024,6,15,15,4,0,0,100.0,3.75
PP Shaw,2018,9,245,160,8,2,0,153.12,30.62
PP Shaw,2019,16,353,264,15,2,0,133.71,23.53
PP Shaw,2020,13,228,167,13,2,0,136.53,17.54
PP Shaw,2021,15,479,301,14,4,0,159.14,34.21
PP Shaw,2022,10,283,185,10,2,0,152.97,28.3
PP Shaw,2023,8,106,85,8,1,0,124.71,13.25
PP Shaw,2024,8,198,121,8,1,0,163.64,24.75
Priyansh Arya,2025,18,545,299,18,3,1,182.27,30.28
Priyansh Arya,2026,13,364,172,13,3,0,211.63,28.0
Q de Kock,2013,3,6,15,3,0,0,40.0,2.0
Q de Kock,2014,7,153,130,6,0,0,117.69,25.5
Q de Kock,2015,3,122,77,3,2,0,158.44,40.67
Q de Kock,2016,13,445,327,12,3,1,136.09,37.08
Q de Kock,2018,8,201,162,7,1,0,124.07,28.71
Q de Kock,2019,16,529,398,14,4,0,132.91,37.79
Q de Kock,2020,16,506,361,14,4,0,140.17,36.14
Q de Kock,2021,11,297,256,10,2,0,116.02,29.7
Q de Kock,2022,15,508,341,14,3,1,148.97,36.29
Q de Kock,2023,4,143,102,4,1,0,140.2,35.75
Q de Kock,2024,11,250,186,11,3,0,134.41,22.73
Q de Kock,2025,8,152,117,7,1,0,129.91,21.71
Q de Kock,2026,3,132,81,2,0,1,162.96,66.0
R Ashwin,2009,1,8,15,1,0,0,53.33,8.0
R Ashwin,2010,6,30,40,3,0,0,75.0,10.0
R Ashwin,2011,2,2,6,2,0,0,33.33,1.0
R Ashwin,2012,5,18,15,3,0,0,120.0,6.0
R Ashwin,2013,5,35,49,4,0,0,71.43,8.75
R Ashwin,2014,5,45,45,2,0,0,100.0,22.5
R Ashwin,2015,6,52,32,3,0,0,162.5,17.33
R Ashwin,2016,6,41,38,2,0,0,107.89,20.5
R Ashwin,2018,8,102,71,8,0,0,143.66,12.75
R Ashwin,2019,6,42,28,5,0,0,150.0,8.4
R Ashwin,2020,5,37,34,3,0,0,108.82,12.33
R Ashwin,2021,5,44,42,3,0,0,104.76,14.67
R Ashwin,2022,12,191,135,7,1,0,141.48,27.29
R Ashwin,2023,9,67,51,5,0,0,131.37,13.4
R Ashwin,2024,8,86,74,6,0,0,116.22,14.33
R Ashwin,2025,4,33,30,4,0,0,110.0,8.25
R Bhatia,2008,3,34,28,2,0,0,121.43,17.0
R Bhatia,2009,5,8,18,5,0,0,44.44,1.6
R Bhatia,2010,3,24,17,3,0,0,141.18,8.0
R Bhatia,2011,6,25,22,2,0,0,113.64,12.5
R Bhatia,2012,6,35,28,3,0,0,125.0,11.67
R Bhatia,2013,10,99,80,6,0,0,123.75,16.5
R Bhatia,2014,7,67,53,5,0,0,126.42,13.4
R Bhatia,2015,1,0,1,1,0,0,0.0,0.0
R Bhatia,2016,5,34,20,1,0,0,170.0,34.0
R Bhatia,2017,1,16,17,1,0,0,94.12,16.0
R Dhawan,2013,4,21,21,3,0,0,100.0,7.0
R Dhawan,2014,6,82,75,2,0,0,109.33,41.0
R Dhawan,2015,4,36,33,2,0,0,109.09,18.0
R Dhawan,2016,2,14,6,0,0,0,233.33,
R Dhawan,2022,4,37,40,2,0,0,92.5,18.5
R Dhawan,2023,2,20,12,1,0,0,166.67,20.0
R Dravid,2008,14,371,298,13,2,0,124.5,28.54
R Dravid,2009,12,271,234,11,1,0,115.81,24.64
R Dravid,2010,11,256,199,9,1,0,128.64,28.44
R Dravid,2011,12,343,314,11,1,0,109.24,31.18
R Dravid,2012,16,462,412,15,2,0,112.14,30.8
R Dravid,2013,17,471,425,16,4,0,110.82,29.44
R McLaren,2010,7,66,69,3,0,0,95.65,22.0
R McLaren,2011,4,90,96,3,1,0,93.75,30.0
R McLaren,2013,2,3,6,2,0,0,50.0,1.5
R Parag,2019,5,160,126,4,1,0,126.98,40.0
R Parag,2020,8,86,77,6,0,0,111.69,14.33
R Parag,2021,10,93,83,8,0,0,112.05,11.62
R Parag,2022,14,183,132,10,1,0,138.64,18.3
R Parag,2023,7,78,66,6,0,0,118.18,13.0
R Parag,2024,14,573,384,11,4,0,149.22,52.09
R Parag,2025,14,397,238,12,1,0,166.81,33.08
R Parag,2026,14,309,196,13,2,0,157.65,23.77
R Powell,2022,12,250,167,10,1,0,149.7,25.0
R Powell,2023,3,7,9,3,0,0,77.78,2.33
R Powell,2024,7,103,68,6,0,0,151.47,17.17
R Powell,2025,1,5,5,1,0,0,100.0,5.0
R Powell,2026,7,190,141,4,0,0,134.75,47.5
R Ravindra,2024,10,222,138,9,1,0,160.87,24.67
R Ravindra,2025,8,191,149,7,1,0,128.19,27.29
R Sathish,2010,10,112,96,6,0,0,116.67,18.67
R Sathish,2011,3,25,34,2,0,0,73.53,12.5
R Sathish,2013,8,109,77,5,0,0,141.56,21.8
R Sathish,2016,3,24,24,3,0,0,100.0,8.0
R Shepherd,2022,3,58,41,2,0,0,141.46,29.0
R Shepherd,2023,1,0,1,1,0,0,0.0,0.0
R Shepherd,2024,5,57,21,2,0,0,271.43,28.5
R Shepherd,2025,3,70,24,2,1,0,291.67,35.0
R Shepherd,2026,7,83,66,4,0,0,125.76,20.75
R Tewatia,2014,1,16,13,1,0,0,123.08,16.0
R Tewatia,2017,2,19,11,1,0,0,172.73,19.0
R Tewatia,2018,5,50,43,3,0,0,116.28,16.67
R Tewatia,2019,4,26,22,1,0,0,118.18,26.0
R Tewatia,2020,11,255,183,6,1,0,139.34,42.5
R Tewatia,2021,11,155,147,10,0,0,105.44,15.5
R Tewatia,2022,12,217,147,7,0,0,147.62,31.0
R Tewatia,2023,10,87,57,4,0,0,152.63,21.75
R Tewatia,2024,9,188,129,7,0,0,145.74,26.86
R Tewatia,2025,11,99,59,6,0,0,167.8,16.5
R Tewatia,2026,15,190,132,7,1,0,143.94,27.14
R Vinay Kumar,2008,4,25,22,3,0,0,113.64,8.33
R Vinay Kumar,2009,7,47,44,4,0,0,106.82,11.75
R Vinay Kumar,2010,5,27,32,3,0,0,84.38,9.0
R Vinay Kumar,2011,7,50,47,5,0,0,106.38,10.0
R Vinay Kumar,2012,7,68,62,5,0,0,109.68,13.6
R Vinay Kumar,2013,5,70,44,1,0,0,159.09,70.0
R Vinay Kumar,2014,2,4,6,2,0,0,66.67,2.0
R Vinay Kumar,2015,2,0,2,1,0,0,0.0,0.0
R Vinay Kumar,2016,2,13,12,1,0,0,108.33,13.0
R Vinay Kumar,2018,1,6,3,0,0,0,200.0,
RA Jadeja,2008,9,135,103,7,0,0,131.07,19.29
RA Jadeja,2009,13,295,266,11,0,0,110.9,26.82
RA Jadeja,2011,12,283,228,9,0,0,124.12,31.44
RA Jadeja,2012,14,191,151,12,0,0,126.49,15.92
RA Jadeja,2013,14,201,135,8,0,0,148.89,25.12
RA Jadeja,2014,10,146,110,5,0,0,132.73,29.2
RA Jadeja,2015,11,132,126,7,0,0,104.76,18.86
RA Jadeja,2016,15,191,177,8,0,0,107.91,23.88
RA Jadeja,2017,10,158,113,4,0,0,139.82,39.5
RA Jadeja,2018,8,89,74,5,0,0,120.27,17.8
RA Jadeja,2019,9,106,88,2,0,0,120.45,53.0
RA Jadeja,2020,11,232,135,5,1,0,171.85,46.4
RA Jadeja,2021,11,227,156,3,1,0,145.51,75.67
RA Jadeja,2022,10,116,98,6,0,0,118.37,19.33
RA Jadeja,2023,12,190,133,8,0,0,142.86,23.75
RA Jadeja,2024,11,267,187,6,1,0,142.78,44.5
RA Jadeja,2025,14,301,222,9,2,0,135.59,33.44
RA Jadeja,2026,11,266,197,4,0,0,135.03,66.5
RA Tripathi,2017,14,391,267,12,2,0,146.44,32.58
RA Tripathi,2018,12,226,167,9,1,0,135.33,25.11
RA Tripathi,2019,7,141,118,6,1,0,119.49,23.5
RA Tripathi,2020,11,230,181,10,1,0,127.07,23.0
RA Tripathi,2021,16,397,283,14,2,0,140.28,28.36
RA Tripathi,2022,14,413,261,12,3,0,158.24,34.42
RA Tripathi,2023,13,273,213,12,1,0,128.17,22.75
RA Tripathi,2024,6,165,115,5,1,0,143.48,33.0
RA Tripathi,2025,5,55,57,5,0,0,96.49,11.0
RD Chahar,2017,1,3,2,0,0,0,150.0,
RD Chahar,2019,4,12,11,2,0,0,109.09,6.0
RD Chahar,2020,1,2,4,0,0,0,50.0,
RD Chahar,2021,4,14,15,4,0,0,93.33,3.5
RD Chahar,2022,8,77,68,6,0,0,113.24,12.83
RD Chahar,2023,2,0,9,2,0,0,0.0,0.0
RD Chahar,2024,2,21,15,1,0,0,140.0,21.0
RD Gaikwad,2020,6,204,169,3,3,0,120.71,68.0
RD Gaikwad,2021,16,635,466,14,4,1,136.27,45.36
RD Gaikwad,2022,14,368,291,14,3,0,126.46,26.29
RD Gaikwad,2023,15,590,400,13,4,0,147.5,45.38
RD Gaikwad,2024,14,583,413,11,4,1,141.16,53.0
RD Gaikwad,2025,5,122,81,5,2,0,150.62,24.4
RD Gaikwad,2026,14,337,273,12,2,0,123.44,28.08
RD Rickelton,2025,14,388,257,13,3,0,150.97,29.85
RD Rickelton,2026,12,448,240,11,2,1,186.67,40.73
RE van der Merwe,2009,8,122,98,8,0,0,124.49,15.25
RE van der Merwe,2010,1,1,2,1,0,0,50.0,1.0
RE van der Merwe,2011,4,14,16,0,0,0,87.5,
RE van der Merwe,2013,2,22,25,2,0,0,88.0,11.0
RG Sharma,2008,12,404,273,11,4,0,147.99,36.73
RG Sharma,2009,16,362,315,13,1,0,114.92,27.85
RG Sharma,2010,16,404,302,14,3,0,133.77,28.86
RG Sharma,2011,13,372,297,10,3,0,125.25,37.2
RG Sharma,2012,16,433,342,14,3,1,126.61,30.93
RG Sharma,2013,19,538,409,14,4,0,131.54,38.43
RG Sharma,2014,15,390,302,13,3,0,129.14,30.0
RG Sharma,2015,16,482,333,14,3,0,144.74,34.43
RG Sharma,2016,14,489,368,11,5,0,132.88,44.45
RG Sharma,2017,16,333,273,14,3,0,121.98,23.79
RG Sharma,2018,14,286,215,12,2,0,133.02,23.83
RG Sharma,2019,15,405,315,14,2,0,128.57,28.93
RG Sharma,2020,12,334,263,12,3,0,127.0,27.83
RG Sharma,2021,13,381,299,12,1,0,127.42,31.75
RG Sharma,2022,14,268,223,14,0,0,120.18,19.14
RG Sharma,2023,16,332,250,16,2,0,132.8,20.75
RG Sharma,2024,14,417,278,13,1,1,150.0,32.08
RG Sharma,2025,15,418,280,14,4,0,149.29,29.86
RG Sharma,2026,9,283,180,9,2,0,157.22,31.44
RJ Harris,2009,5,21,18,1,0,0,116.67,21.0
RJ Harris,2010,5,45,39,4,0,0,115.38,11.25
RJ Harris,2011,7,31,39,5,0,0,79.49,6.2
RJ Harris,2012,2,18,11,1,0,0,163.64,18.0
RJ Harris,2013,2,2,5,1,0,0,40.0,2.0
RJ Quiney,2009,7,103,102,7,1,0,100.98,14.71
RK Singh,2018,4,29,31,4,0,0,93.55,7.25
RK Singh,2019,3,37,34,2,0,0,108.82,18.5
RK Singh,2020,1,11,11,1,0,0,100.0,11.0
RK Singh,2022,7,174,117,5,0,0,148.72,34.8
RK Singh,2023,14,474,317,8,4,0,149.53,59.25
RK Singh,2024,11,168,113,9,0,0,148.67,18.67
RK Singh,2025,11,206,134,7,0,0,153.73,29.43
RK Singh,2026,11,299,199,5,2,0,150.25,59.8
RM Patidar,2021,4,71,62,4,0,0,114.52,17.75
RM Patidar,2022,7,333,218,6,2,1,152.75,55.5
RM Patidar,2024,13,395,223,13,5,0,177.13,30.38
RM Patidar,2025,14,312,217,12,2,0,143.78,26.0
RM Patidar,2026,14,501,260,12,5,0,192.69,41.75
RN ten Doeschate,2011,3,107,73,2,1,0,146.58,53.5
RN ten Doeschate,2012,3,21,21,2,0,0,100.0,10.5
RN ten Doeschate,2013,4,85,63,3,0,0,134.92,28.33
RN ten Doeschate,2014,6,52,33,4,0,0,157.58,13.0
RN ten Doeschate,2015,5,61,45,3,0,0,135.56,20.33
RR Pant,2016,10,198,152,7,1,0,130.26,28.29
RR Pant,2017,14,366,221,14,2,0,165.61,26.14
RR Pant,2018,14,684,394,13,5,1,173.6,52.62
RR Pant,2019,16,494,304,13,3,0,162.5,38.0
RR Pant,2020,14,345,303,10,1,0,113.86,34.5
RR Pant,2021,16,424,330,12,3,0,128.48,35.33
RR Pant,2022,13,340,224,11,0,0,151.79,30.91
RR Pant,2024,13,446,287,11,3,0,155.4,40.55
RR Pant,2025,13,269,202,11,1,1,133.17,24.45
RR Pant,2026,13,313,227,9,1,0,137.89,34.78
RR Rossouw,2014,3,39,41,3,0,0,95.12,13.0
RR Rossouw,2015,2,14,10,2,0,0,140.0,7.0
RR Rossouw,2023,9,209,141,7,1,0,148.23,29.86
RR Rossouw,2024,8,211,116,8,1,0,181.9,26.38
RS Bopara,2009,5,138,119,5,1,0,115.97,27.6
RS Bopara,2010,9,248,214,7,2,0,115.89,35.43
RS Bopara,2015,8,145,120,5,0,0,120.83,29.0
RV Uthappa,2008,14,320,279,9,0,0,114.7,35.56
RV Uthappa,2009,13,175,170,11,1,0,102.94,15.91
RV Uthappa,2010,14,374,218,12,3,0,171.56,31.17
RV Uthappa,2011,13,264,209,10,0,0,126.32,26.4
RV Uthappa,2012,16,405,343,14,2,0,118.08,28.93
RV Uthappa,2013,16,434,371,15,2,0,116.98,28.93
RV Uthappa,2014,16,660,479,15,5,0,137.79,44.0
RV Uthappa,2015,13,364,277,12,1,0,131.41,30.33
RV Uthappa,2016,15,394,289,14,3,0,136.33,28.14
RV Uthappa,2017,13,388,235,12,5,0,165.11,32.33
RV Uthappa,2018,16,351,265,16,1,0,132.45,21.94
RV Uthappa,2019,11,284,247,9,1,0,114.98,31.56
RV Uthappa,2020,12,196,164,11,0,0,119.51,17.82
RV Uthappa,2021,4,115,84,4,1,0,136.9,28.75
RV Uthappa,2022,11,230,171,11,2,0,134.5,20.91
Rahmanullah Gurbaz,2023,11,227,170,11,2,0,133.53,20.64
Rahmanullah Gurbaz,2024,2,62,46,2,0,0,134.78,31.0
Rahmanullah Gurbaz,2025,5,74,53,4,0,0,139.62,18.5
Ramandeep Singh,2022,4,45,40,2,0,0,112.5,22.5
Ramandeep Singh,2024,9,125,62,4,0,0,201.61,31.25
Ramandeep Singh,2025,7,47,35,5,0,0,134.29,9.4
Ramandeep Singh,2026,6,82,68,5,0,0,120.59,16.4
Rashid Khan,2017,3,11,9,2,0,0,122.22,5.5
Rashid Khan,2018,7,59,31,5,0,0,190.32,11.8
Rashid Khan,2019,7,34,23,5,0,0,147.83,6.8
Rashid Khan,2020,6,35,30,4,0,0,116.67,8.75
Rashid Khan,2021,10,83,69,8,0,0,120.29,10.38
Rashid Khan,2022,8,91,44,4,0,0,206.82,22.75
Rashid Khan,2023,9,130,60,4,1,0,216.67,32.5
Rashid Khan,2024,8,102,71,5,0,0,143.66,20.4
Rashid Khan,2025,8,40,28,5,0,0,142.86,8.0
Rashid Khan,2026,6,50,41,4,0,0,121.95,12.5
S Anirudha,2008,1,1,7,1,0,0,14.29,1.0
S Anirudha,2010,2,30,18,1,0,0,166.67,30.0
S Anirudha,2011,5,83,74,4,1,0,112.16,20.75
S Anirudha,2012,2,19,7,0,0,0,271.43,
S Anirudha,2013,1,0,2,1,0,0,0.0,0.0
S Anirudha,2014,1,3,5,1,0,0,60.0,3.0
S Arora,2026,10,121,77,6,0,0,157.14,20.17
S Badrinath,2008,11,192,130,6,2,0,147.69,32.0
S Badrinath,2009,11,177,164,9,1,0,107.93,19.67
S Badrinath,2010,15,356,303,11,2,0,117.49,32.36
S Badrinath,2011,12,396,313,6,5,0,126.52,66.0
S Badrinath,2012,9,196,181,7,1,0,108.29,28.0
S Badrinath,2013,7,124,121,7,0,0,102.48,17.71
S Dhawan,2008,14,340,295,9,4,0,115.25,37.78
S Dhawan,2009,4,40,45,4,0,0,88.89,10.0
S Dhawan,2010,10,191,170,10,2,0,112.35,19.1
S Dhawan,2011,14,400,310,11,2,0,129.03,36.36
S Dhawan,2012,15,569,439,12,5,0,129.61,47.42
S Dhawan,2013,10,311,253,7,3,0,122.92,44.43
S Dhawan,2014,14,377,319,12,2,0,118.18,31.42
S Dhawan,2015,14,353,286,13,3,0,123.43,27.15
S Dhawan,2016,17,501,429,12,4,0,116.78,41.75
S Dhawan,2017,14,479,376,13,3,0,127.39,36.85
S Dhawan,2018,16,497,363,14,4,0,136.91,35.5
S Dhawan,2019,16,521,384,15,5,0,135.68,34.73
S Dhawan,2020,17,618,427,14,4,2,144.73,44.14
S Dhawan,2021,16,587,473,15,3,0,124.1,39.13
S Dhawan,2022,14,460,375,12,3,0,122.67,38.33
S Dhawan,2023,11,373,261,9,3,0,142.91,41.44
S Dhawan,2024,5,152,121,5,1,0,125.62,30.4
S Dube,2019,4,40,33,3,0,0,121.21,13.33
S Dube,2020,9,129,105,7,0,0,122.86,18.43
S Dube,2021,9,230,193,8,1,0,119.17,28.75
S Dube,2022,11,289,185,9,2,0,156.22,32.11
S Dube,2023,14,418,264,11,3,0,158.33,38.0
S Dube,2024,14,396,244,11,3,0,162.3,36.0
S Dube,2025,14,357,270,11,1,0,132.22,32.45
S Dube,2026,12,270,170,7,0,0,158.82,38.57
S Gopal,2014,1,11,10,0,0,0,110.0,
S Gopal,2015,1,1,1,0,0,0,100.0,
S Gopal,2016,1,2,16,1,0,0,12.5,2.0
S Gopal,2018,4,50,45,2,0,0,111.11,25.0
S Gopal,2019,7,63,46,4,0,0,136.96,15.75
S Gopal,2020,5,37,39,4,0,0,94.87,9.25
S Gopal,2021,2,7,5,1,0,0,140.0,7.0
S Gopal,2022,1,9,7,0,0,0,128.57,
S Sohal,2008,2,4,8,2,0,0,50.0,2.0
S Sohal,2009,8,115,93,7,0,0,123.66,16.43
S Sohal,2011,10,249,191,9,2,0,130.37,27.67
S Vidyut,2008,8,145,109,8,1,0,133.03,18.12
SA Asnodkar,2008,9,311,233,8,2,0,133.48,38.88
SA Asnodkar,2009,8,98,93,8,0,0,105.38,12.25
SA Asnodkar,2010,1,5,4,1,0,0,125.0,5.0
SA Asnodkar,2011,1,9,9,1,0,0,100.0,9.0
SA Yadav,2012,1,0,4,1,0,0,0.0,0.0
SA Yadav,2014,10,164,118,5,0,0,138.98,32.8
SA Yadav,2015,13,157,113,9,0,0,138.94,17.44
SA Yadav,2016,11,182,143,7,1,0,127.27,26.0
SA Yadav,2017,7,105,88,5,0,0,119.32,21.0
SA Yadav,2018,14,512,384,14,4,0,133.33,36.57
SA Yadav,2019,15,424,324,13,2,0,130.86,32.62
SA Yadav,2020,15,480,331,9,4,0,145.02,53.33
SA Yadav,2021,14,317,221,14,2,0,143.44,22.64
SA Yadav,2022,8,303,208,7,3,0,145.67,43.29
SA Yadav,2023,16,605,334,14,5,1,181.14,43.21
SA Yadav,2024,11,345,206,10,3,1,167.48,34.5
SA Yadav,2025,16,717,427,11,5,0,167.92,65.18
SA Yadav,2026,13,270,183,13,2,0,147.54,20.77
SB Dubey,2024,3,33,19,2,0,0,173.68,16.5
SB Dubey,2025,8,106,66,4,0,0,160.61,26.5
SB Dubey,2026,6,81,58,4,0,0,139.66,20.25
SB Styris,2008,8,112,123,6,0,0,91.06,18.67
SB Styris,2009,1,14,8,1,0,0,175.0,14.0
SB Styris,2011,1,5,2,0,0,0,250.0,
SC Ganguly,2008,13,349,307,12,3,0,113.68,29.08
SC Ganguly,2009,11,189,207,11,0,0,91.3,17.18
SC Ganguly,2010,14,493,419,13,4,0,117.66,37.92
SC Ganguly,2011,3,50,59,2,0,0,84.75,25.0
SC Ganguly,2012,15,268,271,14,0,0,98.89,19.14
SD Hope,2024,9,183,122,7,0,0,150.0,26.14
SE Marsh,2008,11,616,441,9,5,1,139.68,68.44
SE Marsh,2010,4,147,114,3,2,0,128.95,49.0
SE Marsh,2011,13,504,344,12,4,0,146.51,42.0
SE Marsh,2012,13,336,280,10,2,0,120.0,33.6
SE Marsh,2013,8,300,249,8,3,0,120.48,37.5
SE Marsh,2014,2,70,52,2,0,0,134.62,35.0
SE Marsh,2015,4,93,63,4,1,0,147.62,23.25
SE Marsh,2016,6,159,134,5,1,0,118.66,31.8
SE Marsh,2017,8,264,194,8,2,0,136.08,33.0
SE Rutherford,2019,7,73,54,5,0,0,135.19,14.6
SE Rutherford,2022,2,33,50,2,0,0,66.0,16.5
SE Rutherford,2025,11,291,185,9,0,0,157.3,32.33
SE Rutherford,2026,7,123,75,5,1,0,164.0,24.6
SK Raina,2008,14,421,295,9,3,0,142.71,46.78
SK Raina,2009,14,434,308,14,2,0,140.91,31.0
SK Raina,2010,16,528,367,11,4,0,143.87,48.0
SK Raina,2011,16,438,325,14,4,0,134.77,31.29
SK Raina,2012,18,441,325,17,1,0,135.69,25.94
SK Raina,2013,17,548,365,12,4,1,150.14,45.67
SK Raina,2014,16,523,359,12,5,0,145.68,43.58
SK Raina,2015,17,374,305,14,2,0,122.62,26.71
SK Raina,2016,15,399,312,14,3,0,127.88,28.5
SK Raina,2017,14,442,307,10,3,0,143.97,44.2
SK Raina,2018,15,445,336,12,4,0,132.44,37.08
SK Raina,2019,17,383,314,16,3,0,121.97,23.94
SK Raina,2021,11,160,128,7,1,0,125.0,22.86
SK Warne,2008,7,70,59,5,0,0,118.64,14.0
SK Warne,2009,10,108,116,7,0,0,93.1,15.43
SK Warne,2010,6,10,19,3,0,0,52.63,3.33
SK Warne,2011,4,10,20,2,0,0,50.0,5.0
SM Curran,2019,8,95,55,4,1,0,172.73,23.75
SM Curran,2020,11,186,141,8,1,0,131.91,23.25
SM Curran,2021,4,56,29,3,0,0,193.1,18.67
SM Curran,2023,13,276,203,10,1,0,135.96,27.6
SM Curran,2024,12,270,219,10,2,0,123.29,27.0
SM Curran,2025,5,114,84,5,1,0,135.71,22.8
SM Katich,2008,2,96,69,1,1,0,139.13,96.0
SM Katich,2009,9,145,117,8,1,0,123.93,18.12
SM Pollock,2008,8,147,111,8,0,0,132.43,18.38
SN Khan,2015,7,111,71,4,0,0,156.34,27.75
SN Khan,2016,4,66,31,2,0,0,212.9,33.0
SN Khan,2018,6,51,41,5,0,0,124.39,10.2
SN Khan,2019,5,180,143,4,1,0,125.87,45.0
SN Khan,2020,3,33,29,2,0,0,113.79,16.5
SN Khan,2021,2,0,4,2,0,0,0.0,0.0
SN Khan,2022,5,91,67,3,0,0,135.82,30.33
SN Khan,2023,4,53,62,4,0,0,85.48,13.25
SN Khan,2026,7,161,95,7,1,0,169.47,23.0
SN Thakur,2015,1,7,6,0,0,0,116.67,
SN Thakur,2017,3,0,3,3,0,0,0.0,0.0
SN Thakur,2018,1,15,5,0,0,0,300.0,
SN Thakur,2019,2,14,7,1,0,0,200.0,14.0
SN Thakur,2020,2,12,21,1,0,0,57.14,12.0
SN Thakur,2021,4,5,5,1,0,0,100.0,5.0
SN Thakur,2022,10,120,87,8,0,0,137.93,15.0
SN Thakur,2023,9,113,70,8,1,0,161.43,14.12
SN Thakur,2024,3,21,17,1,0,0,123.53,21.0
SN Thakur,2025,5,18,12,3,0,0,150.0,6.0
SN Thakur,2026,3,24,30,2,0,0,80.0,12.0
SO Hetmyer,2019,5,90,73,5,1,0,123.29,18.0
SO Hetmyer,2020,11,185,125,8,0,0,148.0,23.12
SO Hetmyer,2021,12,242,144,6,1,0,168.06,40.33
SO Hetmyer,2022,15,314,204,7,1,0,153.92,44.86
SO Hetmyer,2023,13,299,197,8,1,0,151.78,37.38
SO Hetmyer,2024,9,113,69,5,0,0,163.77,22.6
SO Hetmyer,2025,13,245,168,11,1,0,145.83,22.27
SO Hetmyer,2026,7,78,69,6,0,0,113.04,13.0
SP Fleming,2008,10,196,165,9,0,0,118.79,21.78
SP Goswami,2008,3,82,85,3,1,0,96.47,27.33
SP Goswami,2009,2,53,60,2,0,0,88.33,26.5
SP Goswami,2010,1,8,10,1,0,0,80.0,8.0
SP Goswami,2011,4,29,29,3,0,0,100.0,9.67
SP Goswami,2012,6,69,67,5,0,0,102.99,13.8
SP Goswami,2018,3,52,40,3,0,0,130.0,17.33
SP Goswami,2020,2,0,4,2,0,0,0.0,0.0
SP Narine,2012,2,9,7,1,0,0,128.57,9.0
SP Narine,2013,6,21,19,3,0,0,110.53,7.0
SP Narine,2014,4,10,14,1,0,0,71.43,10.0
SP Narine,2015,1,0,1,0,0,0,0.0,
SP Narine,2016,3,7,13,0,0,0,53.85,
SP Narine,2017,14,224,130,12,1,0,172.31,18.67
SP Narine,2018,16,357,188,16,2,0,189.89,22.31
SP Narine,2019,8,143,86,7,0,0,166.28,20.43
SP Narine,2020,9,121,85,9,1,0,142.35,13.44
SP Narine,2021,10,62,47,8,0,0,131.91,7.75
SP Narine,2022,9,71,40,7,0,0,177.5,10.14
SP Narine,2023,10,21,25,7,0,0,84.0,3.0
SP Narine,2024,14,488,270,13,3,1,180.74,37.54
SP Narine,2025,12,246,144,11,0,0,170.83,22.36
SP Narine,2026,4,40,32,3,0,0,125.0,13.33
SPD Smith,2012,14,362,267,9,0,0,135.58,40.22
SPD Smith,2013,7,159,132,4,0,0,120.45,39.75
SPD Smith,2014,7,152,113,4,0,0,134.51,38.0
SPD Smith,2015,12,298,223,11,2,0,133.63,27.09
SPD Smith,2016,7,270,176,5,0,1,153.41,54.0
SPD Smith,2017,15,472,387,12,3,0,121.96,39.33
SPD Smith,2019,10,319,275,8,3,0,116.0,39.88
SPD Smith,2020,14,311,237,11,3,0,131.22,28.27
SPD Smith,2021,7,152,135,6,0,0,112.59,25.33
SR Tendulkar,2008,7,188,177,5,1,0,106.21,37.6
SR Tendulkar,2009,13,364,303,11,2,0,120.13,33.09
SR Tendulkar,2010,15,618,466,13,5,0,132.62,47.54
SR Tendulkar,2011,16,553,488,13,2,1,113.32,42.54
SR Tendulkar,2012,13,324,283,12,2,0,114.49,27.0
SR Tendulkar,2013,14,287,231,13,1,0,124.24,22.08
SR Watson,2008,15,472,311,9,4,0,151.77,52.44
SR Watson,2010,5,185,114,5,2,0,162.28,37.0
SR Watson,2011,11,330,253,10,1,0,130.43,33.0
SR Watson,2012,7,255,168,6,2,0,151.79,42.5
SR Watson,2013,16,543,380,14,2,1,142.89,38.79
SR Watson,2014,13,246,199,12,2,0,123.62,20.5
SR Watson,2015,9,347,258,8,1,1,134.5,43.38
SR Watson,2016,15,179,134,13,0,0,133.58,13.77
SR Watson,2017,7,71,78,6,0,0,91.03,11.83
SR Watson,2018,15,555,359,13,2,2,154.6,42.69
SR Watson,2019,17,398,312,17,3,0,127.56,23.41
SR Watson,2020,11,299,247,10,2,0,121.05,29.9
SS Iyer,2015,14,439,342,13,4,0,128.36,33.77
SS Iyer,2016,6,30,43,6,0,0,69.77,5.0
SS Iyer,2017,12,338,243,10,2,0,139.09,33.8
SS Iyer,2018,13,411,310,10,4,0,132.58,41.1
SS Iyer,2019,16,467,388,15,3,0,120.36,31.13
SS Iyer,2020,17,519,421,15,3,0,123.28,34.6
SS Iyer,2021,8,175,171,5,0,0,102.34,35.0
SS Iyer,2022,14,401,298,13,3,0,134.56,30.85
SS Iyer,2024,14,351,239,9,2,0,146.86,39.0
SS Iyer,2025,17,604,345,12,6,0,175.07,50.33
SS Iyer,2026,13,498,295,9,5,1,168.81,55.33
SS Prabhudessai,2022,5,67,59,5,0,0,113.56,13.4
SS Prabhudessai,2023,4,35,29,3,0,0,120.69,11.67
SS Prabhudessai,2024,1,24,18,1,0,0,133.33,24.0
SS Tiwary,2008,2,26,20,2,0,0,130.0,13.0
SS Tiwary,2009,3,13,12,1,0,0,108.33,13.0
SS Tiwary,2010,15,419,309,13,3,0,135.6,32.23
SS Tiwary,2011,13,187,188,8,0,0,99.47,23.38
SS Tiwary,2012,11,191,170,8,0,0,112.35,23.88
SS Tiwary,2013,6,109,106,4,1,0,102.83,27.25
SS Tiwary,2015,6,109,78,0,0,0,139.74,
SS Tiwary,2016,7,170,141,6,2,0,120.57,28.33
SS Tiwary,2017,1,52,43,0,1,0,120.93,
SS Tiwary,2020,5,103,80,5,0,0,128.75,20.6
SS Tiwary,2021,4,115,97,2,1,0,118.56,57.5
ST Jayasuriya,2008,14,514,309,12,2,1,166.34,42.83
ST Jayasuriya,2009,12,221,192,12,2,0,115.1,18.42
ST Jayasuriya,2010,4,33,31,4,0,0,106.45,8.25
STR Binny,2010,1,8,5,1,0,0,160.0,8.0
STR Binny,2011,2,37,31,1,0,0,119.35,37.0
STR Binny,2012,6,90,67,4,0,0,134.33,22.5
STR Binny,2013,16,293,199,8,0,0,147.24,36.62
STR Binny,2014,11,123,121,9,0,0,101.65,13.67
STR Binny,2015,8,74,66,4,0,0,112.12,18.5
STR Binny,2016,5,63,39,4,0,0,161.54,15.75
STR Binny,2017,7,78,76,5,0,0,102.63,15.6
STR Binny,2018,5,44,39,4,0,0,112.82,11.0
STR Binny,2019,5,70,40,3,0,0,175.0,23.33
SV Samson,2013,10,206,178,8,1,0,115.73,25.75
SV Samson,2014,13,339,273,13,2,0,124.18,26.08
SV Samson,2015,11,204,163,10,1,0,125.15,20.4
SV Samson,2016,14,291,259,10,1,0,112.36,29.1
SV Samson,2017,14,386,273,13,2,1,141.39,29.69
SV Samson,2018,15,441,320,14,3,0,137.81,31.5
SV Samson,2019,11,342,230,9,0,1,148.7,38.0
SV Samson,2020,14,375,236,12,3,0,158.9,31.25
SV Samson,2021,14,484,354,12,2,1,136.72,40.33
SV Samson,2022,17,458,312,16,2,0,146.79,28.62
SV Samson,2023,14,362,236,11,3,0,153.39,32.91
SV Samson,2024,15,531,346,11,5,0,153.47,48.27
SV Samson,2025,9,285,203,9,1,0,140.39,31.67
SV Samson,2026,14,477,288,11,1,2,165.62,43.36
SW Billings,2016,4,88,64,4,1,0,137.5,22.0
SW Billings,2017,6,138,104,6,1,0,132.69,23.0
SW Billings,2018,8,108,78,8,1,0,138.46,13.5
SW Billings,2019,1,0,4,1,0,0,0.0,0.0
SW Billings,2022,8,169,138,7,0,0,122.46,24.14
Sachin Baby,2013,1,3,7,1,0,0,42.86,3.0
Sachin Baby,2016,6,119,79,4,0,0,150.63,29.75
Sachin Baby,2017,3,15,15,3,0,0,100.0,5.0
Sachin Baby,2021,1,7,17,1,0,0,41.18,7.0
Salman Butt,2008,7,193,161,7,1,0,119.88,27.57
Sameer Rizvi,2024,5,51,43,4,0,0,118.6,12.75
Sameer Rizvi,2025,4,121,79,3,1,0,153.16,40.33
Sameer Rizvi,2026,9,252,171,7,2,0,147.37,36.0
Shahbaz Ahmed,2020,1,1,1,0,0,0,100.0,
Shahbaz Ahmed,2021,7,59,53,7,0,0,111.32,8.43
Shahbaz Ahmed,2022,11,219,181,7,0,0,120.99,31.29
Shahbaz Ahmed,2023,6,42,39,4,0,0,107.69,10.5
Shahbaz Ahmed,2024,12,215,166,9,1,0,129.52,23.89
Shahbaz Ahmed,2025,1,9,8,1,0,0,112.5,9.0
Shahbaz Ahmed,2026,2,58,41,0,0,0,141.46,
Shakib Al Hasan,2011,3,29,22,2,0,0,131.82,14.5
Shakib Al Hasan,2012,7,91,74,6,0,0,122.97,15.17
Shakib Al Hasan,2014,11,229,154,8,1,0,148.7,28.62
Shakib Al Hasan,2015,3,36,27,3,0,0,133.33,12.0
Shakib Al Hasan,2016,7,114,106,5,1,0,107.55,22.8
Shakib Al Hasan,2017,1,1,1,0,0,0,100.0,
Shakib Al Hasan,2018,13,239,197,9,0,0,121.32,26.56
Shakib Al Hasan,2019,1,9,10,1,0,0,90.0,9.0
Shakib Al Hasan,2021,6,47,48,5,0,0,97.92,9.4
Shashank Singh,2022,5,69,47,4,0,0,146.81,17.25
Shashank Singh,2024,14,354,215,7,2,0,164.65,50.57
Shashank Singh,2025,14,350,228,7,3,0,153.51,50.0
Shashank Singh,2026,9,132,70,6,1,0,188.57,22.0
Shubman Gill,2018,10,203,139,5,1,0,146.04,40.6
Shubman Gill,2019,13,296,238,9,3,0,124.37,32.89
Shubman Gill,2020,14,440,373,12,3,0,117.96,36.67
Shubman Gill,2021,17,478,402,17,3,0,118.91,28.12
Shubman Gill,2022,16,483,365,14,4,0,132.33,34.5
Shubman Gill,2023,17,890,564,15,4,3,157.8,59.33
Shubman Gill,2024,12,426,289,11,2,1,147.4,38.73
Shubman Gill,2025,15,650,417,12,6,0,155.88,54.17
Shubman Gill,2026,16,732,449,16,6,1,163.03,45.75
Sikandar Raza,2023,7,139,98,5,1,0,141.84,27.8
Sikandar Raza,2024,2,43,38,2,0,0,113.16,21.5
Suryansh Shedge,2025,3,7,11,3,0,0,63.64,2.33
Suryansh Shedge,2026,7,158,90,4,1,0,175.56,39.5
T Stubbs,2022,2,2,4,1,0,0,50.0,2.0
T Stubbs,2023,2,25,31,2,0,0,80.65,12.5
T Stubbs,2024,13,378,198,6,3,0,190.91,63.0
T Stubbs,2025,13,306,200,6,0,0,153.0,51.0
T Stubbs,2026,13,275,216,6,2,0,127.31,45.83
TG Southee,2014,1,4,4,1,0,0,100.0,4.0
TG Southee,2015,2,13,9,0,0,0,144.44,
TG Southee,2016,4,30,19,3,0,0,157.89,10.0
TG Southee,2017,1,7,3,0,0,0,233.33,
TG Southee,2018,4,52,46,2,0,0,113.04,26.0
TG Southee,2019,1,9,9,0,0,0,100.0,
TG Southee,2021,1,3,5,1,0,0,60.0,3.0
TG Southee,2022,5,2,12,4,0,0,16.67,0.5
TH David,2021,1,1,3,1,0,0,33.33,1.0
TH David,2022,8,186,86,5,0,0,216.28,37.2
TH David,2023,15,231,146,8,0,0,158.22,28.88
TH David,2024,11,241,152,8,0,0,158.55,30.12
TH David,2025,9,187,101,3,1,0,185.15,62.33
TH David,2026,15,305,162,9,1,0,188.27,33.89
TK Curran,2018,4,23,28,3,0,0,82.14,7.67
TK Curran,2020,4,83,62,1,1,0,133.87,83.0
TK Curran,2021,2,21,17,1,0,0,123.53,21.0
TL Suman,2009,12,237,190,9,0,0,124.74,26.33
TL Suman,2010,14,307,257,8,2,0,119.46,38.38
TL Suman,2011,6,65,51,6,0,0,127.45,10.83
TL Suman,2012,2,15,19,2,0,0,78.95,7.5
TL Suman,2013,5,52,58,5,0,0,89.66,10.4
TM Dilshan,2008,7,104,79,4,0,0,131.65,26.0
TM Dilshan,2009,13,418,341,10,4,0,122.58,41.8
TM Dilshan,2010,6,44,53,6,0,0,83.02,7.33
TM Dilshan,2011,10,226,180,8,2,0,125.56,28.25
TM Dilshan,2012,9,285,261,7,3,0,109.2,40.71
TM Dilshan,2013,5,76,93,5,0,0,81.72,15.2
TM Head,2016,3,54,40,2,0,0,135.0,27.0
TM Head,2017,7,151,108,4,1,0,139.81,37.75
TM Head,2024,15,567,296,14,4,1,191.55,40.5
TM Head,2025,12,374,230,12,3,0,162.61,31.17
TM Head,2026,15,410,241,15,2,0,170.12,27.33
Tilak Varma,2022,14,397,303,10,2,0,131.02,39.7
Tilak Varma,2023,11,343,209,8,1,0,164.11,42.88
Tilak Varma,2024,13,416,278,10,3,0,149.64,41.6
Tilak Varma,2025,13,343,248,10,2,0,138.31,34.3
Tilak Varma,2026,14,359,246,12,2,1,145.93,29.92
UBT Chand,2011,2,2,12,2,0,0,16.67,1.0
UBT Chand,2012,2,36,34,2,0,0,105.88,18.0
UBT Chand,2013,9,158,158,9,0,0,100.0,17.56
UBT Chand,2014,1,2,9,1,0,0,22.22,2.0
UBT Chand,2015,5,102,83,5,1,0,122.89,20.4
UBT Chand,2016,1,0,4,1,0,0,0.0,0.0
UT Khawaja,2016,6,127,100,5,0,0,127.0,25.4
UT Yadav,2010,1,3,4,0,0,0,75.0,
UT Yadav,2011,2,1,5,1,0,0,20.0,1.0
UT Yadav,2012,3,2,7,2,0,0,28.57,1.0
UT Yadav,2013,7,38,38,1,0,0,100.0,38.0
UT Yadav,2014,1,2,4,1,0,0,50.0,2.0
UT Yadav,2015,3,29,14,1,0,0,207.14,29.0
UT Yadav,2016,2,9,5,1,0,0,180.0,9.0
UT Yadav,2017,4,10,13,0,0,0,76.92,
UT Yadav,2018,5,3,11,4,0,0,27.27,0.75
UT Yadav,2019,5,25,25,1,0,0,100.0,25.0
UT Yadav,2020,1,0,2,1,0,0,0.0,0.0
UT Yadav,2022,7,55,40,4,0,0,137.5,13.75
UT Yadav,2023,5,19,18,2,0,0,105.56,9.5
UT Yadav,2024,2,12,15,1,0,0,80.0,12.0
Urvil Patel,2025,3,68,32,3,0,0,212.5,22.67
Urvil Patel,2026,7,129,64,7,1,0,201.56,18.43
V Kohli,2008,12,165,157,11,0,0,105.1,15.0
V Kohli,2009,13,246,219,11,1,0,112.33,22.36
V Kohli,2010,13,307,212,11,1,0,144.81,27.91
V Kohli,2011,16,557,460,12,4,0,121.09,46.42
V Kohli,2012,15,364,326,12,2,0,111.66,30.33
V Kohli,2013,16,639,459,14,7,0,139.22,45.64
V Kohli,2014,14,359,294,13,2,0,122.11,27.62
V Kohli,2015,16,505,386,11,3,0,130.83,45.91
V Kohli,2016,16,973,640,12,7,4,152.03,81.08
V Kohli,2017,10,308,252,10,4,0,122.22,30.8
V Kohli,2018,14,530,381,11,4,0,139.11,48.18
V Kohli,2019,14,464,328,14,2,1,141.46,33.14
V Kohli,2020,15,471,386,11,3,0,122.02,42.82
V Kohli,2021,15,405,339,14,3,0,119.47,28.93
V Kohli,2022,16,341,294,14,2,0,115.99,24.36
V Kohli,2023,14,639,457,12,6,2,139.82,53.25
V Kohli,2024,15,741,479,12,5,1,154.7,61.75
V Kohli,2025,15,657,454,12,8,0,144.71,54.75
V Kohli,2026,16,675,407,12,5,1,165.85,56.25
V Nigam,2025,8,142,79,5,0,0,179.75,28.4
V Nigam,2026,2,15,10,1,0,0,150.0,15.0
V Sehwag,2008,14,406,220,11,3,0,184.55,36.91
V Sehwag,2009,11,198,138,10,1,0,143.48,19.8
V Sehwag,2010,14,356,218,14,3,0,163.3,25.43
V Sehwag,2011,11,424,240,9,2,1,176.67,47.11
V Sehwag,2012,16,495,307,15,5,0,161.24,33.0
V Sehwag,2013,13,295,233,12,1,0,126.61,24.58
V Sehwag,2014,17,455,315,17,1,1,144.44,26.76
V Sehwag,2015,8,99,84,7,0,0,117.86,14.14
V Shankar,2017,4,101,75,2,1,0,134.67,50.5
V Shankar,2018,9,212,148,4,1,0,143.24,53.0
V Shankar,2019,14,244,193,11,0,0,126.42,22.18
V Shankar,2020,5,97,96,4,1,0,101.04,24.25
V Shankar,2021,5,58,52,5,0,0,111.54,11.6
V Shankar,2022,4,19,35,4,0,0,54.29,4.75
V Shankar,2023,10,301,188,8,3,0,160.11,37.62
V Shankar,2024,7,83,72,5,0,0,115.28,16.6
V Shankar,2025,5,118,91,3,1,0,129.67,39.33
V Suryavanshi,2025,7,252,122,7,1,1,206.56,36.0
V Suryavanshi,2026,16,776,327,16,5,1,237.31,48.5
VR Iyer,2021,10,370,288,9,4,0,128.47,41.11
VR Iyer,2022,12,182,169,11,1,0,107.69,16.55
VR Iyer,2023,14,404,277,14,2,1,145.85,28.86
VR Iyer,2024,13,370,233,8,4,0,158.8,46.25
VR Iyer,2025,7,142,102,7,1,0,139.22,20.29
VR Iyer,2026,6,209,112,4,1,0,186.61,52.25
VVS Laxman,2008,6,155,132,5,1,0,117.42,31.0
VVS Laxman,2009,5,19,33,5,0,0,57.58,3.8
VVS Laxman,2010,6,64,60,4,0,0,106.67,16.0
VVS Laxman,2011,3,44,42,2,0,0,104.76,22.0
W Jaffer,2008,6,115,104,5,1,0,110.58,23.0
W Jaffer,2009,2,15,17,2,0,0,88.24,7.5
WG Jacks,2024,8,230,131,6,1,1,175.57,38.33
WG Jacks,2025,11,233,172,10,1,0,135.47,23.3
WG Jacks,2026,7,139,76,5,0,0,182.89,27.8
WP Saha,2008,10,159,119,5,1,0,133.61,31.8
WP Saha,2009,7,72,41,3,0,0,175.61,24.0
WP Saha,2010,6,67,53,3,0,0,126.42,22.33
WP Saha,2011,2,68,63,1,0,0,107.94,68.0
WP Saha,2012,1,6,14,1,0,0,42.86,6.0
WP Saha,2013,3,70,56,3,0,0,125.0,23.33
WP Saha,2014,13,362,249,11,2,1,145.38,32.91
WP Saha,2015,13,249,197,12,0,0,126.4,20.75
WP Saha,2016,12,270,212,11,2,0,127.36,24.55
WP Saha,2017,11,234,187,10,1,0,125.13,23.4
WP Saha,2018,10,122,102,8,0,0,119.61,15.25
WP Saha,2019,5,86,53,5,0,0,162.26,17.2
WP Saha,2020,4,214,153,2,2,0,139.87,107.0
WP Saha,2021,9,131,140,9,0,0,93.57,14.56
WP Saha,2022,11,317,259,9,3,0,122.39,35.22
WP Saha,2023,17,371,287,16,2,0,129.27,23.19
WP Saha,2024,9,136,115,9,0,0,118.26,15.11
Washington Sundar,2017,5,9,12,0,0,0,75.0,
Washington Sundar,2018,5,65,38,3,0,0,171.05,21.67
Washington Sundar,2019,2,1,3,2,0,0,33.33,0.5
Washington Sundar,2020,9,111,95,6,0,0,116.84,18.5
Washington Sundar,2021,4,31,47,4,0,0,65.96,7.75
Washington Sundar,2022,7,101,69,7,0,0,146.38,14.43
Washington Sundar,2023,5,60,60,3,0,0,100.0,20.0
Washington Sundar,2024,1,0,1,1,0,0,0.0,0.0
Washington Sundar,2025,5,133,80,5,0,0,166.25,26.6
Washington Sundar,2026,16,377,251,10,3,0,150.2,37.7
Y Nagar,2009,1,20,20,1,0,0,100.0,20.0
Y Nagar,2010,1,1,6,1,0,0,16.67,1.0
Y Nagar,2011,10,111,100,7,0,0,111.0,15.86
Y Nagar,2012,8,153,133,5,0,0,115.04,30.6
Y Venugopal Rao,2008,10,288,210,8,2,0,137.14,36.0
Y Venugopal Rao,2009,12,124,114,10,0,0,108.77,12.4
Y Venugopal Rao,2010,4,34,43,4,0,0,79.07,8.5
Y Venugopal Rao,2011,14,336,280,12,1,0,120.0,28.0
Y Venugopal Rao,2012,7,132,126,5,0,0,104.76,26.4
Y Venugopal Rao,2014,5,71,63,3,0,0,112.7,23.67
YBK Jaiswal,2020,3,40,44,3,0,0,90.91,13.33
YBK Jaiswal,2021,10,249,168,10,1,0,148.21,24.9
YBK Jaiswal,2022,10,258,194,10,2,0,132.99,25.8
YBK Jaiswal,2023,14,625,382,12,5,1,163.61,52.08
YBK Jaiswal,2024,15,435,279,14,1,1,155.91,31.07
YBK Jaiswal,2025,14,559,350,13,6,0,159.71,43.0
YBK Jaiswal,2026,16,427,280,14,3,0,152.5,30.5
YK Pathan,2008,15,435,243,12,4,0,179.01,36.25
YK Pathan,2009,13,261,187,12,2,0,139.57,21.75
YK Pathan,2010,14,333,201,10,1,1,165.67,33.3
YK Pathan,2011,11,283,201,9,0,0,140.8,31.44
YK Pathan,2012,16,194,169,10,0,0,114.79,19.4
YK Pathan,2013,16,332,240,11,1,0,138.33,30.18
YK Pathan,2014,12,268,165,9,1,0,162.42,29.78
YK Pathan,2015,12,312,231,7,1,0,135.06,44.57
YK Pathan,2016,13,361,248,5,3,0,145.56,72.2
YK Pathan,2017,11,143,115,8,1,0,124.35,17.88
YK Pathan,2018,13,260,200,9,0,0,130.0,28.89
YK Pathan,2019,7,40,45,3,0,0,88.89,13.33
YV Takawale,2008,4,70,65,2,0,0,107.69,35.0
YV Takawale,2009,1,18,22,1,0,0,81.82,18.0
YV Takawale,2014,5,104,91,5,0,0,114.29,20.8
Yuvraj Singh,2008,14,299,184,12,1,0,162.5,24.92
Yuvraj Singh,2009,14,340,294,12,2,0,115.65,28.33
Yuvraj Singh,2010,14,259,201,12,0,0,128.86,21.58
Yuvraj Singh,2011,13,343,261,9,2,0,131.42,38.11
Yuvraj Singh,2013,13,238,190,12,0,0,125.26,19.83
Yuvraj Singh,2014,14,376,278,10,3,0,135.25,37.6
Yuvraj Singh,2015,13,248,210,13,2,0,118.1,19.08
Yuvraj Singh,2016,10,236,179,9,0,0,131.84,26.22
Yuvraj Singh,2017,11,252,177,9,2,0,142.37,28.0
Yuvraj Singh,2018,6,65,73,5,0,0,89.04,13.0
Yuvraj Singh,2019,4,98,75,4,1,0,130.67,24.5
Z Khan,2008,7,34,43,4,0,0,79.07,8.5
Z Khan,2009,3,8,11,1,0,0,72.73,8.0
Z Khan,2010,3,24,13,1,0,0,184.62,24.0
Z Khan,2011,2,21,24,2,0,0,87.5,10.5
Z Khan,2012,4,12,17,2,0,0,70.59,6.0
Z Khan,2014,3,8,7,1,0,0,114.29,8.0
Z Khan,2016,2,6,13,2,0,0,46.15,3.0
Z Khan,2017,3,4,13,1,0,0,30.77,4.0
