batter,p1_10_runs,p1_10_balls,p1_10_dismissals,p1_10_sr,p1_10_dot_pct,p10_40_runs,p10_40_balls,p10_40_dismissals,p10_40_sr,p10_40_dot_pct,p40plus_runs,p40plus_balls,p40plus_dismissals,p40plus_sr,p40plus_dot_pct,pp_runs,pp_balls,pp_dismissals,pp_sr,pp_dot_pct,mid_runs,mid_balls,mid_dismissals,mid_sr,mid_dot_pct,death_runs,death_balls,death_dismissals,death_sr,death_dot_pct
DA Warner,1882,1585,50,110.537337,57.50434783,3948,2656,79,143.9963359,39.12648855,737,461,29,143.9668182,34.9425,3318,2403,72,118.5464205,55.76363636,2621,1944,59,129.9895327,33.00813084,628,355,26,164.07,36.88909091
S Dhawan,2183,1945,58,105.5762896,54.19628959,3872,2927,105,120.854472,40.52068323,714,454,24,148.8261702,34.86191489,3415,2782,92,110.9799065,51.46453271,2686,2123,78,110.29368,39.56168,668,421,17,149.80,32.81190476
MC Henriques,470,420,16,111.0333333,43.27592593,509,362,20,139.8637037,36.87518519,21,6,0,350,16.67,161,140,3,115.9,44.72823529,504,445,21,119.0381081,40.40297297,335,203,12,119.06,43.07178571
Yuvraj Singh,1180,1092,36,101.4447619,53.19087302,1557,1016,68,137.3275862,46.89758621,17,14,3,163.332,36.666,193,186,12,90.09424242,69.51424242,1655,1435,55,104.7725,48.91490741,906,501,40,154.85,46.18964286
DJ Hooda,859,745,47,111.2074257,41.49366337,638,427,31,116.4635714,40.025,0,1,1,0,100,164,164,8,89.61291667,55.31875,867,689,35,109.8891176,36.71220588,466,320,36,124.64,42.2612963
BCJ Cutting,189,125,9,138.2588235,46.93294118,49,16,1,270,6.666666667,,,,,,,,,,,22,20,2,141.27,30.755,216,121,8,156.62,44.54266667
CH Gayle,1484,1265,41,111.1892908,63.73347518,2745,1730,69,147.3543,49.1537,768,351,15,222.8459259,34.49925926,2405,1774,65,124.554963,60.59488889,2011,1288,45,137.7460526,47.62223684,581,284,15,200.36,36.53785714
Mandeep Singh,865,749,37,101.4436082,50.34690722,765,584,40,126.3066038,42.0554717,76,55,3,129.528,33.5,633,554,32,89.55196429,59.39767857,663,560,24,111.522,38.0228,410,274,24,123.14,35.21641026
TM Head,630,419,18,133.5590385,53.12576923,894,484,27,170.9153125,34.369375,32,12,2,173.81,58.33333333,1010,568,24,140.8582979,54.67276596,446,291,21,137.9303846,32.54115385,100,56,2,166.18,25.844
KM Jadhav,683,618,30,106.1566667,43.08469136,508,349,20,137.2751351,39.47054054,17,14,1,121.43,42.86,67,81,7,68.55666667,73.51944444,576,493,23,106.2606,35.4854,565,407,21,118.57,39.3188
SR Watson,1261,1216,42,101.0784397,56.57092199,2281,1430,77,150.9620213,41.33617021,338,167,5,211.5907692,22.04769231,1421,1261,41,102.295,58.43843137,2006,1307,60,129.2866316,44.13105263,453,245,23,158.20,36.37756757
Sachin Baby,103,83,6,106.0172727,53.69090909,41,35,3,107.425,25.0325,,,,,,0,3,1,0,100,49,55,3,75.01166667,47.30333333,95,60,5,149.72,43.14285714
STR Binny,542,476,27,105.7112121,47.17409091,338,207,16,151.1792593,37.59333333,,,,,,18,25,0,53.57142857,73.81,465,395,24,95.00255814,49.30093023,397,263,19,132.69,37
PA Patel,1252,1109,41,99.92110294,59.11360294,1499,1187,75,119.3825275,44.95549451,97,62,5,136.82125,42.70875,1904,1565,71,104.2157692,57.08138462,849,722,42,102.7327586,40.37775862,95,71,8,123.48,42.33846154
JC Buttler,1641,1238,33,124.3450735,51.54595588,2390,1559,69,141.9978218,43.80079208,616,308,13,189.1718182,30.84318182,1855,1308,43,122.5161321,55.87962264,1988,1380,46,127.7165556,35.44766667,804,417,26,176.03,36.57155556
RG Sharma,2573,2370,90,102.6508,53.71970909,4234,2846,130,133.344011,39.13285714,524,301,24,153.9405714,36.76228571,2566,2031,87,106.9947396,57.60697917,3238,2643,95,106.4023757,40.64022099,1527,843,62,157.65,37.89233333
N Rana,1204,1022,37,113.7855372,52.26289256,1739,1134,67,134.0359259,46.50839506,135,79,7,161.5055556,49.30222222,805,664,21,101.2628916,62.39144578,1827,1328,66,123.2794792,40.253125,446,243,24,183.75,39.06484848
AT Rayudu,1684,1512,60,105.3587568,47.07805405,2508,1793,80,129.7846154,37.68179487,156,104,8,128.1466667,41.40916667,777,732,23,88.61402439,58.34280488,2392,1979,69,107.7704317,38.27,1179,698,56,144.46,40.59428571
KH Pandya,1039,864,48,114.0726829,45.43813008,913,602,34,137.4780357,40.65732143,30,15,1,164.2866667,43.65333333,86,80,5,111.6494737,45.62368421,1096,897,43,106.212987,45.77493506,800,504,35,144.44,38.34611111
KA Pollard,1779,1419,57,122.6719643,47.40363095,1627,895,61,155.1534375,41.72802083,31,15,2,212.5,39.285,53,49,3,121.2815385,44.74307692,1352,1086,37,107.9860169,46.07720339,2032,1194,80,153.97,42.27898438
HH Pandya,1731,1197,51,136.4923333,42.65,1141,773,50,150.6239759,40.78650602,92,55,3,150.9857143,20.99571429,183,182,8,92.50933333,62.59866667,1271,948,33,120.8065625,40.2890625,1510,895,63,151.21,40.36443396
TG Southee,84,83,9,87.19263158,45.64315789,36,24,2,101.7866667,60.12,,,,,,,,,,,14,27,4,48.24,66.11166667,106,80,7,105.23,38.05666667
AM Rahane,1942,1753,58,103.0823858,54.58974619,2920,2198,97,119.606391,40.11736842,505,322,17,135.9974194,35.01451613,2759,2240,77,109.2996154,53.43626374,2099,1710,75,110.2738739,34.47900901,509,323,20,142.67,33.14411765
MA Agarwal,1243,1029,50,112.50888,51.33432,1386,966,59,127.8170833,42.74458333,135,71,8,137.9644444,35.77111111,1418,1158,56,107.6233663,54.02970297,1094,786,49,118.0167692,38.05276923,252,122,12,159.65,33.94
SPD Smith,1009,827,23,119.5588172,40.63741935,1332,1033,44,121.8765672,33.74731343,154,85,3,172.6557143,24.94285714,510,416,12,112.1933962,46.99018868,1279,1095,33,116.1485915,31.73056338,706,434,25,144.05,33.72409091
BA Stokes,415,352,16,110.6634884,45.54046512,428,303,22,110.308,45.2956,92,43,0,214.35,11.85,240,181,8,112.043125,49.78,488,389,17,107.6013333,38.50733333,207,128,13,146.26,41.50333333
MS Dhoni,2377,2019,55,115.763029,43.64248963,2978,1908,83,156.0627848,33.85303797,84,30,1,271.31,33.57,59,72,2,88.64529412,67.02352941,1912,1903,39,94.57869048,42.82113095,3468,1982,98,158.23,37.11370558
JJ Roy,253,194,4,126.677619,53.56619048,341,234,14,115.2375,48.93375,20,15,1,76.925,69.23,380,290,12,118.9847368,56.64789474,193,130,7,141.81,30.5025,41,23,0,184.38,25.895
BB McCullum,1029,878,43,110.2951376,61.45614679,1529,1134,49,133.3016923,45.21923077,324,178,10,145.6826667,35.098,1557,1224,57,115.0010577,60.19807692,1144,869,39,124.975098,39.09784314,181,97,6,129.87,37.69909091
SK Raina,2065,1736,62,110.55725,49.4266,3154,2142,92,142.4186029,35.39235294,317,168,8,165.6436364,21.86545455,1560,1171,45,118.8114925,53.41395522,3077,2348,92,122.4172185,35.51066225,899,527,25,151.58,30.10740741
AJ Finch,867,733,33,109.4463333,56.133,1111,819,43,113.5592593,51.72925926,114,83,6,134.4177778,32.59222222,911,797,38,99.87267606,60.75366197,899,659,30,129.2085106,44.6912766,282,179,14,154.76,38.92952381
KD Karthik,2184,1835,76,111.0963948,43.97064378,2597,1714,95,137.6136296,38.91496296,62,31,4,175.555,35.695,397,405,9,88.87253968,56.86873016,2542,2077,88,105.7229714,41.81405714,1904,1098,78,152.65,36.88407692
G Gambhir,1496,1314,42,105.544702,53.51708609,2353,1824,68,115.2999057,40.15632075,368,266,18,125.3457576,32.01212121,2277,1868,63,110.417483,51.23353741,1670,1350,49,109.1715,37.084875,270,186,16,136.75,34.418
CA Lynn,470,371,11,121.9642857,57.82428571,783,525,21,140.5233333,41.531,76,49,6,119.41375,44.1825,779,540,16,129.74925,55.6055,514,371,17,119.0633333,42.41333333,36,34,5,75.00,55.71428571
MK Tiwary,670,647,24,104.8780723,46.79457831,936,747,29,124.4589583,36.22666667,89,55,4,142.99,50.31444444,224,230,10,78.92066667,62.985,874,807,20,97.0362963,44.55185185,597,412,27,144.91,32.19673469
DT Christian,302,277,15,100.1112195,42.92121951,158,121,12,120.7664706,44.28529412,,,,,,3,8,1,37.5,62.5,148,167,7,78.28647059,45.45117647,309,223,19,127.69,37.75064516
HM Amla,153,130,5,101.458125,56.875,298,221,6,129.5936364,36.12636364,126,56,2,223.3333333,26.66666667,261,199,6,107.348125,55.354375,194,156,5,109.118,30.718,122,52,2,234.58,25.83333333
M Vohra,497,432,17,105.3005882,59.46784314,529,375,28,113.5921875,52.60375,57,22,2,264.165,21.665,691,540,25,114.5026087,55.0223913,330,261,19,104.7291304,52.87695652,62,28,3,158.93,49.7025
WP Saha,1369,1175,47,111.4216783,48.42426573,1451,1052,68,119.3896429,45.57738095,114,73,3,137.18375,31.07625,1389,1047,55,115.8604301,54.48150538,988,900,39,94.62138462,40.12292308,557,353,24,150.15,28.61531915
AR Patel,1240,993,54,119.1241045,41.79462687,837,566,39,136.2428814,38.94542373,12,3,1,400,33.33,79,72,5,92.52117647,63.76823529,998,834,36,108.4630864,41.58382716,1012,656,53,140.76,34.40662921
GJ Maxwell,1293,971,58,117.2547761,52.97932836,1486,820,49,144.7396923,44.36707692,41,27,7,138.81,51.74571429,433,309,18,119.5002174,50.37369565,1780,1169,65,116.5185714,48.91877551,607,340,31,165.83,42.25434783
DA Miller,1369,1230,36,108.8692308,41.50979021,1874,1108,52,151.9813978,34.44946237,45,20,2,280.91,43.938,102,118,7,88.90695652,62.38173913,1677,1374,35,108.5085849,39.03726415,1509,866,48,154.95,34.4144
P Negi,273,226,14,117.1122857,47.79571429,92,63,8,130.3245455,41.14181818,,,,,,4,6,1,66.665,83.335,104,101,6,110.2407692,43.76307692,257,182,15,118.99,44.79153846
AP Tare,215,184,15,115.6174074,59.69555556,124,89,9,155.7677778,49.25666667,,,,,,226,202,13,93.15,65.61526316,73,45,7,187.9633333,45.83333333,40,26,4,125.56,43.88833333
SW Billings,250,216,13,101.4214815,53.84185185,253,172,13,129.7557143,34.85285714,,,,,,125,97,4,96.84416667,61.525,260,221,13,103.8590909,47.25,118,70,9,149.18,41.05777778
KK Nair,795,649,28,112.0114103,49.04166667,833,606,39,113.1034043,46.00404255,84,49,3,145.1466667,39.70833333,619,484,23,112.26,55.72865385,818,665,32,107.7785417,43.0325,275,155,15,159.99,33.3485
SV Samson,1992,1585,56,117.5563784,48.95562162,2793,1892,91,134.28928,38.11712,396,194,12,165.939,35.1495,1619,1271,50,114.0610791,53.06719424,2710,1954,79,122.7782308,35.63230769,852,446,30,161.59,35.06588235
RR Pant,1431,1171,37,117.1577206,45.95507353,2234,1379,69,153.8754945,38.10846154,214,94,5,215.102,41.91,490,414,10,104.1646875,52.74296875,2294,1690,59,128.4631579,37.35377193,1095,540,42,163.48,46.21460317
CH Morris,415,298,25,110.4140816,46.90469388,202,99,3,188.9181818,27.48636364,1,1,0,100,0,17,7,0,242.86,28.57,102,93,9,62.02705882,64.71470588,499,298,19,134.32,38.79051282
CR Brathwaite,142,90,11,145.7314286,49.09,39,21,2,68.42,80.70333333,,,,,,,,,,,24,32,4,78.33333333,60,157,79,9,184.69,38.746
PJ Cummins,457,310,24,129.3843137,48.59078431,185,111,8,162.4461538,45.99846154,,,,,,0,1,0,0,100,181,141,8,115.1757895,55.21736842,461,279,24,135.05,47.47604651
A Mishra,280,305,21,89.77254545,51.29272727,101,114,7,77.79272727,46.45272727,,,,,,1,5,0,20,80,120,164,5,65.90888889,45.27222222,260,250,23,92.87,50.83306122
Z Khan,94,121,12,76.9,54.02259259,23,20,2,83.33333333,56.81666667,,,,,,0,3,1,0,100,9,29,2,29.802,70.198,108,109,11,86.15,50.72333333
DR Smith,818,722,28,103.7978409,60.50318182,1454,962,43,141.4015789,43.36333333,113,80,9,120.437,50.315,1213,976,26,111.3964615,59.94707692,1004,677,38,136.9972727,43.00581818,168,111,16,123.68,45.8095
DS Kulkarni,81,93,8,100.306,42.5835,23,15,0,133.33,41.665,,,,,,,,,,,5,10,2,50,61.11333333,99,98,6,111.15,38.95833333
P Kumar,295,273,28,91.49350877,51.99017544,45,41,6,75.23857143,78.33428571,,,,,,6,8,2,60,80,40,45,3,60.3125,70.9375,294,261,29,100.01,48.61568627
RV Uthappa,1888,1692,64,107.2455838,52.81482234,2799,1957,100,138.1680303,40.65757576,267,152,11,172.5111111,30.44833333,2037,1638,60,115.5003356,52.71765101,2350,1837,91,113.134,42.16046154,567,326,24,150.84,45.71717949
MK Pandey,1443,1371,46,98.07993827,50.91166667,2290,1769,80,119.725045,38.66801802,288,157,9,185.6694737,24.68052632,1162,1012,32,99.88754545,57.11890909,2146,1814,69,104.6693333,39.36791667,713,471,34,134.25,33.93339286
YK Pathan,1544,1230,50,118.1021569,46.18163399,1667,1010,54,144.5174157,39.06089888,11,5,1,175,75,361,245,12,127.9348485,54.91181818,1735,1299,52,115.4755046,44.55055046,1126,701,41,145.82,37.54195122
SA Yadav,1863,1355,49,131.9556707,43.7627439,2565,1643,77,147.0446602,36.27378641,153,86,7,170.6923077,43.15153846,1017,722,22,125.9683951,55.39506173,2730,1894,68,130.1401575,36.87787402,834,468,43,158.36,40.72268657
SP Narine,1090,730,66,124.0534426,61.19770492,692,355,31,172.5227273,49.60030303,38,16,1,237.5,50,1174,690,48,145.778169,60.90084507,486,279,31,123.7936842,61.63105263,160,132,19,89.42,59.20641026
Harbhajan Singh,595,453,41,117.5629545,48.35954545,238,151,10,156.44,41.02294118,,,,,,62,51,3,119.8583333,53.57833333,147,141,9,91.4,58.45833333,624,412,39,123.69,47.43266667
AB de Villiers,1749,1445,51,116.0891176,44.64017647,3155,1844,66,158.6996491,32.82508772,277,122,5,211.6127778,24.33222222,741,614,22,107.1712346,54.10580247,2572,1959,60,113.6414074,35.51859259,1868,838,40,207.39,30.16283951
CJ Anderson,228,232,13,91.99896552,63.33344828,297,186,9,130.7085714,49.62642857,13,5,0,387.5,0,52,61,4,65.22888889,80.60555556,311,257,8,100.4647619,51.14761905,175,105,10,112.10,57.671875
F du Plessis,1567,1318,35,112.0065306,50.4970068,2753,1956,73,129.864,36.89436364,453,241,20,170.1782143,41.25464286,2281,1673,52,124.2312977,50.05984733,1924,1526,48,117.9830337,32.6711236,568,316,28,145.00,36.256
RA Tripathi,1060,801,34,125.9739796,46.31704082,1134,799,46,138.9871667,37.4965,97,62,5,133.0555556,42.94555556,1013,726,36,120.7224,51.0076,1059,785,32,122.674,33.64854545,219,151,17,121.54,44.1864
R Bhatia,288,242,24,124.69,39.30446809,54,42,5,107.51,44.57333333,,,,,,,,,,,91,112,6,75.07928571,44.43142857,251,172,23,135.58,38.07463415
DL Chahar,101,88,9,91.643,51.875,41,15,1,270,20,,,,,,,,,,,61,39,4,118.9583333,51.45833333,81,64,6,95.97,49.722
NV Ojha,775,732,32,102.6489362,56.5543617,703,540,38,108.6327083,51.7925,76,41,2,185.6825,37.095,494,482,22,94.13418605,67.25023256,649,537,24,100.7123913,46.35173913,411,294,26,133.85,45.30954545
V Shankar,585,521,24,110.2930159,40.23555556,603,400,22,138.428,36.45542857,45,29,0,175.1066667,25.21666667,127,130,5,88.19,59.48666667,591,510,21,105.6576744,37.13046512,515,310,20,143.59,33.37432432
Rashid Khan,495,328,40,118.0401389,59.35902778,140,78,6,191.5581818,43.62636364,,,,,,,,,,,101,84,5,117.7866667,46.99916667,534,322,41,124.46,58.99373134
B Kumar,301,330,30,87.22466667,50.4156,53,47,5,101.6922222,56.46222222,,,,,,,,,,,38,51,1,70.18666667,49.58444444,316,326,34,89.99,50.03364865
MP Stoinis,1040,817,39,118.6618519,47.17981481,1104,655,34,183.1326316,31.9722807,98,48,4,195.815,28.84166667,318,250,10,104.2428125,57.615625,944,728,32,113.674507,40.75887324,980,542,35,156.77,40.01265625
MM Sharma,121,124,13,78.86066667,55.64333333,4,12,4,25,81.25,,,,,,,,,,,36,47,4,112.9942857,52.31285714,89,89,13,77.29,55.50307692
V Kohli,2967,2451,61,115.4026545,47.91534545,5238,3871,126,124.9318182,38.0338756,1141,608,42,161.5263077,34.46,3487,2688,75,115.2808889,50.15484444,4286,3407,94,116.7960417,34.65828125,1573,835,60,161.68,33.228125
SN Thakur,274,214,21,114.3488372,49.69325581,75,49,7,115.547,63.465,,,,,,0,4,1,0,100,116,90,5,140.3763636,54.19363636,233,169,22,123.07,45.95081081
RD Chahar,96,104,14,73.96136364,64.35045455,33,20,1,150,47.62,,,,,,,,,,,4,16,2,40,65,125,108,13,87.34,59.957
C de Grandhomme,188,139,8,108.5485714,47.10285714,115,86,6,130.6957143,35.14714286,,,,,,1,2,1,50,50,142,110,7,96.316,50.342,160,113,6,121.26,41.41615385
Bipul Sharma,143,104,4,126.7229412,29.97176471,44,19,2,231.945,22.22166667,,,,,,,,,,,15,14,1,76.66666667,40,172,109,5,141.65,27.256875
SS Iyer,1428,1254,48,108.9478472,49.60013889,2604,1734,62,137.4108511,35.45223404,201,107,8,202.5386667,37.43066667,1036,912,34,111.2842157,54.04745098,2377,1740,56,119.8161468,36.25018349,820,443,28,169.12,37.41884615
EJG Morgan,596,605,29,91.69405405,54.37378378,788,529,28,134.3845238,40.04238095,22,14,2,184.845,34.845,176,192,8,78.31227273,67.09772727,714,642,26,102.7339623,46.29528302,516,314,25,135.92,42.24692308
Ishan Kishan,1317,1080,34,110.0571654,54.96724409,2105,1354,73,137.4304444,38.87177778,178,74,8,200.48,27.87666667,1524,1103,34,115.6553684,55.48989474,1660,1185,59,119.3077273,37.68113636,416,220,22,166.12,38.26896552
JD Unadkat,173,146,9,118.5935714,41.11678571,28,23,4,84.88,59.762,,,,,,,,,,,23,28,1,71.31,51.54714286,178,141,12,122.86,37.53259259
AD Mathews,340,320,11,103.3960976,42.09146341,363,241,16,145.4345833,30.21375,21,14,1,156.25,50,10,17,0,53.75,74.375,289,282,9,86.42148148,43.22777778,425,276,19,155.06,30.83387097
Mohammed Shami,114,109,19,82.20558824,57.17323529,1,2,0,50,50,,,,,,,,,,,16,15,4,85,56.666,99,96,15,81.06,56.463
Mohammad Nabi,176,127,11,132.0152632,44.40526316,45,25,5,146.286,55.192,,,,,,26,15,1,226.925,44.23,66,50,4,127.26125,29.43125,129,87,11,122.77,56.74357143
RA Jadeja,1997,1618,57,122.596439,40.134,1518,1072,61,145.9132727,34.40590909,11,9,1,117.5,12.5,157,109,4,134.2038889,50.75055556,1447,1310,35,106.7214173,39.50559055,1922,1280,80,137.82,36.3514375
KS Williamson,684,690,19,97.17618421,48.28526316,1317,932,31,132.4315385,35.78211538,131,75,8,159.6438462,30.80076923,483,480,13,98.43673913,56.73152174,1189,940,29,107.2144828,38.84275862,460,277,16,156.77,24.63129032
SE Marsh,670,623,20,102.9324638,55.18173913,1496,1042,29,133.695,37.1412,323,206,13,142.8789474,29.34,779,735,20,102.2848438,55.408125,1448,972,28,137.3576,34.4778,262,164,14,153.39,37.03190476
Shakib Al Hasan,444,392,24,100.7965385,49.24923077,331,238,15,127.2878261,39.8773913,20,9,0,222.22,11.11,37,38,2,85.9825,55.8925,429,366,15,111.3021212,46.82727273,329,235,22,114.07,44.85323529
JP Faulkner,363,286,17,128.0388889,37.36866667,164,104,8,149.5678571,43.55142857,,,,,,14,20,4,41.8275,69.7125,74,86,3,81.93166667,59.28166667,439,284,19,145.13,30.78179487
MG Johnson,153,153,11,92.74071429,50.26892857,14,11,2,125,55,,,,,,,,,,,10,20,2,48,73,157,144,11,100.35,46.66
K Rabada,202,177,14,110.4241176,53.65529412,60,62,4,94.52428571,60.91142857,,,,,,1,3,0,33.33,100,74,80,3,64.08333333,68.66222222,187,156,15,105.49,55.75258065
Kuldeep Yadav,163,199,10,83.02853659,53.23195122,47,54,4,83.835,49.70625,,,,,,,,,,,23,44,0,57.83833333,64.105,187,209,14,82.92,52.99341463
UT Yadav,200,192,19,93.49541667,54.20125,8,9,1,90,52.5,,,,,,,,,,,3,13,1,29.16666667,70.83333333,205,188,19,95.06,53.50638298
Washington Sundar,523,412,20,119.0811864,43.80966102,365,244,21,125.5959259,44.9362963,,,,,,60,47,1,111.4283333,49.13833333,348,301,13,104.5403125,39.558125,480,308,27,133.00,43.92444444
KV Sharma,263,229,19,112.981,39.7495,89,66,5,119.35,41.03125,,,,,,7,9,1,87.5,37.5,97,105,6,81.85545455,41.01727273,248,181,17,127.13,36.63818182
MJ Guptill,158,110,5,124.8638462,52.14076923,113,85,6,96.07125,57.96625,0,2,1,0,100,219,157,9,115.5746154,53.66846154,52,40,3,97.97,47.115,,,,,
IK Pathan,701,609,23,117.5934146,39.13134146,449,341,26,114.3335,42.425,,,,,,92,69,3,126.5775,44.62,395,437,19,83.1236,40.4894,663,444,27,143.73,35.85142857
LMP Simmons,228,261,7,81.63793103,69.10931034,701,487,9,132.0240909,46.61,150,104,10,153.8183333,40.505,542,460,11,101.98,63.58793103,481,356,12,137.3170588,38.90647059,56,36,3,165.53,27.524
MN Samuels,57,101,6,54.385,59.78214286,104,71,5,123.2016667,42.58666667,,,,,,9,25,1,31.845,80.9525,127,130,9,71.05636364,57.30909091,25,17,1,122.22,13.89
R Tewatia,761,625,30,126.4241758,41.3121978,540,315,22,148.6477778,42.92388889,1,3,1,33.33,100,6,9,1,61.11,72.22333333,391,388,14,96.27119048,42.06261905,905,546,38,152.68,40.21539474
SS Tiwary,575,600,20,95.23068493,45.59876712,895,631,27,133.8734884,34.99069767,24,13,2,200,20,169,161,3,97.02210526,52.99052632,871,768,28,106.3014,43.2716,454,315,18,127.13,33.55425
PP Chawla,550,474,38,105.5027907,51.15674419,74,89,15,89.14529412,50.59294118,,,,,,15,13,1,123.75,61.25,156,177,8,80.79545455,49.70545455,453,373,44,103.21,51.98558442
E Lewis,272,219,8,111.3553846,57.64653846,375,251,13,131.6423529,51.09235294,7,7,3,111.11,72.22333333,420,286,13,125,55.43181818,202,170,10,101.7383333,52.07,32,21,1,112.63,62.12
DJ Bravo,868,725,40,121.9708182,43.69218182,659,444,27,147.2839024,38.87268293,33,35,1,98.92,41.61,123,110,5,103.3506667,57.91066667,528,572,24,84.72358491,54.10679245,909,522,39,157.76,33.605125
C Munro,97,89,4,96.81818182,58.28272727,80,52,5,171.0316667,36.11,,,,,,131,91,4,118.88875,51.2875,42,45,5,83.98,50.03333333,4,5,0,80.00,60
KL Rahul,1611,1366,26,113.8248993,50.9914094,3174,2253,75,132.1103361,36.81268908,1043,569,24,172.7007143,30.03261905,2437,1892,43,120.6801481,47.45422222,2484,1789,52,132.2539216,30.30343137,907,507,29,155.55,34.52294118
Q de Kock,1159,1021,42,107.6538983,55.09771186,1963,1338,54,139.1755844,41.92883117,322,194,12,132.4673684,32.79263158,1966,1512,60,116.7128814,53.50661017,1238,924,40,114.9536842,38.06912281,240,117,8,173.49,24.26857143
SN Khan,441,331,19,119.6297674,45.18534884,286,193,13,141.5005556,40.69111111,19,19,1,100,26.32,172,113,5,123.6506667,55.786,267,249,14,88.80071429,45.84821429,307,181,14,150.71,34.87130435
RK Singh,669,527,18,124.1591935,38.77903226,687,415,22,162.9032432,42.81891892,42,14,1,215.155,34.845,40,28,0,154.7614286,42.85714286,567,511,20,102.7825,37.33125,791,417,21,170.52,39.51536585
AD Russell,1363,909,46,137.4141228,53.09745614,1278,612,44,178.8703175,48.11111111,14,4,0,350,25,41,17,1,184.7225,53.4725,1182,777,34,129.3929762,50.815,1432,731,55,169.50,49.4712987
R Vinay Kumar,246,215,18,119.8788095,40.77928571,64,59,7,94.509,60.974,,,,,,,,,,,48,48,1,89.72,41.95125,262,226,24,120.03,43.36634146
DJM Short,32,44,4,91.42857143,60,82,52,2,155.5533333,39.04666667,1,3,1,33.33,66.67,50,60,4,101.1657143,55.61285714,65,39,3,129.06,56.30333333,,,,,
K Gowtham,230,136,16,158.0555556,52.33703704,17,12,2,183.334,38.332,,,,,,8,5,1,100,112.5,75,55,7,96.13090909,52.47090909,164,88,10,180.86,50.72
S Gopal,141,128,9,94.94590909,47.24,39,41,3,90.192,47.116,,,,,,0,4,0,0,100,45,61,3,71.85285714,51.78571429,135,104,9,96.79,48.00789474
TK Curran,60,62,2,106.111,44.333,67,45,3,135.9875,26.97,,,,,,,,,,,58,57,1,111.515,35.445,69,50,4,128.64,40.10888889
R Ashwin,570,526,43,102.6724731,46.24354839,263,179,18,109.7978261,44.07695652,,,,,,78,73,6,86.934,67.082,279,276,16,74.52483871,51.17774194,476,356,39,117.24,41.28571429
Shubman Gill,1409,1136,34,119.6226154,46.95753846,2687,1806,55,136.4337778,35.83044444,502,294,22,170.2570968,31.46645161,2044,1519,43,125.9539831,45.97364407,2080,1413,44,129.5255556,31.62209877,474,304,24,148.03,37.38825
M Vijay,950,932,27,96.07333333,57.13961905,1485,1108,58,113.1478947,50.07460526,184,109,8,137.73,47.36727273,1574,1375,48,103.7465686,54.75137255,920,703,40,104.8235185,45.50055556,125,71,5,160.55,30.38777778
Mohammed Siraj,97,126,9,69.41565217,66.08130435,20,13,2,183.334,36.666,,,,,,,,,,,5,10,0,50,80,112,129,11,71.98,65.42478261
H Klaasen,804,554,11,142.6368333,34.37733333,1257,685,33,176.9066667,28.56041667,43,23,5,145.454,38.484,110,84,3,123.2613333,46.34066667,1256,795,19,144.5781481,32.52166667,738,383,27,174.28,30.12891892
JC Archer,276,197,21,115.6715,45.904,50,28,3,203.235,27.84333333,,,,,,0,4,1,0,100,60,53,5,126.833,43.167,266,168,18,122.72,42.60323529
PP Shaw,862,631,37,124.7282278,53.89936709,992,628,34,127.3321951,44.14658537,38,24,5,76.334,74,1347,919,50,127.7559494,51.71012658,515,343,23,124.0077778,39.33814815,30,21,3,75.71,67.14333333
AD Hales,66,54,3,118.7033333,54.63,82,64,3,129.2,31.06,,,,,,114,81,3,124.5233333,50.555,34,37,3,78.57333333,35.71333333,,,,,
MK Lomror,299,237,18,112.3808571,48.34942857,228,136,11,145.3384615,40.89692308,,,,,,31,38,3,89.89625,63.055,266,193,11,125.76875,33.17375,230,142,15,131.22,47.05666667
JP Duminy,717,673,18,105.8446667,40.83813333,1165,879,25,126.2523077,31.35807692,147,84,5,156.709,25.203,235,239,6,91.0048,61.0492,912,877,17,100.0018333,34.6065,882,520,25,151.87,26.18862745
MM Ali,548,456,21,106.8589831,55.04779661,603,362,29,157.5545161,37.67935484,16,17,1,94.12,47.06,233,192,8,87.03869565,66.42652174,655,484,28,117.7912821,41.55307692,279,159,15,158.88,47.4547619
HV Patel,223,212,24,96.99318182,56.35886364,57,26,4,194.6928571,35.98571429,,,,,,,,,,,67,76,6,79.28615385,56.66153846,213,162,22,106.96,53.30783784
Abhishek Sharma,1095,704,35,139.1480899,50.26842697,1175,629,41,175.7291837,43.19918367,109,56,4,127.952,51.808,1387,807,35,151.1680882,51.445,796,455,34,161.3808889,35.82622222,196,127,11,131.11,41.62833333
SP Goswami,128,143,10,76.98380952,67.14238095,160,144,7,104.347,36.506,5,8,2,58.335,41.665,163,167,8,84.665625,60.853125,104,106,7,69.309,51.98,26,22,4,86.54,76.282
SO Hetmyer,900,684,30,125.0823529,45.43682353,656,358,25,166.5746154,40.22333333,10,7,1,142.86,42.86,74,71,4,94.78777778,56.57333333,536,422,14,108.2577778,42.88703704,956,556,38,149.61,43.85757576
S Dube,970,768,24,120.9856322,45.8662069,1141,688,43,147.3005172,46.29258621,18,8,0,200,16.665,37,46,0,85.69416667,59.58416667,1328,963,37,120.9105195,43.12233766,764,455,30,154.31,45.72163265
JM Bairstow,620,456,15,131.1288462,52.24134615,929,617,28,142.0377778,40.08444444,125,73,4,193.905,28.23,944,625,19,137.894898,50.47795918,655,466,21,107.853871,46.01548387,75,55,7,120.42,49.75
CA Ingram,123,111,7,107.1293333,46.09533333,82,69,5,101.0066667,36.56,,,,,,14,18,1,75.55666667,51.11,128,120,6,78.46222222,53.94555556,63,42,5,141.11,35.30714286
N Pooran,1112,818,39,128.5723,50.5901,1414,724,40,187.3942857,38.07803571,1,1,0,100,0,228,153,9,112.8743478,60.59565217,1420,895,40,126.91175,49.59,879,495,30,167.71,42.30830189
GH Vihari,123,178,11,70.85913043,55.38826087,152,137,8,97.95333333,34.91444444,9,6,0,150,16.67,59,90,4,67.02454545,57.13545455,145,161,6,79.245,51.23083333,80,70,9,101.18,34.63
SM Curran,469,400,20,112.7258491,45.70169811,492,309,17,135.3061538,44.91846154,36,22,3,150,35.7125,147,130,6,97.72388889,47.21611111,394,350,15,99.45212121,41.26242424,456,251,19,157.89,41.065
R Parag,881,693,33,121.4430233,45.50372093,908,563,33,130.6527083,49.955,90,46,5,202.9166667,29.58333333,191,138,6,108.0952381,62.33333333,1117,808,29,129.6111111,36.84952381,571,356,36,142.24,48.4504
MJ Santner,111,101,4,95.58142857,48.59761905,25,22,4,76.666,72.668,,,,,,20,24,2,91.11,75.555,22,30,1,76.0425,41.665,94,69,5,103.06,46.74
LS Livingstone,483,376,22,113.8034694,48.32489796,562,299,17,165.99,47.60666667,21,12,2,137.5,50,179,135,9,116.5652632,51.95578947,542,393,18,104.3914706,50.09970588,345,159,14,196.35,44.836
Harpreet Brar,181,153,7,122.7985185,48.99148148,68,53,5,142.052,41.813,,,,,,,,,,,40,54,4,65.581,52.273,209,152,8,140.74,44.80782609
SE Rutherford,275,207,10,123.7255556,51.50333333,245,157,11,147.2173333,40.57933333,,,,,,4,16,1,16.665,87.5,250,183,5,118.4342105,49.53368421,266,165,15,149.83,44.7752381
Gurkeerat Singh,255,239,11,95.7440625,49.025,246,175,12,140.2389474,34.82736842,10,8,1,125,50,35,37,1,101.2966667,60.34666667,225,223,10,93.27130435,42.4773913,251,162,13,130.25,40.8055
P Simran Singh,754,546,24,126.3064615,52.44676923,1006,592,33,162.7495122,40.31121951,105,51,5,176.866,26.444,1152,753,30,133.0953226,50.74032258,634,392,28,133.8384848,42.25909091,79,44,4,156.76,31.782
D Padikkal,943,762,27,112.771573,54.22685393,1273,896,51,130.7687097,41.34080645,54,47,6,90.47714286,47.62,1074,804,31,113.1968493,54.75534247,1058,804,40,120.4423214,38.49446429,138,97,13,102.06,61.1
YBK Jaiswal,1054,685,29,142.0736585,55.37146341,1380,931,40,151.1803774,38.35943396,159,81,7,179.4411111,42.00666667,1680,1057,40,141.5847561,54.86243902,825,598,33,122.1758537,39.58658537,88,42,3,203.56,25.112
RD Gaikwad,794,721,22,101.8314286,57.4427381,1634,1134,37,137.7839344,34.38327869,411,238,13,151.4195455,35.04090909,1394,1088,34,115.7728395,52.29938272,1149,836,28,119.6402,33.7542,296,169,10,158.42,34.165
Abdul Samad,621,413,26,133.2322414,41.91775862,238,165,18,136.6663636,46.66,,,,,,2,2,1,100,50,305,251,13,115.2016216,44.52459459,552,325,30,150.46,38.85066667
JO Holder,265,220,22,107.7835294,49.04823529,59,43,4,122.66,49.84,,,,,,12,21,2,52.38,86.90333333,85,69,4,99.562,46.929,227,173,20,109.65,48.63555556
PK Garg,159,155,9,91.54736842,46.33684211,114,86,9,98.647,45.495,,,,,,51,51,3,84.818,60.548,157,150,9,98.88384615,36.72230769,65,40,6,83.45,53.33285714
Shahbaz Ahmed,337,297,16,108.80875,43.1875,266,192,12,116.9094737,45.60947368,,,,,,21,26,3,65.92666667,58.70333333,267,249,6,100.64625,47.82791667,315,214,19,127.25,43.62612903
DW Steyn,153,148,17,94.84818182,50.08424242,14,12,3,108.3325,37.5,,,,,,,,,,,4,9,1,44.44666667,66.66666667,163,151,19,98.54,47.966875
N Jagadeesan,55,71,5,60.333,68.417,107,76,4,155.584,39.48,,,,,,64,61,5,71.63375,68.67,87,73,4,105,47.462,11,13,0,84.62,46.15
MR Marsh,616,502,19,111.8675806,55.86290323,1074,651,30,149.5525,41.8835,165,96,7,141.6528571,41.73142857,839,537,18,130.7344444,51.79622222,776,555,19,122.9273684,42.18631579,240,157,19,137.85,49.61409091
M Jansen,141,134,12,91.5908,52.876,51,40,3,102.0366667,50.74,,,,,,,,,,,36,38,2,76.167,48.333,156,136,13,95.60,54.00521739
RM Patidar,605,454,12,128.8461538,43.31980769,961,510,34,179.5376316,34.33210526,46,16,1,292.855,39.285,243,215,4,100.1421429,48.63285714,1102,641,27,169.8165217,32.335,267,124,16,163.80,49.76894737
M Shahrukh Khan,517,363,23,151.5781132,44.23169811,258,161,11,131.8806667,37.06666667,,,,,,23,21,0,74.858,64,354,263,13,116.6364286,55.0425,398,240,21,168.20,35.47263158
Lalit Yadav,127,156,9,79.60857143,51.74619048,178,134,6,122.169,41.043,,,,,,25,32,0,85.436,57.642,186,178,10,83.6875,47,94,80,5,121.03,44.533
KS Bharat,68,67,3,95,56.25,107,84,4,115.95,34.672,24,12,0,200,25,65,59,2,106.16125,48.125,102,85,4,97.93833333,44.33166667,32,19,1,127.09,29.165
VR Iyer,686,531,18,128.8612903,47.17225806,942,614,30,131.5609524,43.26690476,49,36,5,99.95833333,49.79,691,499,22,133.8427907,50.77093023,769,547,18,126.4864865,34.1,217,135,13,140.49,38.81666667
GD Phillips,115,91,7,116.2330769,47.97923077,17,18,4,82.74,57.1425,,,,,,4,12,0,40,70,52,51,7,89.10375,44.40125,76,46,4,159.86,44.015
AK Markram,703,574,18,114.655303,38.33181818,966,654,36,134.4595556,35.06977778,2,6,1,60,40,486,375,15,102.385,51.07475,889,695,29,121.5712766,28.4706383,296,164,11,165.07,34.78772727
Anmolpreet Singh,76,63,5,107.6544444,55.92555556,63,52,4,98.81,56.1275,,,,,,116,91,6,108.99,59.63625,23,24,3,92.96333333,34.44333333,,,,,
Anuj Rawat,151,146,8,90.79380952,58.01571429,153,114,6,153.6366667,38.85166667,14,7,0,200,57.14,83,88,7,62.676,76.096,93,98,5,79.43181818,50.18636364,142,81,2,171.62,32.82222222
TH David,714,449,21,142.6364407,42.62050847,437,201,13,204.0496296,35.55444444,,,,,,,,,,,308,218,6,118.3067742,38.77677419,843,432,28,160.15,47.49714286
DP Conway,293,248,7,106.2403571,55.89285714,658,444,13,124.6133333,40.16714286,129,81,4,147.6875,30.44125,463,368,11,106.7517857,54.315,521,342,8,139.8017647,32.17823529,96,63,5,108.69,42.03333333
Tilak Varma,705,561,17,119.8090769,41.44692308,1099,702,31,150.0315556,36.27044444,54,21,2,220,38,192,164,6,102.7212,49.3648,1123,846,24,121.4134545,36.29781818,543,274,20,176.92,36.73727273
R Powell,291,230,14,113.2773333,52.917,264,160,10,168.958,45.92333333,,,,,,15,13,0,104.4433333,48.89,234,215,11,89.51291667,54.01458333,306,162,13,165.18,47.66263158
PBB Rajapaksa,143,93,6,134.3338462,49.36538462,134,98,6,144.4333333,38.08833333,,,,,,77,48,4,115.1755556,63.89777778,194,135,6,127.0055556,37.10222222,6,8,2,73.34,36.665
A Badoni,546,457,18,109.9814286,48.11071429,632,378,26,129.6060606,43.17878788,0,1,1,0,100,124,99,5,80.44,70.814,516,410,17,108.8264865,38.74810811,538,327,23,152.19,38.14588235
MS Wade,123,111,7,107.0807143,54.44428571,60,66,6,75.42333333,50.395,,,,,,113,98,5,108.314,60.214,70,79,8,82.5725,42.0275,,,,,
A Manohar,140,135,10,86.298,58.3395,152,100,9,134.2022222,46.77444444,,,,,,12,18,1,50,75,132,123,6,94.82615385,46.43923077,148,94,12,114.83,59.09923077
R Shepherd,205,124,7,130.9942105,50.10210526,63,29,4,175.3571429,56.42857143,,,,,,,,,,,73,52,3,101.0316667,54.74833333,195,101,8,151.38,50.77125
JM Sharma,725,481,28,141.1567797,44.98508475,382,245,20,129.1851852,48.50185185,,,,,,13,23,3,74.602,44.064,615,440,23,122.7569767,42.13255814,479,263,22,167.32,48.17121212
D Brevis,261,207,7,110.8066667,52.28833333,345,208,17,138.2835294,48.48588235,,,,,,87,76,3,82.96769231,52.20846154,431,298,15,129.1915,45.135,88,41,6,127.08,59.72166667
B Sai Sudharsan,727,544,8,131.1947368,44.38052632,1533,1006,31,135.2969388,36.40530612,255,136,12,156.20875,35.833125,1021,737,14,128.5555769,47.54346154,1186,800,23,142.4526829,26.26926829,308,149,14,173.85,33.82105263
Ramandeep Singh,245,169,8,138.3123077,38.11961538,54,36,8,146.0175,53.25125,,,,,,2,3,0,66.67,66.67,125,112,10,106.5492308,43.65769231,172,90,6,173.81,31.671875
SS Prabhudessai,97,79,5,108.65,55.429,29,27,4,85,65,,,,,,8,12,0,80,40,94,74,6,113.9125,49.8425,24,20,3,81.39,78.35666667
Aman Hakim Khan,64,62,7,103.112,61.361,48,38,1,135,46.665,3,4,1,75,50,4,5,0,80,80,52,58,1,113.525,46.35,59,41,8,113.52,56.75888889
DJ Mitchell,178,137,2,126.4446667,31.33333333,173,130,11,108.7508333,38.08166667,,,,,,97,78,2,105.7988889,46.21444444,208,151,9,125.507,27.256,46,38,2,116.15,17.64
Shashank Singh,471,321,16,133.8352381,42.01357143,434,239,8,173.773,34.0285,,,,,,34,25,1,167.5,50.4175,359,273,10,112.9448276,41.29551724,512,262,13,162.59,35.94466667
R Dhawan,142,131,6,121.2377273,38.68636364,68,56,4,99.27,53.22875,,,,,,,,,,,42,55,2,84.613,53.637,168,132,8,139.98,32.34789474
T Stubbs,397,337,11,106.2090698,39.42976744,577,305,10,197.36125,20.4525,12,7,0,171.43,0,46,41,2,145.4111111,49.39111111,394,333,10,94.36294118,35.39647059,546,275,9,179.15,24.35689655
Sikandar Raza,91,72,2,120.6866667,44.23333333,91,63,4,117.998,43.668,0,1,1,0,100,8,9,0,57.145,64.285,127,93,4,132.395,42.08333333,47,34,3,127.46,46.508
Rahmanullah Gurbaz,177,144,5,101.975,69.53722222,183,121,11,121.2975,50.7425,3,4,1,75,50,252,195,12,104.7323529,67.65470588,111,73,4,154.1,36.992,0,1,1,0.00,100
KR Mayers,137,115,2,105.3846154,70.25615385,241,146,10,137.9054545,48.83818182,1,2,1,50,50,282,205,8,110.8784615,66.28153846,97,58,5,108.928,45.716,,,,,
RR Rossouw,231,160,10,113.8995455,59.08727273,242,148,10,160.3666667,39.16666667,,,,,,139,99,8,107.6523077,62.36692308,252,170,10,123.5321429,49.27071429,82,39,2,204.11,23.6475
HC Brook,81,78,5,81.23363636,66.10363636,78,61,4,127.8966667,46.37,31,15,0,206.67,6.67,96,84,4,100.2571429,61.25142857,58,45,4,80.19166667,60.915,36,25,1,100.00,47.22333333
C Green,401,313,11,120.337381,38.44571429,595,343,13,169.3208696,31.66826087,33,25,2,192.6966667,33.65,257,171,6,130.6428,40.1312,507,365,17,120.4314286,38.32357143,265,145,3,169.27,20.81823529
N Wadhera,341,287,16,116.0872973,50.72081081,419,260,13,155.49,41.24105263,24,13,3,72.72666667,72.72666667,53,50,1,114.732,59.225,577,420,15,123.3454839,47.59806452,154,90,16,143.66,49.80789474
Arshad Khan,85,62,5,110,47.5925,57,33,1,127.7766667,54.58666667,,,,,,,,,,,54,36,2,140.858,45.048,88,59,4,108.31,48.824
Abishek Porel,407,276,14,137.4112121,45.77818182,362,253,16,131.0464706,41.67,,,,,,382,259,12,127.2988462,52.45307692,325,234,14,130.4311765,31.32411765,62,36,4,161.59,41.27142857
Dhruv Jurel,528,381,20,122.5378431,43.77196078,659,389,15,175.9096154,29.42576923,8,5,1,133.335,50,151,93,4,126.7521429,57.78642857,559,403,17,110.2614706,41.58235294,485,279,15,160.74,28.12724138
MW Short,104,77,4,122.91,64.02,73,66,5,115.464,48.036,,,,,,138,103,6,113.87,66.64555556,39,39,2,80.33333333,38.55666667,0,1,1,0.00,100
Atharva Taide,123,84,3,140.444,54.778,135,91,6,114.7542857,53.44142857,2,2,0,100,0,157,103,5,141.567,54.796,103,74,4,142.244,31.046,,,,,
Harpreet Singh,60,66,1,93.055,36.38875,63,53,5,94.556,44.886,,,,,,30,29,0,102.7266667,59.13666667,43,52,2,72.666,41.666,50,38,4,133.77,22.142
PD Salt,495,314,14,139.406,55.80675,740,395,22,172.3261538,38.26923077,23,12,1,181.43,27.145,840,488,22,144.0460526,54.00342105,383,214,14,163.9464706,33.62529412,35,19,1,184.13,37.3
D Wiese,96,72,3,142.3481818,33.68,52,29,2,171.11,30.55666667,,,,,,,,,,,23,24,0,91.714,26.858,125,77,5,166.02,35.24888889
R Ravindra,186,148,7,110.0461111,53.50333333,207,134,9,150.666,36.444,20,5,0,400,0,275,200,10,111.7022222,50.88055556,114,78,6,156.1728571,30.55428571,24,9,0,266.67,0
SD Hope,90,70,3,129.2588889,44.81555556,93,52,4,194.5525,26.3625,,,,,,78,60,3,128.8885714,48.41428571,94,52,4,169.7375,26.4725,11,10,0,110.00,40
MA Starc,84,95,8,82.80863636,43.66863636,27,26,3,96.76666667,43.40666667,,,,,,,,,,,37,35,1,94.3375,46.695,74,86,10,81.24,42.97047619
Azmatullah Omarzai,122,86,6,122.4236364,41.91909091,29,15,4,118.215,64.6425,,,,,,,,,,,82,63,4,122.5214286,37.99571429,69,38,6,145.24,48.73
Naman Dhir,421,260,13,147.7775758,44.2169697,289,173,13,168.6044444,29.16055556,,,,,,165,116,7,116.2885714,57.39,249,164,8,145.2270588,26.69764706,296,153,11,159.10,38.975
Sameer Rizvi,130,125,9,87.05722222,61.93166667,255,150,4,169.6725,28.71625,39,18,1,224.025,39.61,18,32,3,59.18428571,76.70142857,275,196,6,96.87692308,52.41307692,131,65,5,179.79,32.57444444
SB Dubey,184,127,7,127.2735294,42.04470588,36,16,3,203.5714286,28.57142857,,,,,,14,6,0,233.33,50,55,49,4,114.6811111,31.74666667,151,88,6,147.17,40.91916667
A Raghuvanshi,358,254,8,135.639,43.73833333,500,337,15,145.3157143,30.85,27,17,1,185.32,20.63333333,283,194,6,145.8140909,51.17136364,465,330,12,120.6609091,36.49681818,137,84,6,133.42,34.043
Ashutosh Sharma,342,216,11,156.0580769,40.86576923,222,118,8,167.2007143,28.53214286,,,,,,,,,,,147,117,5,115.225,36.6775,417,217,14,187.35,38.35142857
Nithish Kumar Reddy,391,301,10,122.5508571,42.73485714,394,238,17,148.287619,43.1152381,2,2,0,100,0,75,84,4,75.44142857,59.52357143,476,337,13,118,40.35038462,236,120,10,163.04,39.98333333
WG Jacks,314,208,10,146.1857692,36.905,282,170,11,139.5808333,37.3725,6,1,0,600,0,238,155,6,134.7815789,42.82052632,291,199,13,134.3858824,34.13176471,73,25,2,230.83,26.66666667
J Fraser-McGurk,196,107,8,147.3733333,67.13533333,189,86,6,244.4133333,36.715,,,,,,298,144,10,155.138,65.80333333,87,49,4,222.1825,48.4925,,,,,
D Ferreira,171,116,8,125.05125,50.0725,149,71,3,295.8528571,26.07,6,4,1,150,50,14,11,0,127.27,54.55,120,86,3,115.496,44.859,192,94,9,156.70,48.67615385
Aniket Verma,207,137,8,144.504,45.3765,108,58,5,174.7683333,49.815,0,1,1,0,100,17,16,0,108.73,49.21,155,103,7,123.7675,46.67333333,143,77,7,182.45,39.06615385
RD Rickelton,331,221,11,146.6161538,50.23230769,465,257,12,158.2386667,41.01666667,40,19,1,164.4466667,17.77666667,554,343,13,150.9730769,46.62269231,258,141,10,130.52,46.79769231,24,13,1,129.55,29.545
V Nigam,119,67,3,146.643,39.19,38,22,3,134.1275,51.825,,,,,,20,8,0,250,25,53,33,1,157.1525,39.0375,84,48,5,139.44,41.01
Priyansh Arya,464,251,13,158.6009677,49.95387097,444,218,17,169.5361111,52.05,1,2,1,50,50,678,355,22,159.2606452,50.93516129,231,116,9,196.6788889,33.24444444,,,,,
J Overton,105,56,2,192.41125,37.97625,46,37,3,127.52,31.71,,,,,,,,,,,47,30,0,175.355,23.685,104,63,5,185.16,39.1525
Suryansh Shedge,83,63,4,123.44,40.679,82,38,3,213.41,24.08,,,,,,16,9,0,177.78,77.78,106,63,4,152.308,27.754,43,29,3,127.40,43.63166667
JP Inglis,225,140,3,157.7375,45.17875,312,168,9,204.46,35.60636364,7,6,2,137.5,62.5,307,155,5,175.0776923,47.71692308,206,137,7,130.8011111,32.32444444,31,22,2,135.42,35.4175
V Suryavanshi,401,193,5,189.4204348,50.72478261,608,249,17,237.9122222,38.85444444,19,7,1,271.43,28.57,665,293,11,196.8991304,49.97217391,334,146,11,184.6875,41.8225,29,10,1,290.00,30
A Mhatre,179,102,4,143.0769231,55.12846154,244,127,6,183.4222222,42.07888889,18,11,2,164.585,22.915,275,145,9,148.8741667,54.98666667,157,85,2,179.67,37.3875,9,10,1,92.85,23.81
JG Bethell,108,73,5,144.1266667,55.76666667,55,43,4,76.565,50.6075,,,,,,137,90,7,143.76,55.50111111,26,26,2,105.625,24.375,,,,,
Urvil Patel,143,71,6,160.043,62.5,54,25,4,188.675,47.97,,,,,,144,68,6,163.432,59.831,53,28,4,150.1625,75.9725,,,,,
S Arora,107,69,4,145.25,43,14,8,2,161.11,72.22333333,,,,,,2,1,0,200,0,31,28,2,106.6675,47.915,88,48,4,145.47,49.58875
FH Allen,163,88,6,176.9581818,49.37272727,165,68,4,223.848,36.514,21,7,0,300,28.57,207,113,9,175.9490909,50.02818182,142,50,1,288.335,21.665,,,,,
Kartik Sharma,131,95,3,135.4545455,44.34363636,164,119,5,111.98375,49.90125,0,2,1,0,100,31,23,0,128.3333333,45,187,149,5,101.113,51.465,77,44,4,149.49,51.595
C Connolly,161,121,3,123.8461538,53.07692308,256,151,7,164.481,42.931,74,29,1,241.2266667,25.44,137,103,3,103.303,67.777,260,161,7,165.356,32.85,94,37,1,242.03,15.64666667
MD Choudhary,89,73,3,113.666,46,81,47,3,118.776,46.792,,,,,,,,,,,55,43,1,124.90375,30.9575,115,77,5,94.24,57.43666667
P Nissanka,115,80,4,130.047,54.857,163,95,6,175.5316667,34.025,,,,,,235,139,6,143.155,49.54,43,36,4,113.36,29.5375,,,,,
SC Ganguly,440,486,17,86.26571429,63.83696429,763,711,30,94.15076923,53.64153846,146,66,5,169.3471429,39.66714286,529,518,19,87.995,62.57,630,642,24,89.5772973,52.58351351,190,103,9,182.19,39.57583333
DJ Hussey,491,504,17,90.3042623,50.12754098,812,562,28,134.3531707,38.18682927,19,9,1,208.335,41.67,134,115,3,103.1790476,57.72904762,778,727,26,101.4776923,39.90461538,410,233,17,147.56,40.19428571
R Dravid,730,731,17,96.41134146,55.31243902,1358,1089,50,108.5539683,43.3015873,86,62,8,125.5675,32.71625,905,832,17,97.26265625,57.2128125,1069,931,43,108.065,35.74548387,200,119,15,126.83,44.025
W Jaffer,52,65,4,75.9375,72.8125,78,56,3,114.17,42.24333333,,,,,,77,89,5,79.61625,68.86375,53,32,2,162.94,28.04,,,,,
JH Kallis,818,814,29,91.23947368,62.19242105,1334,1227,39,100.8375,45.61609375,275,181,15,137.8409524,38.91714286,1036,982,33,93.93365854,63.42146341,997,1012,30,87.971,40.70766667,394,228,20,136.86,43.04482759
CL White,365,357,15,95.90822222,51.98755556,548,378,16,126.94,31.83,58,25,3,222.5,21.025,107,116,7,56.9765,74.0625,501,451,17,98.2175,45.8575,363,193,10,180.23,23.4985
MV Boucher,188,183,9,98.37826087,43.87,206,126,5,179.212,26.613,,,,,,22,24,1,67.77666667,56.66666667,137,138,5,89.61375,41.05,235,147,8,135.76,36.279375
ML Hayden,353,295,7,112.1953125,58.2821875,647,454,18,133.5988462,46.77115385,107,57,3,174.1016667,31.28833333,599,462,14,117.7778125,57.0346875,412,294,12,143.16,39.28368421,96,50,2,188.37,33.118
MEK Hussey,488,539,12,88.1712069,58.61931034,1187,920,29,108.0469565,42.80304348,302,153,8,180.3613333,28.56066667,828,767,19,99.81981818,55.97836364,888,709,23,112.5248718,33.60871795,261,136,7,182.24,24.614
JDP Oram,63,73,6,89.82636364,51.51545455,43,35,2,96.74666667,39.61666667,,,,,,,,,,,44,58,3,68.74857143,55.57,62,50,5,122.08,42.9025
S Badrinath,447,496,17,97.49015385,49.77123077,907,662,25,130.6102632,39.28394737,87,54,4,151.208,19.911,182,237,6,63.08965517,70.84827586,837,697,20,108.4411905,41.46571429,422,278,20,139.24,32.79820513
K Goel,94,131,6,64.47875,63.4675,124,100,7,140.16,49.372,,,,,,160,161,8,78.32416667,62.11,28,42,4,71.73714286,48.67,30,28,1,91.11,56.66666667
JR Hopes,180,150,8,118.9473684,47.00526316,228,149,6,126.7577778,41.83333333,9,7,2,125,29.165,167,133,7,108.4385714,57.20142857,187,128,5,148.3955556,36.07666667,63,45,4,141.35,31.58714286
KC Sangakkara,594,579,19,99.18426471,53.08338235,982,746,39,120.7329167,35.55395833,111,67,7,150.2055556,33.84555556,522,450,14,100.858125,57.515,963,812,38,105.9873585,36.48358491,202,130,13,135.95,41.16875
SM Katich,110,97,3,102.7272727,53.63636364,121,77,5,117.6642857,50.93142857,10,12,1,83.33,58.33,145,108,5,116.2633333,56.35444444,76,62,4,103.3316667,34.57166667,20,16,0,125.00,25
M Kaif,169,180,8,91.25,54.31227273,90,70,8,116.4690909,43.73727273,,,,,,22,38,2,43.834,77.952,183,167,8,111.5913333,43.36266667,54,45,6,129.45,37.19
SK Warne,156,159,13,82.02333333,59.56185185,42,55,4,70.295,38.705,,,,,,,,,,,61,82,6,54.522,74.869,137,132,11,91.48,47.98619048
V Sehwag,1155,817,48,131.1383654,55.11692308,1417,859,41,142.6296364,43.10181818,156,79,6,199.3977778,38.40111111,1593,1105,58,131.3912621,54.83126214,1062,615,33,147.8238095,35.9947619,73,35,4,165.74,41.66666667
ST Jayasuriya,316,256,11,109.3453333,78.738,418,263,15,147.43,53.24684211,34,13,2,161.11,38.89,514,366,19,115.376,78.557,254,166,9,139.846,37.826,,,,,
AM Nayar,361,362,19,87.0658,49.742,311,215,17,146.2258333,36.5625,,,,,,65,73,3,63.76727273,75.65818182,297,307,15,89.90846154,41.74,310,197,18,124.07,42.86758621
SM Pollock,76,62,2,95,56.25,71,49,6,165.0716667,41.53666667,,,,,,1,6,0,25,75,66,63,2,73.192,57.908,80,42,6,132.34,57.34
LRPL Taylor,521,452,16,108.5825926,46.8512963,482,360,21,140.079697,40.11545455,14,10,1,140,20,155,121,3,93.27588235,53.55352941,550,502,23,100.1922222,44.42133333,312,199,12,141.37,39.36416667
AC Gilchrist,815,670,28,112.181,60.202125,1133,761,42,139.5678846,48.46730769,121,64,5,162.38,42.2825,1385,1033,47,116.98,58.698875,621,430,27,124.0093548,46.0916129,63,32,1,159.87,36.765
Y Venugopal Rao,430,432,15,96.27903846,49.48442308,545,396,26,123.4306061,43.66393939,10,8,1,116.665,33.335,76,97,3,69.03583333,70.55916667,522,488,16,85.95783784,49.72216216,387,251,23,133.42,39.40645161
VVS Laxman,136,161,10,74,60.8495,144,102,5,130.68125,27.5725,2,4,1,50,50,187,188,9,83.36473684,56.93736842,92,73,6,92.67375,37.1,3,6,1,50.00,50
A Symonds,334,328,5,99.83055556,49.73777778,591,406,19,135.6557143,35.67642857,49,16,0,303.845,7.69,72,82,1,65.04733333,72.74066667,609,484,13,118.9845161,41.89419355,293,184,10,131.23,38.796
SB Styris,66,72,3,100.738,36.297,64,60,4,72.89,62,1,1,0,100,0,8,13,0,72.22333333,27.77666667,83,93,4,93.01285714,39.57571429,40,27,3,152.32,29.62833333
LR Shukla,282,245,21,109.9793939,46.47181818,118,99,6,100.241,37.293,5,6,0,83.33,66.67,2,5,0,41.665,58.335,184,181,13,118.9385,46.163,219,164,14,121.59,44.096
DPMD Jayawardene,786,675,27,112.7932051,50.99717949,864,706,27,106.3733333,45.993125,158,83,4,136.338,24.579,611,501,22,111.6278,55.9028,823,728,27,107.5788235,43.01980392,374,235,10,136.56,32.1808
S Sohal,138,143,8,86.25,66.139,230,148,9,148.6709091,42.89727273,0,1,1,0,100,279,220,10,107.9858824,59.68529412,85,63,5,130.09,38.652,4,9,3,33.33,75
B Lee,124,94,7,111.0021053,46.25368421,0,3,2,0,100,,,,,,,,,,,12,10,1,104.4433333,28.89,112,87,8,107.57,49.17666667
Kamran Akmal,89,54,4,164.84,46.28333333,39,24,0,158.335,38.89,,,,,,51,41,2,123.9575,57.015,51,20,2,181.8166667,44.69666667,26,17,0,152.94,29.41
GC Smith,203,247,8,72.44103448,68.22965517,482,377,13,110.6214286,46.84714286,54,44,5,111.76125,50.5175,374,387,13,80.63068966,64.23931034,299,241,10,103.91125,45.42,66,40,3,165.33,37.11
AB Agarkar,123,118,4,114.1177778,38.89666667,56,36,4,139.7,24.648,,,,,,20,13,1,153.85,69.23,34,47,2,94.14833333,49.03333333,125,94,5,128.62,30.52733333
M Kartik,98,91,3,94.84142857,33.41214286,15,17,3,66.6675,46.665,,,,,,,,,,,35,32,1,108.7633333,40.2,78,76,5,83.57,36.46076923
MF Maharoof,115,98,5,97.61928571,51.13071429,62,25,5,179.7628571,32.14285714,,,,,,,,,,,42,34,3,86.1125,52.7775,135,89,7,117.47,46.89454545
B Chipli,152,168,9,90.89238095,51.10761905,128,83,6,120.6744444,45.17444444,,,,,,55,76,5,75.69875,68.84875,125,119,9,85.68416667,48.08833333,100,56,1,153.06,23.47
DB Das,184,163,4,117.835,48.97363636,120,98,8,119.97,42.059,,,,,,58,53,4,80.61333333,69.325,129,111,2,137.0122222,43.78444444,117,97,6,123.96,40.36
HH Gibbs,316,319,13,91.10222222,71.14638889,500,434,15,113.1773913,43.22695652,70,54,3,116.7133333,23.91166667,447,416,15,93.10057143,67.47685714,367,345,15,95.79190476,47.11428571,72,46,1,143.33,16.024
SA Asnodkar,172,145,9,107.6757895,66.37368421,246,190,8,130.09,42.568,5,4,1,125,50,278,209,9,115.0757895,64.22947368,145,130,9,93.865,50.566,,,,,
Salman Butt,51,61,2,85.71428571,75.20428571,116,82,3,136.446,42.222,26,18,2,101.785,71.43,104,98,4,104.4371429,67.26428571,73,57,2,148.3333333,40.57,16,6,1,266.67,33.33
BJ Hodge,494,528,15,86.07761905,52.42857143,857,555,23,148.8395122,35.63219512,49,35,3,115.8333333,39.16666667,148,162,7,71.84818182,70.19909091,646,583,14,99.888,41.33911111,606,373,20,143.63,35.24162162
SP Fleming,80,79,4,93.556,65.056,116,86,5,149.99,44.32666667,,,,,,120,110,6,101.756,62.072,76,55,3,138.8525,42.655,,,,,
S Vidyut,74,64,4,110.71375,65.8925,71,45,4,124.9475,56.445,,,,,,103,76,5,132.4671429,58.35714286,42,30,2,72.415,68.965,0,3,1,0.00,100
JA Morkel,628,466,26,132.4013433,39.75656716,321,206,12,136.9175,41.5065,26,15,0,173.33,26.67,18,13,0,125.9233333,33.33333333,320,266,10,104.7048276,42.80206897,637,408,28,149.96,36.91
DB Ravi Teja,180,180,10,107.0032,40.44,195,136,8,128.5033333,36.42333333,0,1,1,0,100,53,58,2,80.16,58.7,153,137,3,96.52833333,44.73166667,169,122,14,130.37,37.7695
Misbah-ul-Haq,49,48,6,79.1825,57.455,68,33,1,211.115,26.665,,,,,,27,19,3,82.2925,69.7925,48,42,3,101.094,39.082,42,20,1,116.67,61.11
YV Takawale,74,83,2,85,67.25,118,95,6,119.6333333,51.94833333,,,,,,121,132,5,74.8,72.57875,42,33,3,124.0733333,29.62666667,29,13,0,200.00,26.25
S Anirudha,65,63,6,99.52416667,56.535,55,35,1,208.335,36.665,16,15,1,106.67,33.33,26,28,3,38.295,87.5,34,33,0,77.77666667,71.36666667,76,52,5,136.99,40.49555556
SR Tendulkar,736,700,15,98.62179487,58.2424359,1362,1106,43,111.4629032,46.79370968,236,142,9,149.0411111,33.95222222,1143,982,25,106.7512987,55.40545455,967,829,34,105.3511538,43.77788462,224,137,8,138.44,36.50555556
TM Dilshan,437,409,18,94.8406,62.993,596,515,18,105.2148387,50.57935484,120,83,4,132.5833333,40.73666667,488,440,18,92.24902439,64.63097561,466,451,17,85.39516129,54.0983871,199,116,5,170.05,34.70230769
NK Patel,44,52,0,100,63.33333333,77,67,4,74.09,57.85,,,,,,45,55,1,68.985,74.57,39,42,3,70.2775,50.1375,37,22,0,182.50,37.5
LA Pomersbach,151,124,6,112.39875,47.21,122,112,4,99.63125,40.3275,29,10,0,290,10,104,80,4,127.3125,47.575,131,117,3,110.3966667,41.06,67,49,3,117.00,28.74
JD Ryder,300,233,10,108.0462069,57.38482759,253,191,16,104.5922222,51.805,51,34,1,148.61,26.39,440,326,18,108.0272414,57.14448276,119,104,8,103.448,36.807,45,28,1,156.42,28.34
KP Pietersen,375,318,6,106.1805556,51.875,564,396,20,133.243,37.18466667,62,29,1,134.7233333,47.22333333,392,294,5,117.5425,47.31821429,486,380,20,114.6403333,44.07466667,123,69,2,158.44,26.34428571
RS Bopara,162,190,5,75.79545455,53.29545455,287,226,9,123.7729412,30.23647059,82,37,3,206.5366667,18.51,130,144,5,76.6925,60.9925,222,205,4,88.53066667,41.88,179,104,8,142.03,34.00461538
PC Valthaty,203,196,11,94.88086957,67.38130435,246,182,9,107.6183333,58.92833333,56,40,2,128.4466667,41.53333333,312,278,15,94.06434783,66.61,147,118,6,88.93,58.07375,46,22,1,212.94,28.825
RJ Quiney,39,51,5,98.84857143,67.65857143,64,51,2,122.38,39.05,,,,,,65,71,5,107.0742857,64.02285714,37,28,1,120.76,38.01,1,3,1,33.33,66.67
AS Raut,110,111,5,86.71875,51.5625,84,56,4,161.6775,20.1,,,,,,7,6,0,116.67,50,67,58,3,107.861,36.306,120,103,6,95.80,44.71538462
M Manhas,277,258,14,96.725,50.56289474,237,212,9,115.48,35.68823529,,,,,,46,53,3,54.6875,78.1875,224,232,10,87.41714286,46.32095238,244,185,10,120.39,38.9404
DL Vettori,81,77,5,93.854375,36.25,40,36,2,85.5175,57.9375,,,,,,,,,,,47,54,5,63.765,57.36625,74,59,2,117.68,24.22272727
MN van Wyk,45,42,1,90,68,112,82,1,184.6675,18.1675,10,8,1,125,37.5,28,25,1,82.32333333,87.12,73,64,1,113.4633333,27.87666667,66,43,1,153.19,24.16666667
RE van der Merwe,94,101,6,84.03733333,50,65,40,5,152.324,35.05,,,,,,36,37,2,88.6625,61.415,70,58,4,115.3057143,47.15,53,46,5,94.61,37.90666667
TL Suman,348,325,12,98.49820513,55.40128205,292,229,17,109.9144,45.3016,36,21,1,134.56,33.825,185,181,15,81.71904762,67.28666667,347,286,10,117.9645,37.6145,144,108,5,119.39,40.15285714
RJ Harris,104,97,11,96.28285714,43.33285714,13,15,1,86.67,40,,,,,,,,,,,20,25,1,71.47333333,44.55,97,87,11,104.26,42.7495
M Morkel,126,90,10,117.028,43.6285,,,,,,,,,,,,,,,,10,9,0,107.145,28.57,116,81,10,109.53,48.0035
J Botha,206,199,12,107.9367857,43.13571429,183,153,8,110.2554545,34.05181818,20,7,0,285.71,0,45,52,1,70.48125,65.84375,205,184,7,99.99133333,44.358,159,123,12,126.69,31.45473684
GJ Bailey,312,302,10,96.22777778,44.32305556,341,237,15,133.5779167,40.81875,10,5,1,200,20,131,128,3,100.602,50.19866667,205,229,13,77.74730769,44.28538462,327,187,10,150.94,28.79777778
AB McDonald,81,68,4,106.4644444,43.60666667,42,32,1,113.4933333,41.53666667,,,,,,30,19,1,157.89,57.89,13,16,1,79.165,25,80,65,3,109.18,42.40571429
Y Nagar,148,147,6,89.897,58.849,123,105,8,111.094,43.863,14,7,0,200,28.57,2,3,0,50,50,104,129,3,86.60636364,35.91,179,127,11,115.49,56.7975
CA Pujara,195,200,5,93.03045455,57.79045455,185,183,12,78.251875,58.39375,10,8,1,125,50,215,229,10,94.701875,60.218125,128,121,3,99.6775,34.24,47,41,5,90.39,52.32
OA Shah,190,172,3,105.4759091,40.20590909,303,206,7,140.475,35.05142857,13,11,2,94.44666667,38.88666667,23,18,0,86.6675,68.3325,214,200,4,85.39333333,50.40333333,269,171,8,132.60,30.52944444
R Sathish,196,178,10,103.6408333,42.09125,74,53,6,114.8144444,48.04,,,,,,0,7,1,0,100,106,106,6,89.66090909,45.20090909,164,118,9,123.32,37.23235294
R McLaren,53,75,5,63.99230769,57.36307692,100,91,2,94.272,39.032,6,5,1,108.335,41.665,12,18,0,66.67,61.11,78,95,2,65.35428571,52.32857143,69,58,6,88.81,46.88272727
AA Jhunjhunwala,96,109,6,89.15066667,59.984,110,96,6,91.06285714,45.60571429,11,5,0,220,20,24,34,0,68.47166667,58.705,124,125,5,102.0788889,45.44555556,69,51,7,101.88,50.35222222
P Dogra,55,85,5,68.125,51.45833333,72,53,3,93.652,49.626,,,,,,,,,,,54,76,0,56.76,55.10714286,73,62,8,108.03,38.72916667
MS Bisla,329,328,12,88.18846154,68.83205128,395,330,21,99.3096,55.0128,74,44,3,136.065,27.5425,474,434,18,88.77675676,69.50324324,272,235,16,88.41888889,50.805,52,33,2,150.93,40.74333333
MJ Lumb,111,89,5,98.81916667,68.05583333,163,102,4,154.6783333,42.66333333,4,3,1,133.33,66.67,225,154,6,108.365,63.015,53,40,4,97.864,61.438,,,,,
FY Fazal,88,91,2,87.72727273,49.54545455,95,82,7,103.56,38.44375,,,,,,76,79,3,73.69375,57.41375,69,62,3,89.60833333,39.99333333,38,32,3,110.00,32.93
AC Voges,80,67,1,119.1842857,34.08142857,101,76,3,131.6316667,27.39666667,,,,,,7,9,0,77.78,55.56,89,78,3,125.3471429,29.00142857,85,56,1,148.59,22.9075
MD Mishra,139,139,8,89.33235294,56.24705882,98,69,7,100.64,61.49777778,,,,,,129,124,8,96.89230769,62.09076923,81,65,6,113.2011111,43.51777778,27,19,1,131.25,27.84
PD Collingwood,53,53,3,93.40142857,48.89428571,116,90,0,128.89,34.44333333,34,13,1,205.5566667,40,26,19,0,116.6675,51.0425,96,92,3,82.16,46.55,81,45,1,180.60,31.05
UBT Chand,148,159,9,78.736,70.4445,152,141,11,85.06727273,57.12636364,,,,,,120,142,9,70.951,73.3065,150,140,8,96.87636364,45.40363636,30,18,3,136.85,29.07333333
AL Menaria,191,183,7,95,53.98521739,210,173,14,121.3964286,38.58071429,,,,,,8,8,0,72.22333333,69.44333333,296,268,11,92.82,50.97473684,97,80,10,111.19,45.515
JEC Franklin,117,135,4,90.903125,49.096875,187,153,5,114.234,38.44,23,13,2,125,29.545,79,93,3,71.58714286,66.07142857,151,140,4,96.034,37.739,97,68,4,125.92,28.72666667
DH Yagnik,132,111,7,121.3335294,44.68,38,26,2,189.285,38.3925,,,,,,,,,,,74,62,5,127.4671429,52.21,96,75,4,121.36,40.1525
NLTC Perera,309,232,13,124.697,46.154,115,77,9,177.0141667,35.87333333,,,,,,20,16,1,113.3333333,48.33333333,137,117,7,110.1741176,43.29588235,267,176,14,138.51,45.60954545
RN ten Doeschate,160,134,9,109.7390476,47.25666667,147,92,5,147.48,42.82875,19,9,0,211.11,11.11,6,7,0,95.835,54.165,108,88,4,86.56125,50.61,212,140,10,131.68,44.60764706
AC Blizzard,56,56,4,86.32714286,65.10142857,64,34,3,130.8966667,59.48666667,,,,,,99,76,5,100.1757143,61.74428571,21,14,2,130,52.22,,,,,
KK Cooper,103,60,7,160.0691667,45.41666667,13,8,2,175,50,,,,,,7,2,0,350,0,30,22,2,120.535,58.93,79,44,7,162.50,44.5
N Saini,76,81,5,89.722,55.389,64,60,5,93.282,46.718,,,,,,80,84,3,99.43285714,55.71428571,53,49,5,57.05333333,60.43333333,7,8,2,87.50,62.5
Azhar Mahmood,181,164,10,100.1966667,54.35714286,205,134,7,137.381,32.881,2,5,2,25,75,22,24,1,71.666,76.666,243,188,7,119.8530769,36.41615385,123,91,11,118.80,49.66230769
A Ashish Reddy,223,166,11,131.6182609,32.76869565,57,27,4,162.3616667,38.055,,,,,,5,6,1,83.33,83.33,61,41,0,133.75,35.834,214,146,14,130.35,31.96
BB Samantray,46,47,1,102.5,40,71,60,3,97.685,31.8525,8,6,1,133.33,33.33,15,21,0,72.225,66.67,68,62,2,75.41,54.1975,42,30,3,142.97,19.61166667
PA Reddy,92,92,3,95.028,52.667,72,68,7,103.1928571,53.78,,,,,,103,104,5,87.10666667,57.18,46,51,4,91.536,34.548,15,5,1,300.00,20
MC Juneja,65,62,2,100.7942857,47.30142857,60,66,5,83.5,42.666,,,,,,20,18,1,75.334,49.334,88,94,4,95.42833333,42.92166667,17,16,2,106.25,43.75
BJ Rohrer,73,68,3,125.48,47.4,120,73,4,147.858,30.36,,,,,,0,1,1,0,100,114,105,5,101.4628571,49.55428571,79,35,1,256.35,14.02333333
LJ Wright,68,39,2,171.332,46.668,38,21,2,165.385,30.29,,,,,,8,8,1,126.665,73.335,14,15,0,99.26,38.52,84,37,3,228.15,23.33333333
CM Gautam,101,92,6,104.3376923,51.21230769,68,58,3,117.3975,62.5425,,,,,,68,62,5,91.58714286,62.36285714,46,44,2,99.9775,61.2575,55,44,2,125.04,42.5
DJG Sammy,163,154,7,110.889,51.194,132,86,7,151.5690909,43.77363636,0,1,1,0,100,8,5,0,160,80,151,140,4,103.8385714,50.035,136,96,11,134.97,46.816
UT Khawaja,81,54,1,157.3616667,41.805,46,46,4,83.9225,55.22,,,,,,107,75,3,154.675,42.25166667,20,25,2,75,46.665,,,,,
