batter,p1_10_runs,p1_10_balls,p1_10_dismissals,p1_10_sr,p1_10_dot_pct,p10_40_runs,p10_40_balls,p10_40_dismissals,p10_40_sr,p10_40_dot_pct,p40plus_runs,p40plus_balls,p40plus_dismissals,p40plus_sr,p40plus_dot_pct,pp_runs,pp_balls,pp_dismissals,pp_sr,pp_dot_pct,mid_runs,mid_balls,mid_dismissals,mid_sr,mid_dot_pct,death_runs,death_balls,death_dismissals,death_sr,death_dot_pct
DA Warner,1882,1585,50,110.53733695652173,57.50434782608695,3948.0,2656.0,79.0,143.9963358778626,39.126488549618315,737.0,461.0,29.0,143.96681818181818,34.9425,3318.0,2403.0,72.0,118.54642045454544,55.76363636363636,2621,1944,59,129.98953271028037,33.00813084112149,628.0,355.0,26.0,164.07022727272727,36.8890909090909
S Dhawan,2183,1945,58,105.57628959276019,54.19628959276018,3872.0,2927.0,105.0,120.85447204968943,40.52068322981366,714.0,454.0,24.0,148.82617021276596,34.86191489361702,3415.0,2782.0,92.0,110.97990654205609,51.46453271028037,2686,2123,78,110.29368,39.56168,668.0,421.0,17.0,149.80499999999998,32.811904761904756
MC Henriques,470,420,16,111.03333333333333,43.275925925925925,509.0,362.0,20.0,139.86370370370372,36.87518518518519,21.0,6.0,0.0,350.0,16.67,161.0,140.0,3.0,115.89999999999999,44.728235294117646,504,445,21,119.0381081081081,40.402972972972975,335.0,203.0,12.0,119.06321428571428,43.07178571428572
Yuvraj Singh,1180,1092,36,101.44476190476192,53.19087301587302,1557.0,1016.0,68.0,137.32758620689654,46.897586206896555,17.0,14.0,3.0,163.33200000000002,36.666,193.0,186.0,12.0,90.09424242424242,69.51424242424241,1655,1435,55,104.77250000000001,48.91490740740741,906.0,501.0,40.0,154.84839285714287,46.18964285714286
DJ Hooda,859,745,47,111.20742574257426,41.493663366336634,638.0,427.0,31.0,116.46357142857144,40.025,0.0,1.0,1.0,0.0,100.0,164.0,164.0,8.0,89.61291666666666,55.31875,867,689,35,109.88911764705882,36.71220588235294,466.0,320.0,36.0,124.63851851851852,42.2612962962963
BCJ Cutting,189,125,9,138.25882352941176,46.93294117647059,49.0,16.0,1.0,270.0,6.666666666666667,,,,,,,,,,,22,20,2,141.27,30.755,216.0,121.0,8.0,156.61933333333334,44.54266666666667
CH Gayle,1484,1265,41,111.18929078014185,63.73347517730497,2745.0,1730.0,69.0,147.3543,49.1537,768.0,351.0,15.0,222.84592592592594,34.49925925925926,2405.0,1774.0,65.0,124.55496296296297,60.59488888888889,2011,1288,45,137.74605263157895,47.62223684210526,581.0,284.0,15.0,200.3607142857143,36.53785714285714
Mandeep Singh,865,749,37,101.44360824742269,50.34690721649484,765.0,584.0,40.0,126.30660377358491,42.05547169811321,76.0,55.0,3.0,129.528,33.5,633.0,554.0,32.0,89.55196428571428,59.39767857142857,663,560,24,111.522,38.022800000000004,410.0,274.0,24.0,123.13743589743589,35.216410256410256
TM Head,630,419,18,133.55903846153845,53.12576923076923,894.0,484.0,27.0,170.9153125,34.369375,32.0,12.0,2.0,173.81000000000003,58.333333333333336,1010.0,568.0,24.0,140.85829787234042,54.672765957446806,446,291,21,137.9303846153846,32.54115384615385,100.0,56.0,2.0,166.182,25.844
KM Jadhav,683,618,30,106.15666666666667,43.08469135802469,508.0,349.0,20.0,137.27513513513514,39.47054054054054,17.0,14.0,1.0,121.43,42.86,67.0,81.0,7.0,68.55666666666667,73.51944444444445,576,493,23,106.2606,35.4854,565.0,407.0,21.0,118.5734,39.3188
SR Watson,1261,1216,42,101.07843971631205,56.5709219858156,2281.0,1430.0,77.0,150.96202127659575,41.33617021276596,338.0,167.0,5.0,211.5907692307692,22.04769230769231,1421.0,1261.0,41.0,102.295,58.43843137254902,2006,1307,60,129.28663157894735,44.131052631578946,453.0,245.0,23.0,158.2045945945946,36.37756756756757
Sachin Baby,103,83,6,106.01727272727273,53.690909090909095,41.0,35.0,3.0,107.42500000000001,25.0325,,,,,,0.0,3.0,1.0,0.0,100.0,49,55,3,75.01166666666667,47.303333333333335,95.0,60.0,5.0,149.71714285714285,43.142857142857146
STR Binny,542,476,27,105.71121212121211,47.17409090909091,338.0,207.0,16.0,151.17925925925925,37.593333333333334,,,,,,18.0,25.0,0.0,53.57142857142857,73.80999999999999,465,395,24,95.00255813953488,49.30093023255814,397.0,263.0,19.0,132.6865,37.0
PA Patel,1252,1109,41,99.92110294117647,59.11360294117647,1499.0,1187.0,75.0,119.38252747252747,44.95549450549451,97.0,62.0,5.0,136.82125,42.70875,1904.0,1565.0,71.0,104.21576923076923,57.081384615384614,849,722,42,102.73275862068965,40.377758620689654,95.0,71.0,8.0,123.48307692307692,42.33846153846154
JC Buttler,1641,1238,33,124.34507352941176,51.54595588235294,2390.0,1559.0,69.0,141.99782178217822,43.80079207920792,616.0,308.0,13.0,189.17181818181817,30.843181818181815,1855.0,1308.0,43.0,122.51613207547169,55.879622641509435,1988,1380,46,127.71655555555556,35.44766666666666,804.0,417.0,26.0,176.034,36.571555555555555
RG Sharma,2573,2370,90,102.6508,53.71970909090909,4234.0,2846.0,130.0,133.344010989011,39.13285714285715,524.0,301.0,24.0,153.94057142857142,36.76228571428572,2566.0,2031.0,87.0,106.99473958333334,57.60697916666667,3238,2643,95,106.40237569060774,40.640220994475136,1527.0,843.0,62.0,157.64877777777778,37.89233333333333
N Rana,1204,1022,37,113.78553719008264,52.26289256198348,1739.0,1134.0,67.0,134.03592592592594,46.50839506172839,135.0,79.0,7.0,161.50555555555556,49.30222222222223,805.0,664.0,21.0,101.26289156626505,62.391445783132525,1827,1328,66,123.27947916666666,40.253125000000004,446.0,243.0,24.0,183.74636363636364,39.06484848484848
AT Rayudu,1684,1512,60,105.35875675675675,47.07805405405406,2508.0,1793.0,80.0,129.7846153846154,37.68179487179487,156.0,104.0,8.0,128.14666666666668,41.409166666666664,777.0,732.0,23.0,88.61402439024391,58.342804878048774,2392,1979,69,107.77043165467626,38.269999999999996,1179.0,698.0,56.0,144.45967032967033,40.59428571428571
KH Pandya,1039,864,48,114.07268292682927,45.43813008130081,913.0,602.0,34.0,137.4780357142857,40.65732142857143,30.0,15.0,1.0,164.28666666666666,43.653333333333336,86.0,80.0,5.0,111.64947368421053,45.623684210526314,1096,897,43,106.21298701298701,45.774935064935065,800.0,504.0,35.0,144.44236111111113,38.346111111111114
KA Pollard,1779,1419,57,122.67196428571428,47.40363095238096,1627.0,895.0,61.0,155.1534375,41.72802083333333,31.0,15.0,2.0,212.5,39.285,53.0,49.0,3.0,121.28153846153847,44.74307692307692,1352,1086,37,107.98601694915254,46.07720338983051,2032.0,1194.0,80.0,153.971875,42.278984375
HH Pandya,1731,1197,51,136.49233333333333,42.65,1141.0,773.0,50.0,150.62397590361448,40.78650602409639,92.0,55.0,3.0,150.9857142857143,20.995714285714286,183.0,182.0,8.0,92.50933333333334,62.59866666666667,1271,948,33,120.8065625,40.2890625,1510.0,895.0,63.0,151.20603773584907,40.36443396226415
TG Southee,84,83,9,87.19263157894737,45.643157894736845,36.0,24.0,2.0,101.78666666666668,60.120000000000005,,,,,,,,,,,14,27,4,48.24,66.11166666666666,106.0,80.0,7.0,105.232,38.056666666666665
AM Rahane,1942,1753,58,103.08238578680202,54.5897461928934,2920.0,2198.0,97.0,119.60639097744361,40.11736842105263,505.0,322.0,17.0,135.9974193548387,35.01451612903226,2759.0,2240.0,77.0,109.29961538461538,53.43626373626373,2099,1710,75,110.27387387387387,34.47900900900901,509.0,323.0,20.0,142.67058823529413,33.14411764705883
MA Agarwal,1243,1029,50,112.50888,51.33432,1386.0,966.0,59.0,127.81708333333333,42.74458333333334,135.0,71.0,8.0,137.96444444444444,35.77111111111111,1418.0,1158.0,56.0,107.62336633663365,54.02970297029703,1094,786,49,118.01676923076923,38.05276923076923,252.0,122.0,12.0,159.64533333333333,33.940000000000005
SPD Smith,1009,827,23,119.55881720430106,40.63741935483871,1332.0,1033.0,44.0,121.87656716417911,33.747313432835824,154.0,85.0,3.0,172.65571428571428,24.942857142857143,510.0,416.0,12.0,112.19339622641509,46.990188679245286,1279,1095,33,116.14859154929576,31.730563380281687,706.0,434.0,25.0,144.05409090909092,33.724090909090904
BA Stokes,415,352,16,110.66348837209301,45.54046511627907,428.0,303.0,22.0,110.30799999999999,45.29560000000001,92.0,43.0,0.0,214.35,11.85,240.0,181.0,8.0,112.043125,49.78,488,389,17,107.60133333333333,38.507333333333335,207.0,128.0,13.0,146.25944444444445,41.50333333333333
MS Dhoni,2377,2019,55,115.76302904564315,43.64248962655602,2978.0,1908.0,83.0,156.0627848101266,33.853037974683545,84.0,30.0,1.0,271.31,33.57,59.0,72.0,2.0,88.64529411764705,67.02352941176471,1912,1903,39,94.57869047619047,42.821130952380955,3468.0,1982.0,98.0,158.23355329949237,37.11370558375634
JJ Roy,253,194,4,126.67761904761905,53.56619047619048,341.0,234.0,14.0,115.2375,48.93375,20.0,15.0,1.0,76.925,69.23,380.0,290.0,12.0,118.98473684210526,56.647894736842105,193,130,7,141.81,30.502499999999998,41.0,23.0,0.0,184.375,25.895
BB McCullum,1029,878,43,110.2951376146789,61.45614678899083,1529.0,1134.0,49.0,133.30169230769232,45.21923076923077,324.0,178.0,10.0,145.68266666666665,35.098,1557.0,1224.0,57.0,115.0010576923077,60.198076923076925,1144,869,39,124.9750980392157,39.097843137254905,181.0,97.0,6.0,129.87272727272727,37.699090909090906
SK Raina,2065,1736,62,110.55725000000001,49.4266,3154.0,2142.0,92.0,142.41860294117646,35.39235294117647,317.0,168.0,8.0,165.64363636363635,21.865454545454547,1560.0,1171.0,45.0,118.81149253731343,53.4139552238806,3077,2348,92,122.41721854304636,35.510662251655624,899.0,527.0,25.0,151.5824074074074,30.107407407407408
AJ Finch,867,733,33,109.44633333333333,56.133,1111.0,819.0,43.0,113.55925925925925,51.72925925925926,114.0,83.0,6.0,134.4177777777778,32.59222222222222,911.0,797.0,38.0,99.87267605633802,60.75366197183099,899,659,30,129.20851063829787,44.691276595744675,282.0,179.0,14.0,154.7647619047619,38.92952380952381
KD Karthik,2184,1835,76,111.0963948497854,43.97064377682403,2597.0,1714.0,95.0,137.61362962962963,38.91496296296296,62.0,31.0,4.0,175.55499999999998,35.695,397.0,405.0,9.0,88.87253968253968,56.86873015873016,2542,2077,88,105.72297142857143,41.814057142857145,1904.0,1098.0,78.0,152.65492307692307,36.884076923076925
G Gambhir,1496,1314,42,105.54470198675497,53.51708609271523,2353.0,1824.0,68.0,115.29990566037736,40.15632075471698,368.0,266.0,18.0,125.34575757575757,32.012121212121215,2277.0,1868.0,63.0,110.41748299319728,51.23353741496599,1670,1350,49,109.1715,37.084875,270.0,186.0,16.0,136.7544,34.418
CA Lynn,470,371,11,121.96428571428571,57.824285714285715,783.0,525.0,21.0,140.52333333333334,41.531,76.0,49.0,6.0,119.41375,44.1825,779.0,540.0,16.0,129.74925000000002,55.60549999999999,514,371,17,119.06333333333333,42.413333333333334,36.0,34.0,5.0,75.0,55.714285714285715
MK Tiwary,670,647,24,104.87807228915662,46.79457831325301,936.0,747.0,29.0,124.45895833333333,36.22666666666667,89.0,55.0,4.0,142.99,50.31444444444444,224.0,230.0,10.0,78.92066666666666,62.985,874,807,20,97.0362962962963,44.55185185185186,597.0,412.0,27.0,144.91183673469388,32.19673469387755
DT Christian,302,277,15,100.11121951219513,42.92121951219512,158.0,121.0,12.0,120.76647058823531,44.28529411764706,,,,,,3.0,8.0,1.0,37.5,62.5,148,167,7,78.28647058823529,45.45117647058824,309.0,223.0,19.0,127.69258064516129,37.75064516129032
HM Amla,153,130,5,101.458125,56.875,298.0,221.0,6.0,129.59363636363636,36.126363636363635,126.0,56.0,2.0,223.33333333333334,26.666666666666668,261.0,199.0,6.0,107.34812500000001,55.354375,194,156,5,109.11800000000001,30.718,122.0,52.0,2.0,234.58333333333334,25.833333333333332
M Vohra,497,432,17,105.30058823529411,59.4678431372549,529.0,375.0,28.0,113.5921875,52.60375,57.0,22.0,2.0,264.165,21.665,691.0,540.0,25.0,114.50260869565217,55.02239130434783,330,261,19,104.7291304347826,52.87695652173913,62.0,28.0,3.0,158.9275,49.7025
WP Saha,1369,1175,47,111.42167832167831,48.42426573426574,1451.0,1052.0,68.0,119.38964285714285,45.57738095238095,114.0,73.0,3.0,137.18375,31.07625,1389.0,1047.0,55.0,115.86043010752688,54.48150537634408,988,900,39,94.62138461538461,40.12292307692307,557.0,353.0,24.0,150.15106382978723,28.615319148936173
AR Patel,1240,993,54,119.12410447761194,41.79462686567164,837.0,566.0,39.0,136.2428813559322,38.945423728813566,12.0,3.0,1.0,400.0,33.33,79.0,72.0,5.0,92.52117647058823,63.768235294117645,998,834,36,108.46308641975308,41.583827160493826,1012.0,656.0,53.0,140.7588764044944,34.40662921348315
GJ Maxwell,1293,971,58,117.25477611940298,52.97932835820895,1486.0,820.0,49.0,144.7396923076923,44.36707692307692,41.0,27.0,7.0,138.81,51.74571428571429,433.0,309.0,18.0,119.50021739130435,50.373695652173915,1780,1169,65,116.51857142857142,48.91877551020408,607.0,340.0,31.0,165.8308695652174,42.254347826086956
DA Miller,1369,1230,36,108.86923076923077,41.50979020979021,1874.0,1108.0,52.0,151.98139784946238,34.4494623655914,45.0,20.0,2.0,280.90999999999997,43.938,102.0,118.0,7.0,88.90695652173913,62.38173913043478,1677,1374,35,108.50858490566037,39.03726415094339,1509.0,866.0,48.0,154.94629999999998,34.4144
P Negi,273,226,14,117.11228571428572,47.79571428571428,92.0,63.0,8.0,130.32454545454544,41.14181818181818,,,,,,4.0,6.0,1.0,66.665,83.33500000000001,104,101,6,110.24076923076925,43.76307692307692,257.0,182.0,15.0,118.99423076923077,44.79153846153846
AP Tare,215,184,15,115.61740740740741,59.69555555555556,124.0,89.0,9.0,155.76777777777775,49.25666666666667,,,,,,226.0,202.0,13.0,93.14999999999999,65.61526315789474,73,45,7,187.96333333333334,45.833333333333336,40.0,26.0,4.0,125.55666666666667,43.88833333333333
SW Billings,250,216,13,101.42148148148148,53.84185185185185,253.0,172.0,13.0,129.75571428571428,34.85285714285714,,,,,,125.0,97.0,4.0,96.84416666666668,61.525,260,221,13,103.85909090909091,47.25,118.0,70.0,9.0,149.18444444444447,41.05777777777777
KK Nair,795,649,28,112.01141025641024,49.041666666666664,833.0,606.0,39.0,113.10340425531915,46.00404255319149,84.0,49.0,3.0,145.14666666666668,39.708333333333336,619.0,484.0,23.0,112.26,55.72865384615385,818,665,32,107.77854166666667,43.0325,275.0,155.0,15.0,159.987,33.3485
SV Samson,1992,1585,56,117.55637837837838,48.955621621621624,2793.0,1892.0,91.0,134.28928,38.11712,396.0,194.0,12.0,165.939,35.1495,1619.0,1271.0,50.0,114.06107913669065,53.067194244604316,2710,1954,79,122.77823076923077,35.63230769230769,852.0,446.0,30.0,161.59411764705882,35.06588235294117
RR Pant,1431,1171,37,117.15772058823529,45.95507352941177,2234.0,1379.0,69.0,153.87549450549452,38.10846153846154,214.0,94.0,5.0,215.102,41.910000000000004,490.0,414.0,10.0,104.1646875,52.74296875,2294,1690,59,128.46315789473684,37.35377192982456,1095.0,540.0,42.0,163.4752380952381,46.21460317460318
CH Morris,415,298,25,110.41408163265307,46.90469387755102,202.0,99.0,3.0,188.9181818181818,27.486363636363638,1.0,1.0,0.0,100.0,0.0,17.0,7.0,0.0,242.86,28.57,102,93,9,62.027058823529416,64.71470588235294,499.0,298.0,19.0,134.32461538461538,38.79051282051282
CR Brathwaite,142,90,11,145.73142857142858,49.089999999999996,39.0,21.0,2.0,68.42,80.70333333333333,,,,,,,,,,,24,32,4,78.33333333333333,60.0,157.0,79.0,9.0,184.69299999999998,38.745999999999995
PJ Cummins,457,310,24,129.38431372549022,48.59078431372549,185.0,111.0,8.0,162.44615384615386,45.99846153846154,,,,,,0.0,1.0,0.0,0.0,100.0,181,141,8,115.17578947368422,55.21736842105264,461.0,279.0,24.0,135.05139534883722,47.47604651162791
A Mishra,280,305,21,89.77254545454545,51.29272727272727,101.0,114.0,7.0,77.79272727272728,46.45272727272727,,,,,,1.0,5.0,0.0,20.0,80.0,120,164,5,65.90888888888888,45.27222222222222,260.0,250.0,23.0,92.87326530612245,50.833061224489796
Z Khan,94,121,12,76.9,54.02259259259259,23.0,20.0,2.0,83.33333333333333,56.81666666666666,,,,,,0.0,3.0,1.0,0.0,100.0,9,29,2,29.802,70.19800000000001,108.0,109.0,11.0,86.14791666666667,50.72333333333333
DR Smith,818,722,28,103.79784090909092,60.503181818181815,1454.0,962.0,43.0,141.40157894736842,43.36333333333334,113.0,80.0,9.0,120.43699999999998,50.315,1213.0,976.0,26.0,111.39646153846154,59.94707692307692,1004,677,38,136.99727272727273,43.005818181818185,168.0,111.0,16.0,123.68350000000001,45.8095
DS Kulkarni,81,93,8,100.306,42.5835,23.0,15.0,0.0,133.33,41.665,,,,,,,,,,,5,10,2,50.0,61.11333333333334,99.0,98.0,6.0,111.15,38.958333333333336
P Kumar,295,273,28,91.49350877192983,51.990175438596495,45.0,41.0,6.0,75.23857142857142,78.33428571428571,,,,,,6.0,8.0,2.0,60.0,80.0,40,45,3,60.3125,70.9375,294.0,261.0,29.0,100.01235294117647,48.615686274509805
RV Uthappa,1888,1692,64,107.24558375634518,52.81482233502538,2799.0,1957.0,100.0,138.1680303030303,40.657575757575756,267.0,152.0,11.0,172.5111111111111,30.448333333333338,2037.0,1638.0,60.0,115.50033557046979,52.717651006711414,2350,1837,91,113.134,42.16046153846153,567.0,326.0,24.0,150.84358974358975,45.717179487179486
MK Pandey,1443,1371,46,98.07993827160495,50.91166666666667,2290.0,1769.0,80.0,119.72504504504504,38.66801801801802,288.0,157.0,9.0,185.66947368421052,24.680526315789475,1162.0,1012.0,32.0,99.88754545454545,57.11890909090909,2146,1814,69,104.66933333333333,39.367916666666666,713.0,471.0,34.0,134.25142857142856,33.933392857142856
YK Pathan,1544,1230,50,118.1021568627451,46.181633986928105,1667.0,1010.0,54.0,144.51741573033706,39.060898876404494,11.0,5.0,1.0,175.0,75.0,361.0,245.0,12.0,127.9348484848485,54.91181818181818,1735,1299,52,115.47550458715597,44.5505504587156,1126.0,701.0,41.0,145.8181707317073,37.54195121951219
SA Yadav,1863,1355,49,131.9556707317073,43.76274390243903,2565.0,1643.0,77.0,147.04466019417475,36.27378640776699,153.0,86.0,7.0,170.69230769230768,43.151538461538465,1017.0,722.0,22.0,125.9683950617284,55.39506172839506,2730,1894,68,130.14015748031497,36.87787401574803,834.0,468.0,43.0,158.35626865671642,40.72268656716418
SP Narine,1090,730,66,124.05344262295083,61.197704918032784,692.0,355.0,31.0,172.52272727272728,49.60030303030303,38.0,16.0,1.0,237.5,50.0,1174.0,690.0,48.0,145.7781690140845,60.900845070422534,486,279,31,123.79368421052631,61.631052631578946,160.0,132.0,19.0,89.42205128205129,59.20641025641026
Harbhajan Singh,595,453,41,117.56295454545456,48.35954545454546,238.0,151.0,10.0,156.44,41.02294117647059,,,,,,62.0,51.0,3.0,119.85833333333333,53.57833333333334,147,141,9,91.4,58.458333333333336,624.0,412.0,39.0,123.68706666666668,47.43266666666666
AB de Villiers,1749,1445,51,116.08911764705883,44.64017647058824,3155.0,1844.0,66.0,158.69964912280705,32.825087719298246,277.0,122.0,5.0,211.61277777777775,24.332222222222224,741.0,614.0,22.0,107.17123456790125,54.105802469135796,2572,1959,60,113.64140740740741,35.5185925925926,1868.0,838.0,40.0,207.3904938271605,30.16283950617284
CJ Anderson,228,232,13,91.99896551724137,63.33344827586207,297.0,186.0,9.0,130.70857142857145,49.62642857142857,13.0,5.0,0.0,387.5,0.0,52.0,61.0,4.0,65.22888888888889,80.60555555555555,311,257,8,100.4647619047619,51.147619047619045,175.0,105.0,10.0,112.098125,57.671875
F du Plessis,1567,1318,35,112.00653061224489,50.49700680272109,2753.0,1956.0,73.0,129.864,36.894363636363636,453.0,241.0,20.0,170.1782142857143,41.254642857142855,2281.0,1673.0,52.0,124.23129770992365,50.059847328244274,1924,1526,48,117.98303370786516,32.67112359550562,568.0,316.0,28.0,145.0045,36.256
RA Tripathi,1060,801,34,125.97397959183674,46.317040816326525,1134.0,799.0,46.0,138.98716666666667,37.4965,97.0,62.0,5.0,133.05555555555554,42.94555555555556,1013.0,726.0,36.0,120.72240000000001,51.007600000000004,1059,785,32,122.67399999999999,33.648545454545456,219.0,151.0,17.0,121.5408,44.186400000000006
R Bhatia,288,242,24,124.69000000000001,39.30446808510638,54.0,42.0,5.0,107.50999999999999,44.57333333333333,,,,,,,,,,,91,112,6,75.07928571428572,44.43142857142857,251.0,172.0,23.0,135.58292682926827,38.07463414634146
DL Chahar,101,88,9,91.643,51.875,41.0,15.0,1.0,270.0,20.0,,,,,,,,,,,61,39,4,118.95833333333333,51.458333333333336,81.0,64.0,6.0,95.96866666666666,49.722
NV Ojha,775,732,32,102.64893617021276,56.55436170212766,703.0,540.0,38.0,108.63270833333333,51.7925,76.0,41.0,2.0,185.6825,37.095,494.0,482.0,22.0,94.13418604651163,67.25023255813954,649,537,24,100.71239130434783,46.35173913043478,411.0,294.0,26.0,133.8490909090909,45.30954545454545
V Shankar,585,521,24,110.29301587301588,40.23555555555556,603.0,400.0,22.0,138.42800000000003,36.45542857142857,45.0,29.0,0.0,175.10666666666665,25.21666666666667,127.0,130.0,5.0,88.19,59.48666666666667,591,510,21,105.65767441860464,37.13046511627907,515.0,310.0,20.0,143.5854054054054,33.37432432432432
Rashid Khan,495,328,40,118.04013888888888,59.35902777777778,140.0,78.0,6.0,191.5581818181818,43.626363636363635,,,,,,,,,,,101,84,5,117.78666666666668,46.99916666666667,534.0,322.0,41.0,124.4610447761194,58.99373134328358
B Kumar,301,330,30,87.22466666666668,50.4156,53.0,47.0,5.0,101.69222222222223,56.46222222222222,,,,,,,,,,,38,51,1,70.18666666666667,49.58444444444444,316.0,326.0,34.0,89.98567567567567,50.033648648648644
MP Stoinis,1040,817,39,118.66185185185185,47.17981481481482,1104.0,655.0,34.0,183.13263157894735,31.972280701754386,98.0,48.0,4.0,195.81500000000003,28.84166666666667,318.0,250.0,10.0,104.2428125,57.615625,944,728,32,113.67450704225352,40.758873239436625,980.0,542.0,35.0,156.77390625,40.01265625
MM Sharma,121,124,13,78.86066666666667,55.64333333333333,4.0,12.0,4.0,25.0,81.25,,,,,,,,,,,36,47,4,112.99428571428572,52.31285714285714,89.0,89.0,13.0,77.28692307692307,55.50307692307692
V Kohli,2967,2451,61,115.40265454545454,47.91534545454545,5238.0,3871.0,126.0,124.93181818181819,38.03387559808613,1141.0,608.0,42.0,161.52630769230768,34.46,3487.0,2688.0,75.0,115.2808888888889,50.15484444444444,4286,3407,94,116.79604166666667,34.65828125,1573.0,835.0,60.0,161.67697916666665,33.228125
SN Thakur,274,214,21,114.34883720930233,49.693255813953485,75.0,49.0,7.0,115.547,63.464999999999996,,,,,,0.0,4.0,1.0,0.0,100.0,116,90,5,140.37636363636364,54.193636363636365,233.0,169.0,22.0,123.07297297297296,45.950810810810815
RD Chahar,96,104,14,73.96136363636364,64.35045454545455,33.0,20.0,1.0,150.0,47.620000000000005,,,,,,,,,,,4,16,2,40.0,65.0,125.0,108.0,13.0,87.3375,59.95700000000001
C de Grandhomme,188,139,8,108.54857142857142,47.10285714285714,115.0,86.0,6.0,130.69571428571427,35.14714285714286,,,,,,1.0,2.0,1.0,50.0,50.0,142,110,7,96.316,50.342,160.0,113.0,6.0,121.26076923076924,41.41615384615385
Bipul Sharma,143,104,4,126.72294117647058,29.97176470588235,44.0,19.0,2.0,231.94500000000002,22.221666666666664,,,,,,,,,,,15,14,1,76.66666666666667,40.0,172.0,109.0,5.0,141.65,27.256875
SS Iyer,1428,1254,48,108.94784722222222,49.60013888888889,2604.0,1734.0,62.0,137.4108510638298,35.452234042553194,201.0,107.0,8.0,202.53866666666667,37.43066666666667,1036.0,912.0,34.0,111.28421568627451,54.047450980392156,2377,1740,56,119.81614678899084,36.250183486238534,820.0,443.0,28.0,169.12134615384613,37.418846153846154
EJG Morgan,596,605,29,91.69405405405405,54.37378378378378,788.0,529.0,28.0,134.3845238095238,40.04238095238095,22.0,14.0,2.0,184.84500000000003,34.845,176.0,192.0,8.0,78.31227272727273,67.09772727272728,714,642,26,102.73396226415093,46.29528301886793,516.0,314.0,25.0,135.92410256410255,42.246923076923075
Ishan Kishan,1317,1080,34,110.0571653543307,54.96724409448819,2105.0,1354.0,73.0,137.43044444444445,38.87177777777778,178.0,74.0,8.0,200.48,27.876666666666665,1524.0,1103.0,34.0,115.65536842105263,55.4898947368421,1660,1185,59,119.30772727272728,37.68113636363636,416.0,220.0,22.0,166.11517241379312,38.26896551724138
JD Unadkat,173,146,9,118.59357142857142,41.11678571428571,28.0,23.0,4.0,84.88,59.762,,,,,,,,,,,23,28,1,71.31,51.54714285714285,178.0,141.0,12.0,122.86259259259259,37.53259259259259
AD Mathews,340,320,11,103.3960975609756,42.09146341463415,363.0,241.0,16.0,145.43458333333334,30.21375,21.0,14.0,1.0,156.25,50.0,10.0,17.0,0.0,53.75,74.375,289,282,9,86.42148148148148,43.22777777777778,425.0,276.0,19.0,155.06387096774196,30.833870967741937
Mohammed Shami,114,109,19,82.20558823529413,57.17323529411765,1.0,2.0,0.0,50.0,50.0,,,,,,,,,,,16,15,4,85.0,56.666,99.0,96.0,15.0,81.05533333333332,56.463
Mohammad Nabi,176,127,11,132.01526315789474,44.40526315789474,45.0,25.0,5.0,146.286,55.19199999999999,,,,,,26.0,15.0,1.0,226.925,44.230000000000004,66,50,4,127.26125,29.43125,129.0,87.0,11.0,122.77499999999999,56.74357142857143
RA Jadeja,1997,1618,57,122.59643902439025,40.134,1518.0,1072.0,61.0,145.91327272727273,34.40590909090909,11.0,9.0,1.0,117.5,12.5,157.0,109.0,4.0,134.20388888888888,50.75055555555556,1447,1310,35,106.72141732283465,39.5055905511811,1922.0,1280.0,80.0,137.8185625,36.351437499999996
KS Williamson,684,690,19,97.17618421052632,48.28526315789473,1317.0,932.0,31.0,132.43153846153848,35.78211538461539,131.0,75.0,8.0,159.64384615384614,30.800769230769227,483.0,480.0,13.0,98.43673913043479,56.731521739130436,1189,940,29,107.21448275862068,38.84275862068966,460.0,277.0,16.0,156.7722580645161,24.631290322580647
SE Marsh,670,623,20,102.93246376811594,55.181739130434785,1496.0,1042.0,29.0,133.695,37.1412,323.0,206.0,13.0,142.87894736842105,29.340000000000003,779.0,735.0,20.0,102.28484375,55.408125,1448,972,28,137.3576,34.477799999999995,262.0,164.0,14.0,153.38619047619048,37.03190476190476
Shakib Al Hasan,444,392,24,100.79653846153846,49.24923076923077,331.0,238.0,15.0,127.28782608695651,39.87739130434783,20.0,9.0,0.0,222.22,11.11,37.0,38.0,2.0,85.9825,55.8925,429,366,15,111.30212121212121,46.82727272727273,329.0,235.0,22.0,114.07411764705883,44.853235294117646
JP Faulkner,363,286,17,128.0388888888889,37.36866666666666,164.0,104.0,8.0,149.56785714285715,43.55142857142857,,,,,,14.0,20.0,4.0,41.8275,69.7125,74,86,3,81.93166666666667,59.281666666666666,439.0,284.0,19.0,145.1276923076923,30.781794871794872
MG Johnson,153,153,11,92.74071428571428,50.26892857142857,14.0,11.0,2.0,125.0,55.0,,,,,,,,,,,10,20,2,48.0,73.0,157.0,144.0,11.0,100.34615384615384,46.660000000000004
K Rabada,202,177,14,110.42411764705882,53.65529411764706,60.0,62.0,4.0,94.52428571428571,60.91142857142857,,,,,,1.0,3.0,0.0,33.33,100.0,74,80,3,64.08333333333333,68.66222222222223,187.0,156.0,15.0,105.48806451612903,55.75258064516129
Kuldeep Yadav,163,199,10,83.02853658536586,53.2319512195122,47.0,54.0,4.0,83.835,49.70625,,,,,,,,,,,23,44,0,57.83833333333333,64.105,187.0,209.0,14.0,82.91853658536586,52.99341463414634
UT Yadav,200,192,19,93.49541666666666,54.201249999999995,8.0,9.0,1.0,90.0,52.5,,,,,,,,,,,3,13,1,29.166666666666668,70.83333333333333,205.0,188.0,19.0,95.06021276595744,53.50638297872341
Washington Sundar,523,412,20,119.08118644067797,43.80966101694915,365.0,244.0,21.0,125.59592592592593,44.9362962962963,,,,,,60.0,47.0,1.0,111.42833333333333,49.13833333333333,348,301,13,104.5403125,39.558125,480.0,308.0,27.0,132.998,43.92444444444444
KV Sharma,263,229,19,112.981,39.7495,89.0,66.0,5.0,119.35,41.03125,,,,,,7.0,9.0,1.0,87.5,37.5,97,105,6,81.85545454545455,41.017272727272726,248.0,181.0,17.0,127.13121212121212,36.63818181818181
MJ Guptill,158,110,5,124.86384615384615,52.14076923076924,113.0,85.0,6.0,96.07124999999999,57.96625,0.0,2.0,1.0,0.0,100.0,219.0,157.0,9.0,115.57461538461538,53.66846153846154,52,40,3,97.97,47.115,,,,,
IK Pathan,701,609,23,117.59341463414634,39.131341463414635,449.0,341.0,26.0,114.3335,42.425,,,,,,92.0,69.0,3.0,126.5775,44.62,395,437,19,83.12360000000001,40.4894,663.0,444.0,27.0,143.7267857142857,35.85142857142857
LMP Simmons,228,261,7,81.63793103448276,69.10931034482759,701.0,487.0,9.0,132.02409090909092,46.61000000000001,150.0,104.0,10.0,153.81833333333333,40.505,542.0,460.0,11.0,101.98,63.58793103448276,481,356,12,137.3170588235294,38.906470588235294,56.0,36.0,3.0,165.526,27.524
MN Samuels,57,101,6,54.385,59.78214285714286,104.0,71.0,5.0,123.20166666666667,42.586666666666666,,,,,,9.0,25.0,1.0,31.845,80.9525,127,130,9,71.05636363636364,57.309090909090905,25.0,17.0,1.0,122.22333333333331,13.89
R Tewatia,761,625,30,126.42417582417583,41.3121978021978,540.0,315.0,22.0,148.64777777777778,42.92388888888889,1.0,3.0,1.0,33.33,100.0,6.0,9.0,1.0,61.11000000000001,72.22333333333334,391,388,14,96.27119047619047,42.06261904761905,905.0,546.0,38.0,152.67526315789473,40.21539473684211
SS Tiwary,575,600,20,95.23068493150686,45.59876712328767,895.0,631.0,27.0,133.87348837209302,34.990697674418605,24.0,13.0,2.0,200.0,20.0,169.0,161.0,3.0,97.0221052631579,52.990526315789474,871,768,28,106.3014,43.2716,454.0,315.0,18.0,127.12725,33.55425
PP Chawla,550,474,38,105.50279069767441,51.15674418604651,74.0,89.0,15.0,89.14529411764705,50.59294117647059,,,,,,15.0,13.0,1.0,123.75,61.25,156,177,8,80.79545454545455,49.70545454545454,453.0,373.0,44.0,103.20779220779221,51.98558441558441
E Lewis,272,219,8,111.35538461538462,57.64653846153846,375.0,251.0,13.0,131.64235294117648,51.092352941176465,7.0,7.0,3.0,111.11,72.22333333333334,420.0,286.0,13.0,125.0,55.43181818181818,202,170,10,101.73833333333334,52.07,32.0,21.0,1.0,112.62666666666667,62.120000000000005
DJ Bravo,868,725,40,121.97081818181819,43.69218181818182,659.0,444.0,27.0,147.2839024390244,38.87268292682927,33.0,35.0,1.0,98.92,41.61,123.0,110.0,5.0,103.35066666666667,57.910666666666664,528,572,24,84.72358490566039,54.106792452830184,909.0,522.0,39.0,157.75787499999998,33.605125
C Munro,97,89,4,96.81818181818181,58.28272727272727,80.0,52.0,5.0,171.03166666666667,36.11,,,,,,131.0,91.0,4.0,118.88875,51.2875,42,45,5,83.98,50.03333333333333,4.0,5.0,0.0,80.0,60.0
KL Rahul,1611,1366,26,113.82489932885906,50.99140939597316,3174.0,2253.0,75.0,132.11033613445377,36.81268907563025,1043.0,569.0,24.0,172.7007142857143,30.03261904761905,2437.0,1892.0,43.0,120.68014814814815,47.45422222222222,2484,1789,52,132.25392156862745,30.303431372549017,907.0,507.0,29.0,155.54960784313724,34.52294117647059
Q de Kock,1159,1021,42,107.65389830508474,55.097711864406776,1963.0,1338.0,54.0,139.1755844155844,41.92883116883117,322.0,194.0,12.0,132.46736842105264,32.792631578947365,1966.0,1512.0,60.0,116.71288135593221,53.50661016949152,1238,924,40,114.9536842105263,38.06912280701754,240.0,117.0,8.0,173.49285714285716,24.268571428571427
SN Khan,441,331,19,119.62976744186047,45.185348837209304,286.0,193.0,13.0,141.50055555555554,40.69111111111111,19.0,19.0,1.0,100.0,26.32,172.0,113.0,5.0,123.65066666666667,55.785999999999994,267,249,14,88.80071428571429,45.848214285714285,307.0,181.0,14.0,150.71217391304347,34.87130434782608
RK Singh,669,527,18,124.1591935483871,38.77903225806452,687.0,415.0,22.0,162.90324324324325,42.81891891891892,42.0,14.0,1.0,215.155,34.845,40.0,28.0,0.0,154.76142857142855,42.857142857142854,567,511,20,102.78250000000001,37.331250000000004,791.0,417.0,21.0,170.52170731707318,39.51536585365854
AD Russell,1363,909,46,137.41412280701755,53.09745614035087,1278.0,612.0,44.0,178.87031746031747,48.111111111111114,14.0,4.0,0.0,350.0,25.0,41.0,17.0,1.0,184.72250000000003,53.4725,1182,777,34,129.3929761904762,50.815,1432.0,731.0,55.0,169.5,49.4712987012987
R Vinay Kumar,246,215,18,119.87880952380952,40.77928571428571,64.0,59.0,7.0,94.509,60.974000000000004,,,,,,,,,,,48,48,1,89.72,41.95125,262.0,226.0,24.0,120.03317073170732,43.366341463414635
DJM Short,32,44,4,91.42857142857143,60.0,82.0,52.0,2.0,155.55333333333334,39.04666666666667,1.0,3.0,1.0,33.33,66.67,50.0,60.0,4.0,101.16571428571429,55.61285714285714,65,39,3,129.06,56.303333333333335,,,,,
K Gowtham,230,136,16,158.05555555555554,52.337037037037035,17.0,12.0,2.0,183.334,38.332,,,,,,8.0,5.0,1.0,100.0,112.5,75,55,7,96.1309090909091,52.47090909090909,164.0,88.0,10.0,180.85777777777778,50.72
S Gopal,141,128,9,94.94590909090908,47.24,39.0,41.0,3.0,90.19200000000001,47.116,,,,,,0.0,4.0,0.0,0.0,100.0,45,61,3,71.85285714285715,51.785714285714285,135.0,104.0,9.0,96.79368421052631,48.007894736842104
TK Curran,60,62,2,106.11100000000002,44.333,67.0,45.0,3.0,135.9875,26.97,,,,,,,,,,,58,57,1,111.515,35.445,69.0,50.0,4.0,128.63888888888889,40.10888888888889
R Ashwin,570,526,43,102.67247311827958,46.24354838709677,263.0,179.0,18.0,109.79782608695652,44.07695652173913,,,,,,78.0,73.0,6.0,86.934,67.082,279,276,16,74.52483870967743,51.17774193548387,476.0,356.0,39.0,117.24328571428572,41.285714285714285
Shubman Gill,1409,1136,34,119.62261538461539,46.957538461538455,2687.0,1806.0,55.0,136.43377777777778,35.83044444444444,502.0,294.0,22.0,170.25709677419357,31.466451612903228,2044.0,1519.0,43.0,125.95398305084746,45.97364406779661,2080,1413,44,129.52555555555554,31.622098765432096,474.0,304.0,24.0,148.03225,37.38825
M Vijay,950,932,27,96.07333333333334,57.13961904761905,1485.0,1108.0,58.0,113.1478947368421,50.0746052631579,184.0,109.0,8.0,137.73,47.36727272727273,1574.0,1375.0,48.0,103.74656862745098,54.751372549019614,920,703,40,104.82351851851853,45.50055555555556,125.0,71.0,5.0,160.55,30.387777777777778
Mohammed Siraj,97,126,9,69.41565217391305,66.08130434782608,20.0,13.0,2.0,183.334,36.666,,,,,,,,,,,5,10,0,50.0,80.0,112.0,129.0,11.0,71.97565217391305,65.42478260869565
H Klaasen,804,554,11,142.63683333333333,34.37733333333333,1257.0,685.0,33.0,176.90666666666667,28.56041666666667,43.0,23.0,5.0,145.454,38.484,110.0,84.0,3.0,123.26133333333334,46.34066666666667,1256,795,19,144.57814814814816,32.52166666666667,738.0,383.0,27.0,174.28054054054056,30.12891891891892
JC Archer,276,197,21,115.6715,45.904,50.0,28.0,3.0,203.235,27.843333333333334,,,,,,0.0,4.0,1.0,0.0,100.0,60,53,5,126.833,43.167,266.0,168.0,18.0,122.72176470588235,42.603235294117646
PP Shaw,862,631,37,124.72822784810127,53.8993670886076,992.0,628.0,34.0,127.33219512195122,44.14658536585366,38.0,24.0,5.0,76.33399999999999,74.0,1347.0,919.0,50.0,127.7559493670886,51.71012658227848,515,343,23,124.00777777777778,39.33814814814815,30.0,21.0,3.0,75.71333333333332,67.14333333333333
AD Hales,66,54,3,118.70333333333333,54.629999999999995,82.0,64.0,3.0,129.20000000000002,31.060000000000002,,,,,,114.0,81.0,3.0,124.52333333333333,50.555,34,37,3,78.57333333333334,35.71333333333333,,,,,
MK Lomror,299,237,18,112.38085714285714,48.349428571428575,228.0,136.0,11.0,145.33846153846156,40.89692307692307,,,,,,31.0,38.0,3.0,89.89625000000001,63.055,266,193,11,125.76875,33.17375,230.0,142.0,15.0,131.21714285714285,47.05666666666667
JP Duminy,717,673,18,105.84466666666667,40.83813333333333,1165.0,879.0,25.0,126.2523076923077,31.358076923076922,147.0,84.0,5.0,156.709,25.202999999999996,235.0,239.0,6.0,91.00479999999999,61.0492,912,877,17,100.00183333333332,34.6065,882.0,520.0,25.0,151.8694117647059,26.18862745098039
MM Ali,548,456,21,106.85898305084746,55.04779661016949,603.0,362.0,29.0,157.55451612903224,37.67935483870968,16.0,17.0,1.0,94.12,47.06,233.0,192.0,8.0,87.03869565217391,66.42652173913044,655,484,28,117.79128205128204,41.55307692307692,279.0,159.0,15.0,158.88285714285715,47.4547619047619
HV Patel,223,212,24,96.99318181818181,56.35886363636364,57.0,26.0,4.0,194.69285714285712,35.98571428571428,,,,,,,,,,,67,76,6,79.28615384615385,56.66153846153846,213.0,162.0,22.0,106.95918918918919,53.30783783783784
Abhishek Sharma,1095,704,35,139.14808988764045,50.26842696629214,1175.0,629.0,41.0,175.72918367346938,43.19918367346939,109.0,56.0,4.0,127.952,51.80800000000001,1387.0,807.0,35.0,151.16808823529414,51.445,796,455,34,161.3808888888889,35.82622222222222,196.0,127.0,11.0,131.10666666666668,41.62833333333333
SP Goswami,128,143,10,76.98380952380953,67.14238095238095,160.0,144.0,7.0,104.34700000000001,36.506,5.0,8.0,2.0,58.335,41.665,163.0,167.0,8.0,84.665625,60.853125,104,106,7,69.309,51.98,26.0,22.0,4.0,86.538,76.282
SO Hetmyer,900,684,30,125.08235294117647,45.43682352941177,656.0,358.0,25.0,166.57461538461538,40.223333333333336,10.0,7.0,1.0,142.86,42.86,74.0,71.0,4.0,94.78777777777778,56.57333333333334,536,422,14,108.25777777777778,42.88703703703704,956.0,556.0,38.0,149.61227272727274,43.85757575757576
S Dube,970,768,24,120.98563218390805,45.866206896551724,1141.0,688.0,43.0,147.3005172413793,46.29258620689655,18.0,8.0,0.0,200.0,16.665,37.0,46.0,0.0,85.69416666666666,59.58416666666667,1328,963,37,120.91051948051948,43.122337662337664,764.0,455.0,30.0,154.30877551020407,45.72163265306123
JM Bairstow,620,456,15,131.12884615384615,52.24134615384616,929.0,617.0,28.0,142.03777777777776,40.08444444444444,125.0,73.0,4.0,193.905,28.23,944.0,625.0,19.0,137.89489795918368,50.47795918367347,655,466,21,107.85387096774193,46.01548387096774,75.0,55.0,7.0,120.41600000000001,49.75
CA Ingram,123,111,7,107.12933333333334,46.09533333333333,82.0,69.0,5.0,101.00666666666666,36.56,,,,,,14.0,18.0,1.0,75.55666666666667,51.10999999999999,128,120,6,78.46222222222222,53.94555555555556,63.0,42.0,5.0,141.11,35.30714285714286
N Pooran,1112,818,39,128.57229999999998,50.5901,1414.0,724.0,40.0,187.3942857142857,38.07803571428571,1.0,1.0,0.0,100.0,0.0,228.0,153.0,9.0,112.87434782608696,60.595652173913045,1420,895,40,126.91175000000001,49.589999999999996,879.0,495.0,30.0,167.7109433962264,42.30830188679246
GH Vihari,123,178,11,70.85913043478261,55.38826086956522,152.0,137.0,8.0,97.95333333333332,34.91444444444445,9.0,6.0,0.0,150.0,16.67,59.0,90.0,4.0,67.02454545454545,57.13545454545454,145,161,6,79.245,51.23083333333333,80.0,70.0,9.0,101.1809090909091,34.63
SM Curran,469,400,20,112.72584905660378,45.70169811320755,492.0,309.0,17.0,135.30615384615385,44.91846153846154,36.0,22.0,3.0,150.0,35.7125,147.0,130.0,6.0,97.7238888888889,47.21611111111111,394,350,15,99.45212121212121,41.262424242424245,456.0,251.0,19.0,157.889375,41.065
R Parag,881,693,33,121.44302325581396,45.50372093023256,908.0,563.0,33.0,130.65270833333332,49.955000000000005,90.0,46.0,5.0,202.91666666666666,29.583333333333332,191.0,138.0,6.0,108.0952380952381,62.333333333333336,1117,808,29,129.61111111111111,36.84952380952381,571.0,356.0,36.0,142.2414,48.4504
MJ Santner,111,101,4,95.58142857142857,48.59761904761905,25.0,22.0,4.0,76.666,72.668,,,,,,20.0,24.0,2.0,91.11,75.555,22,30,1,76.0425,41.665,94.0,69.0,5.0,103.06222222222222,46.739999999999995
LS Livingstone,483,376,22,113.8034693877551,48.32489795918367,562.0,299.0,17.0,165.99,47.60666666666666,21.0,12.0,2.0,137.5,50.0,179.0,135.0,9.0,116.56526315789472,51.955789473684206,542,393,18,104.3914705882353,50.09970588235294,345.0,159.0,14.0,196.347,44.836
Harpreet Brar,181,153,7,122.79851851851852,48.99148148148148,68.0,53.0,5.0,142.052,41.813,,,,,,,,,,,40,54,4,65.58099999999999,52.273,209.0,152.0,8.0,140.74260869565217,44.80782608695652
SE Rutherford,275,207,10,123.72555555555556,51.50333333333333,245.0,157.0,11.0,147.21733333333336,40.57933333333334,,,,,,4.0,16.0,1.0,16.665,87.5,250,183,5,118.4342105263158,49.53368421052632,266.0,165.0,15.0,149.83238095238096,44.775238095238095
Gurkeerat Singh,255,239,11,95.7440625,49.025,246.0,175.0,12.0,140.23894736842104,34.82736842105263,10.0,8.0,1.0,125.0,50.0,35.0,37.0,1.0,101.29666666666667,60.346666666666664,225,223,10,93.2713043478261,42.477391304347826,251.0,162.0,13.0,130.245,40.8055
P Simran Singh,754,546,24,126.30646153846153,52.44676923076923,1006.0,592.0,33.0,162.74951219512195,40.31121951219512,105.0,51.0,5.0,176.866,26.444,1152.0,753.0,30.0,133.09532258064516,50.74032258064516,634,392,28,133.83848484848485,42.25909090909091,79.0,44.0,4.0,156.756,31.782
D Padikkal,943,762,27,112.77157303370787,54.22685393258426,1273.0,896.0,51.0,130.76870967741937,41.340806451612906,54.0,47.0,6.0,90.47714285714285,47.620000000000005,1074.0,804.0,31.0,113.1968493150685,54.75534246575342,1058,804,40,120.44232142857143,38.49446428571429,138.0,97.0,13.0,102.05812499999999,61.1
YBK Jaiswal,1054,685,29,142.07365853658536,55.37146341463415,1380.0,931.0,40.0,151.18037735849057,38.35943396226415,159.0,81.0,7.0,179.44111111111113,42.00666666666667,1680.0,1057.0,40.0,141.58475609756098,54.86243902439025,825,598,33,122.17585365853658,39.58658536585366,88.0,42.0,3.0,203.55599999999998,25.112000000000002
RD Gaikwad,794,721,22,101.83142857142857,57.44273809523809,1634.0,1134.0,37.0,137.7839344262295,34.38327868852459,411.0,238.0,13.0,151.41954545454544,35.04090909090909,1394.0,1088.0,34.0,115.77283950617284,52.29938271604938,1149,836,28,119.64020000000001,33.7542,296.0,169.0,10.0,158.416,34.165
Abdul Samad,621,413,26,133.23224137931035,41.91775862068965,238.0,165.0,18.0,136.66636363636363,46.66,,,,,,2.0,2.0,1.0,100.0,50.0,305,251,13,115.20162162162163,44.524594594594596,552.0,325.0,30.0,150.4568888888889,38.85066666666667
JO Holder,265,220,22,107.7835294117647,49.04823529411765,59.0,43.0,4.0,122.66000000000001,49.839999999999996,,,,,,12.0,21.0,2.0,52.379999999999995,86.90333333333332,85,69,4,99.562,46.928999999999995,227.0,173.0,20.0,109.6511111111111,48.635555555555555
PK Garg,159,155,9,91.54736842105264,46.33684210526316,114.0,86.0,9.0,98.647,45.495,,,,,,51.0,51.0,3.0,84.818,60.548,157,150,9,98.88384615384615,36.722307692307695,65.0,40.0,6.0,83.45285714285714,53.332857142857144
Shahbaz Ahmed,337,297,16,108.80875,43.1875,266.0,192.0,12.0,116.90947368421051,45.60947368421052,,,,,,21.0,26.0,3.0,65.92666666666666,58.70333333333334,267,249,6,100.64625000000001,47.827916666666674,315.0,214.0,19.0,127.25290322580646,43.62612903225807
DW Steyn,153,148,17,94.84818181818181,50.084242424242426,14.0,12.0,3.0,108.33250000000001,37.5,,,,,,,,,,,4,9,1,44.446666666666665,66.66666666666667,163.0,151.0,19.0,98.53625,47.966875
N Jagadeesan,55,71,5,60.333000000000006,68.417,107.0,76.0,4.0,155.584,39.480000000000004,,,,,,64.0,61.0,5.0,71.63374999999999,68.67,87,73,4,105.0,47.462,11.0,13.0,0.0,84.62,46.15
MR Marsh,616,502,19,111.86758064516128,55.86290322580645,1074.0,651.0,30.0,149.5525,41.8835,165.0,96.0,7.0,141.65285714285713,41.73142857142857,839.0,537.0,18.0,130.73444444444445,51.79622222222222,776,555,19,122.92736842105262,42.18631578947368,240.0,157.0,19.0,137.845,49.61409090909091
M Jansen,141,134,12,91.5908,52.876000000000005,51.0,40.0,3.0,102.03666666666668,50.74,,,,,,,,,,,36,38,2,76.167,48.333,156.0,136.0,13.0,95.59608695652175,54.00521739130434
RM Patidar,605,454,12,128.84615384615384,43.31980769230769,961.0,510.0,34.0,179.53763157894738,34.33210526315789,46.0,16.0,1.0,292.855,39.285,243.0,215.0,4.0,100.14214285714286,48.63285714285714,1102,641,27,169.81652173913045,32.335,267.0,124.0,16.0,163.80315789473684,49.76894736842105
M Shahrukh Khan,517,363,23,151.57811320754718,44.23169811320755,258.0,161.0,11.0,131.88066666666666,37.06666666666667,,,,,,23.0,21.0,0.0,74.85799999999999,64.0,354,263,13,116.63642857142858,55.042500000000004,398.0,240.0,21.0,168.19684210526316,35.47263157894737
Lalit Yadav,127,156,9,79.60857142857142,51.74619047619048,178.0,134.0,6.0,122.16900000000001,41.043,,,,,,25.0,32.0,0.0,85.436,57.641999999999996,186,178,10,83.6875,47.0,94.0,80.0,5.0,121.032,44.533
KS Bharat,68,67,3,95.0,56.25,107.0,84.0,4.0,115.95,34.672000000000004,24.0,12.0,0.0,200.0,25.0,65.0,59.0,2.0,106.16125,48.125,102,85,4,97.93833333333333,44.33166666666667,32.0,19.0,1.0,127.08500000000001,29.165
VR Iyer,686,531,18,128.86129032258063,47.17225806451613,942.0,614.0,30.0,131.5609523809524,43.26690476190476,49.0,36.0,5.0,99.95833333333333,49.79,691.0,499.0,22.0,133.84279069767442,50.77093023255814,769,547,18,126.48648648648648,34.1,217.0,135.0,13.0,140.485,38.81666666666666
GD Phillips,115,91,7,116.23307692307692,47.97923076923077,17.0,18.0,4.0,82.74000000000001,57.1425,,,,,,4.0,12.0,0.0,40.0,70.0,52,51,7,89.10375,44.40125,76.0,46.0,4.0,159.855,44.01499999999999
AK Markram,703,574,18,114.65530303030303,38.331818181818186,966.0,654.0,36.0,134.45955555555557,35.06977777777778,2.0,6.0,1.0,60.0,40.0,486.0,375.0,15.0,102.385,51.07475,889,695,29,121.57127659574469,28.470638297872338,296.0,164.0,11.0,165.07409090909093,34.787727272727274
Anmolpreet Singh,76,63,5,107.65444444444444,55.925555555555555,63.0,52.0,4.0,98.81,56.1275,,,,,,116.0,91.0,6.0,108.99000000000001,59.636250000000004,23,24,3,92.96333333333332,34.443333333333335,,,,,
Anuj Rawat,151,146,8,90.79380952380953,58.01571428571428,153.0,114.0,6.0,153.63666666666666,38.85166666666667,14.0,7.0,0.0,200.0,57.14,83.0,88.0,7.0,62.676,76.096,93,98,5,79.43181818181819,50.18636363636363,142.0,81.0,2.0,171.6211111111111,32.82222222222222
TH David,714,449,21,142.63644067796608,42.620508474576276,437.0,201.0,13.0,204.04962962962964,35.55444444444444,,,,,,,,,,,308,218,6,118.30677419354839,38.776774193548384,843.0,432.0,28.0,160.14836734693878,47.49714285714286
DP Conway,293,248,7,106.24035714285715,55.892857142857146,658.0,444.0,13.0,124.61333333333334,40.167142857142856,129.0,81.0,4.0,147.6875,30.44125,463.0,368.0,11.0,106.75178571428572,54.315,521,342,8,139.80176470588236,32.17823529411765,96.0,63.0,5.0,108.6888888888889,42.03333333333333
Tilak Varma,705,561,17,119.80907692307693,41.44692307692308,1099.0,702.0,31.0,150.03155555555557,36.27044444444444,54.0,21.0,2.0,220.0,38.0,192.0,164.0,6.0,102.72120000000001,49.364799999999995,1123,846,24,121.41345454545454,36.29781818181819,543.0,274.0,20.0,176.91636363636363,36.737272727272725
R Powell,291,230,14,113.27733333333335,52.917,264.0,160.0,10.0,168.958,45.92333333333333,,,,,,15.0,13.0,0.0,104.44333333333333,48.89000000000001,234,215,11,89.51291666666667,54.01458333333333,306.0,162.0,13.0,165.1826315789474,47.66263157894737
PBB Rajapaksa,143,93,6,134.33384615384614,49.36538461538461,134.0,98.0,6.0,144.43333333333334,38.08833333333333,,,,,,77.0,48.0,4.0,115.17555555555555,63.89777777777778,194,135,6,127.00555555555555,37.102222222222224,6.0,8.0,2.0,73.33500000000001,36.665
A Badoni,546,457,18,109.98142857142857,48.11071428571428,632.0,378.0,26.0,129.6060606060606,43.17878787878788,0.0,1.0,1.0,0.0,100.0,124.0,99.0,5.0,80.44,70.81400000000001,516,410,17,108.82648648648649,38.74810810810811,538.0,327.0,23.0,152.1894117647059,38.14588235294118
MS Wade,123,111,7,107.0807142857143,54.44428571428572,60.0,66.0,6.0,75.42333333333333,50.395,,,,,,113.0,98.0,5.0,108.31400000000001,60.214,70,79,8,82.5725,42.027499999999996,,,,,
A Manohar,140,135,10,86.298,58.3395,152.0,100.0,9.0,134.20222222222222,46.77444444444445,,,,,,12.0,18.0,1.0,50.0,75.0,132,123,6,94.82615384615384,46.439230769230775,148.0,94.0,12.0,114.82615384615384,59.099230769230765
R Shepherd,205,124,7,130.99421052631578,50.102105263157895,63.0,29.0,4.0,175.35714285714286,56.42857142857143,,,,,,,,,,,73,52,3,101.03166666666668,54.748333333333335,195.0,101.0,8.0,151.384375,50.77125
JM Sharma,725,481,28,141.15677966101694,44.98508474576271,382.0,245.0,20.0,129.1851851851852,48.50185185185185,,,,,,13.0,23.0,3.0,74.602,44.064,615,440,23,122.75697674418605,42.132558139534886,479.0,263.0,22.0,167.32121212121214,48.17121212121212
D Brevis,261,207,7,110.80666666666667,52.288333333333334,345.0,208.0,17.0,138.2835294117647,48.485882352941175,,,,,,87.0,76.0,3.0,82.9676923076923,52.20846153846154,431,298,15,129.1915,45.135000000000005,88.0,41.0,6.0,127.08333333333333,59.721666666666664
B Sai Sudharsan,727,544,8,131.19473684210527,44.380526315789474,1533.0,1006.0,31.0,135.2969387755102,36.40530612244898,255.0,136.0,12.0,156.20875,35.833125,1021.0,737.0,14.0,128.55557692307693,47.54346153846154,1186,800,23,142.45268292682928,26.269268292682927,308.0,149.0,14.0,173.85052631578947,33.82105263157895
Ramandeep Singh,245,169,8,138.31230769230768,38.119615384615386,54.0,36.0,8.0,146.01749999999998,53.25125,,,,,,2.0,3.0,0.0,66.67,66.67,125,112,10,106.54923076923077,43.6576923076923,172.0,90.0,6.0,173.81062500000002,31.671875
SS Prabhudessai,97,79,5,108.65,55.428999999999995,29.0,27.0,4.0,85.0,65.0,,,,,,8.0,12.0,0.0,80.0,40.0,94,74,6,113.9125,49.8425,24.0,20.0,3.0,81.38666666666667,78.35666666666667
Aman Hakim Khan,64,62,7,103.112,61.361000000000004,48.0,38.0,1.0,135.0,46.665,3.0,4.0,1.0,75.0,50.0,4.0,5.0,0.0,80.0,80.0,52,58,1,113.52499999999999,46.35,59.0,41.0,8.0,113.52,56.75888888888889
DJ Mitchell,178,137,2,126.44466666666668,31.333333333333332,173.0,130.0,11.0,108.75083333333333,38.08166666666667,,,,,,97.0,78.0,2.0,105.79888888888888,46.214444444444446,208,151,9,125.50699999999999,27.256,46.0,38.0,2.0,116.1525,17.64
Shashank Singh,471,321,16,133.83523809523808,42.013571428571424,434.0,239.0,8.0,173.773,34.0285,,,,,,34.0,25.0,1.0,167.5,50.417500000000004,359,273,10,112.9448275862069,41.29551724137931,512.0,262.0,13.0,162.58966666666666,35.94466666666666
R Dhawan,142,131,6,121.23772727272727,38.68636363636364,68.0,56.0,4.0,99.27000000000001,53.22875,,,,,,,,,,,42,55,2,84.613,53.637,168.0,132.0,8.0,139.97578947368422,32.34789473684211
T Stubbs,397,337,11,106.20906976744186,39.42976744186046,577.0,305.0,10.0,197.36125,20.4525,12.0,7.0,0.0,171.43,0.0,46.0,41.0,2.0,145.41111111111113,49.39111111111111,394,333,10,94.3629411764706,35.396470588235296,546.0,275.0,9.0,179.15275862068967,24.356896551724137
Sikandar Raza,91,72,2,120.68666666666667,44.233333333333334,91.0,63.0,4.0,117.998,43.668,0.0,1.0,1.0,0.0,100.0,8.0,9.0,0.0,57.145,64.285,127,93,4,132.395,42.083333333333336,47.0,34.0,3.0,127.458,46.507999999999996
Rahmanullah Gurbaz,177,144,5,101.975,69.53722222222223,183.0,121.0,11.0,121.2975,50.7425,3.0,4.0,1.0,75.0,50.0,252.0,195.0,12.0,104.73235294117647,67.65470588235294,111,73,4,154.1,36.992000000000004,0.0,1.0,1.0,0.0,100.0
KR Mayers,137,115,2,105.38461538461539,70.25615384615385,241.0,146.0,10.0,137.90545454545455,48.83818181818182,1.0,2.0,1.0,50.0,50.0,282.0,205.0,8.0,110.87846153846155,66.28153846153846,97,58,5,108.928,45.715999999999994,,,,,
RR Rossouw,231,160,10,113.89954545454545,59.08727272727273,242.0,148.0,10.0,160.36666666666667,39.166666666666664,,,,,,139.0,99.0,8.0,107.65230769230769,62.36692307692307,252,170,10,123.53214285714286,49.270714285714284,82.0,39.0,2.0,204.1125,23.6475
HC Brook,81,78,5,81.23363636363636,66.10363636363637,78.0,61.0,4.0,127.89666666666666,46.370000000000005,31.0,15.0,0.0,206.67,6.67,96.0,84.0,4.0,100.25714285714285,61.25142857142857,58,45,4,80.19166666666666,60.915,36.0,25.0,1.0,100.0,47.223333333333336
C Green,401,313,11,120.33738095238095,38.44571428571429,595.0,343.0,13.0,169.3208695652174,31.668260869565216,33.0,25.0,2.0,192.6966666666667,33.65,257.0,171.0,6.0,130.6428,40.1312,507,365,17,120.43142857142857,38.32357142857143,265.0,145.0,3.0,169.2705882352941,20.818235294117645
N Wadhera,341,287,16,116.08729729729728,50.72081081081081,419.0,260.0,13.0,155.49,41.24105263157895,24.0,13.0,3.0,72.72666666666667,72.72666666666667,53.0,50.0,1.0,114.732,59.225,577,420,15,123.34548387096774,47.59806451612903,154.0,90.0,16.0,143.66315789473683,49.80789473684211
Arshad Khan,85,62,5,110.0,47.5925,57.0,33.0,1.0,127.77666666666669,54.586666666666666,,,,,,,,,,,54,36,2,140.858,45.048,88.0,59.0,4.0,108.309,48.824
Abishek Porel,407,276,14,137.41121212121212,45.77818181818182,362.0,253.0,16.0,131.04647058823528,41.67,,,,,,382.0,259.0,12.0,127.29884615384616,52.45307692307692,325,234,14,130.43117647058824,31.324117647058824,62.0,36.0,4.0,161.58714285714288,41.271428571428565
Dhruv Jurel,528,381,20,122.53784313725491,43.77196078431373,659.0,389.0,15.0,175.90961538461536,29.425769230769234,8.0,5.0,1.0,133.335,50.0,151.0,93.0,4.0,126.75214285714286,57.78642857142857,559,403,17,110.26147058823528,41.58235294117647,485.0,279.0,15.0,160.74137931034483,28.127241379310348
MW Short,104,77,4,122.91000000000001,64.02000000000001,73.0,66.0,5.0,115.46399999999998,48.036,,,,,,138.0,103.0,6.0,113.86999999999999,66.64555555555556,39,39,2,80.33333333333333,38.556666666666665,0.0,1.0,1.0,0.0,100.0
Atharva Taide,123,84,3,140.44400000000002,54.778,135.0,91.0,6.0,114.75428571428571,53.44142857142857,2.0,2.0,0.0,100.0,0.0,157.0,103.0,5.0,141.567,54.79600000000001,103,74,4,142.244,31.046000000000003,,,,,
Harpreet Singh,60,66,1,93.055,36.38875,63.0,53.0,5.0,94.556,44.886,,,,,,30.0,29.0,0.0,102.72666666666667,59.13666666666666,43,52,2,72.666,41.666,50.0,38.0,4.0,133.77,22.142000000000003
PD Salt,495,314,14,139.406,55.80675,740.0,395.0,22.0,172.32615384615383,38.26923076923077,23.0,12.0,1.0,181.43,27.145,840.0,488.0,22.0,144.04605263157896,54.00342105263158,383,214,14,163.94647058823531,33.62529411764706,35.0,19.0,1.0,184.12666666666667,37.300000000000004
D Wiese,96,72,3,142.3481818181818,33.68,52.0,29.0,2.0,171.11,30.55666666666667,,,,,,,,,,,23,24,0,91.714,26.857999999999997,125.0,77.0,5.0,166.01777777777778,35.24888888888889
R Ravindra,186,148,7,110.0461111111111,53.50333333333333,207.0,134.0,9.0,150.666,36.444,20.0,5.0,0.0,400.0,0.0,275.0,200.0,10.0,111.70222222222223,50.88055555555556,114,78,6,156.17285714285714,30.554285714285715,24.0,9.0,0.0,266.67,0.0
SD Hope,90,70,3,129.2588888888889,44.81555555555556,93.0,52.0,4.0,194.5525,26.3625,,,,,,78.0,60.0,3.0,128.88857142857142,48.41428571428571,94,52,4,169.7375,26.4725,11.0,10.0,0.0,110.0,40.0
MA Starc,84,95,8,82.80863636363637,43.66863636363637,27.0,26.0,3.0,96.76666666666667,43.406666666666666,,,,,,,,,,,37,35,1,94.3375,46.695,74.0,86.0,10.0,81.2357142857143,42.97047619047619
Azmatullah Omarzai,122,86,6,122.42363636363638,41.91909090909091,29.0,15.0,4.0,118.215,64.6425,,,,,,,,,,,82,63,4,122.52142857142859,37.99571428571429,69.0,38.0,6.0,145.23714285714286,48.730000000000004
Naman Dhir,421,260,13,147.77757575757576,44.2169696969697,289.0,173.0,13.0,168.60444444444445,29.160555555555554,,,,,,165.0,116.0,7.0,116.28857142857143,57.39,249,164,8,145.22705882352943,26.69764705882353,296.0,153.0,11.0,159.10166666666666,38.974999999999994
Sameer Rizvi,130,125,9,87.05722222222222,61.931666666666665,255.0,150.0,4.0,169.67249999999999,28.71625,39.0,18.0,1.0,224.02499999999998,39.61,18.0,32.0,3.0,59.184285714285714,76.70142857142856,275,196,6,96.87692307692308,52.41307692307692,131.0,65.0,5.0,179.78666666666666,32.574444444444445
SB Dubey,184,127,7,127.27352941176471,42.04470588235294,36.0,16.0,3.0,203.57142857142858,28.571428571428573,,,,,,14.0,6.0,0.0,233.33,50.0,55,49,4,114.68111111111112,31.74666666666667,151.0,88.0,6.0,147.17166666666665,40.91916666666666
A Raghuvanshi,358,254,8,135.639,43.73833333333334,500.0,337.0,15.0,145.31571428571428,30.85,27.0,17.0,1.0,185.32000000000002,20.633333333333333,283.0,194.0,6.0,145.8140909090909,51.17136363636364,465,330,12,120.66090909090909,36.49681818181818,137.0,84.0,6.0,133.417,34.043
Ashutosh Sharma,342,216,11,156.05807692307692,40.86576923076923,222.0,118.0,8.0,167.20071428571427,28.532142857142855,,,,,,,,,,,147,117,5,115.22500000000001,36.6775,417.0,217.0,14.0,187.34666666666666,38.35142857142857
Nithish Kumar Reddy,391,301,10,122.55085714285714,42.734857142857145,394.0,238.0,17.0,148.28761904761905,43.11523809523809,2.0,2.0,0.0,100.0,0.0,75.0,84.0,4.0,75.44142857142857,59.52357142857142,476,337,13,118.0,40.35038461538461,236.0,120.0,10.0,163.0438888888889,39.983333333333334
WG Jacks,314,208,10,146.18576923076924,36.905,282.0,170.0,11.0,139.58083333333335,37.372499999999995,6.0,1.0,0.0,600.0,0.0,238.0,155.0,6.0,134.78157894736842,42.82052631578947,291,199,13,134.38588235294117,34.131764705882354,73.0,25.0,2.0,230.83333333333334,26.666666666666668
J Fraser-McGurk,196,107,8,147.37333333333333,67.13533333333334,189.0,86.0,6.0,244.41333333333333,36.714999999999996,,,,,,298.0,144.0,10.0,155.138,65.80333333333333,87,49,4,222.1825,48.4925,,,,,
D Ferreira,171,116,8,125.05125000000001,50.0725,149.0,71.0,3.0,295.8528571428572,26.07,6.0,4.0,1.0,150.0,50.0,14.0,11.0,0.0,127.27,54.55,120,86,3,115.49600000000001,44.858999999999995,192.0,94.0,9.0,156.69538461538463,48.676153846153845
Aniket Verma,207,137,8,144.504,45.3765,108.0,58.0,5.0,174.76833333333335,49.815,0.0,1.0,1.0,0.0,100.0,17.0,16.0,0.0,108.72999999999999,49.21,155,103,7,123.7675,46.67333333333334,143.0,77.0,7.0,182.45153846153846,39.066153846153846
RD Rickelton,331,221,11,146.61615384615385,50.23230769230769,465.0,257.0,12.0,158.23866666666666,41.016666666666666,40.0,19.0,1.0,164.44666666666666,17.776666666666667,554.0,343.0,13.0,150.97307692307692,46.62269230769231,258,141,10,130.52,46.79769230769231,24.0,13.0,1.0,129.54500000000002,29.545
V Nigam,119,67,3,146.643,39.19,38.0,22.0,3.0,134.1275,51.825,,,,,,20.0,8.0,0.0,250.0,25.0,53,33,1,157.1525,39.0375,84.0,48.0,5.0,139.44375,41.01
Priyansh Arya,464,251,13,158.60096774193548,49.953870967741935,444.0,218.0,17.0,169.53611111111113,52.05,1.0,2.0,1.0,50.0,50.0,678.0,355.0,22.0,159.2606451612903,50.93516129032258,231,116,9,196.6788888888889,33.24444444444444,,,,,
J Overton,105,56,2,192.41125,37.97625,46.0,37.0,3.0,127.52000000000002,31.709999999999997,,,,,,,,,,,47,30,0,175.355,23.685,104.0,63.0,5.0,185.15625,39.1525
Suryansh Shedge,83,63,4,123.44000000000001,40.679,82.0,38.0,3.0,213.41,24.08,,,,,,16.0,9.0,0.0,177.78,77.78,106,63,4,152.308,27.754,43.0,29.0,3.0,127.39999999999999,43.63166666666667
JP Inglis,225,140,3,157.7375,45.17875,312.0,168.0,9.0,204.46,35.60636363636364,7.0,6.0,2.0,137.5,62.5,307.0,155.0,5.0,175.07769230769233,47.71692307692308,206,137,7,130.8011111111111,32.324444444444445,31.0,22.0,2.0,135.41500000000002,35.417500000000004
V Suryavanshi,401,193,5,189.4204347826087,50.724782608695655,608.0,249.0,17.0,237.91222222222223,38.85444444444445,19.0,7.0,1.0,271.43,28.57,665.0,293.0,11.0,196.89913043478262,49.97217391304348,334,146,11,184.6875,41.8225,29.0,10.0,1.0,290.0,30.0
A Mhatre,179,102,4,143.07692307692307,55.128461538461536,244.0,127.0,6.0,183.42222222222222,42.07888888888889,18.0,11.0,2.0,164.58499999999998,22.915,275.0,145.0,9.0,148.87416666666667,54.98666666666667,157,85,2,179.67000000000002,37.3875,9.0,10.0,1.0,92.85499999999999,23.81
JG Bethell,108,73,5,144.12666666666667,55.766666666666666,55.0,43.0,4.0,76.565,50.6075,,,,,,137.0,90.0,7.0,143.76,55.50111111111111,26,26,2,105.625,24.375,,,,,
Urvil Patel,143,71,6,160.043,62.5,54.0,25.0,4.0,188.67499999999998,47.97,,,,,,144.0,68.0,6.0,163.43200000000002,59.830999999999996,53,28,4,150.1625,75.9725,,,,,
S Arora,107,69,4,145.25,43.0,14.0,8.0,2.0,161.10999999999999,72.22333333333334,,,,,,2.0,1.0,0.0,200.0,0.0,31,28,2,106.6675,47.915,88.0,48.0,4.0,145.47375,49.588750000000005
FH Allen,163,88,6,176.95818181818183,49.372727272727275,165.0,68.0,4.0,223.848,36.513999999999996,21.0,7.0,0.0,300.0,28.57,207.0,113.0,9.0,175.94909090909093,50.02818181818182,142,50,1,288.33500000000004,21.665,,,,,
Kartik Sharma,131,95,3,135.45454545454547,44.343636363636364,164.0,119.0,5.0,111.98375,49.901250000000005,0.0,2.0,1.0,0.0,100.0,31.0,23.0,0.0,128.33333333333334,45.0,187,149,5,101.113,51.464999999999996,77.0,44.0,4.0,149.48666666666665,51.595
C Connolly,161,121,3,123.84615384615384,53.07692307692308,256.0,151.0,7.0,164.481,42.931,74.0,29.0,1.0,241.2266666666667,25.439999999999998,137.0,103.0,3.0,103.303,67.777,260,161,7,165.356,32.85,94.0,37.0,1.0,242.02666666666667,15.646666666666667
MD Choudhary,89,73,3,113.66600000000001,46.0,81.0,47.0,3.0,118.776,46.792,,,,,,,,,,,55,43,1,124.90375,30.9575,115.0,77.0,5.0,94.24,57.43666666666666
P Nissanka,115,80,4,130.047,54.85699999999999,163.0,95.0,6.0,175.53166666666667,34.025,,,,,,235.0,139.0,6.0,143.155,49.54,43,36,4,113.36,29.5375,,,,,
SC Ganguly,440,486,17,86.26571428571428,63.83696428571428,763.0,711.0,30.0,94.15076923076923,53.64153846153846,146.0,66.0,5.0,169.34714285714287,39.667142857142856,529.0,518.0,19.0,87.995,62.56999999999999,630,642,24,89.5772972972973,52.58351351351351,190.0,103.0,9.0,182.18916666666667,39.57583333333333
DJ Hussey,491,504,17,90.30426229508197,50.12754098360656,812.0,562.0,28.0,134.35317073170734,38.18682926829268,19.0,9.0,1.0,208.33499999999998,41.67,134.0,115.0,3.0,103.17904761904762,57.72904761904762,778,727,26,101.47769230769231,39.90461538461538,410.0,233.0,17.0,147.5635714285714,40.19428571428572
R Dravid,730,731,17,96.41134146341463,55.312439024390244,1358.0,1089.0,50.0,108.55396825396825,43.301587301587304,86.0,62.0,8.0,125.5675,32.71625,905.0,832.0,17.0,97.26265625,57.2128125,1069,931,43,108.065,35.74548387096774,200.0,119.0,15.0,126.83444444444444,44.025000000000006
W Jaffer,52,65,4,75.9375,72.8125,78.0,56.0,3.0,114.17,42.24333333333333,,,,,,77.0,89.0,5.0,79.61625000000001,68.86375,53,32,2,162.94,28.04,,,,,
JH Kallis,818,814,29,91.23947368421052,62.19242105263157,1334.0,1227.0,39.0,100.8375,45.61609375,275.0,181.0,15.0,137.8409523809524,38.917142857142856,1036.0,982.0,33.0,93.93365853658537,63.421463414634154,997,1012,30,87.971,40.70766666666667,394.0,228.0,20.0,136.8551724137931,43.04482758620689
CL White,365,357,15,95.90822222222222,51.98755555555556,548.0,378.0,16.0,126.94,31.83,58.0,25.0,3.0,222.5,21.025,107.0,116.0,7.0,56.9765,74.0625,501,451,17,98.2175,45.8575,363.0,193.0,10.0,180.2335,23.4985
MV Boucher,188,183,9,98.37826086956521,43.87,206.0,126.0,5.0,179.21200000000002,26.613,,,,,,22.0,24.0,1.0,67.77666666666666,56.666666666666664,137,138,5,89.61375,41.05,235.0,147.0,8.0,135.7625,36.279375
ML Hayden,353,295,7,112.1953125,58.2821875,647.0,454.0,18.0,133.59884615384615,46.771153846153844,107.0,57.0,3.0,174.10166666666666,31.28833333333333,599.0,462.0,14.0,117.7778125,57.034687500000004,412,294,12,143.16,39.28368421052632,96.0,50.0,2.0,188.37,33.118
MEK Hussey,488,539,12,88.17120689655172,58.61931034482759,1187.0,920.0,29.0,108.04695652173913,42.80304347826087,302.0,153.0,8.0,180.36133333333333,28.560666666666666,828.0,767.0,19.0,99.81981818181818,55.97836363636363,888,709,23,112.5248717948718,33.608717948717945,261.0,136.0,7.0,182.24266666666665,24.613999999999997
JDP Oram,63,73,6,89.82636363636364,51.51545454545454,43.0,35.0,2.0,96.74666666666667,39.61666666666667,,,,,,,,,,,44,58,3,68.74857142857142,55.57,62.0,50.0,5.0,122.08,42.9025
S Badrinath,447,496,17,97.49015384615385,49.77123076923077,907.0,662.0,25.0,130.61026315789476,39.28394736842105,87.0,54.0,4.0,151.208,19.911,182.0,237.0,6.0,63.08965517241379,70.84827586206896,837,697,20,108.44119047619047,41.465714285714284,422.0,278.0,20.0,139.2397435897436,32.798205128205126
K Goel,94,131,6,64.47875,63.4675,124.0,100.0,7.0,140.16,49.372,,,,,,160.0,161.0,8.0,78.32416666666667,62.10999999999999,28,42,4,71.73714285714286,48.67,30.0,28.0,1.0,91.11,56.666666666666664
JR Hopes,180,150,8,118.94736842105263,47.00526315789474,228.0,149.0,6.0,126.75777777777778,41.833333333333336,9.0,7.0,2.0,125.0,29.165,167.0,133.0,7.0,108.43857142857144,57.201428571428565,187,128,5,148.39555555555555,36.07666666666667,63.0,45.0,4.0,141.34857142857143,31.587142857142858
KC Sangakkara,594,579,19,99.18426470588236,53.08338235294118,982.0,746.0,39.0,120.73291666666667,35.553958333333334,111.0,67.0,7.0,150.20555555555555,33.845555555555556,522.0,450.0,14.0,100.85812499999999,57.51499999999999,963,812,38,105.98735849056604,36.48358490566037,202.0,130.0,13.0,135.95125,41.16875
SM Katich,110,97,3,102.72727272727273,53.63636363636363,121.0,77.0,5.0,117.66428571428571,50.93142857142857,10.0,12.0,1.0,83.33,58.33,145.0,108.0,5.0,116.26333333333332,56.35444444444445,76,62,4,103.33166666666666,34.571666666666665,20.0,16.0,0.0,125.0,25.0
M Kaif,169,180,8,91.25,54.31227272727272,90.0,70.0,8.0,116.46909090909092,43.73727272727273,,,,,,22.0,38.0,2.0,43.834,77.952,183,167,8,111.59133333333332,43.36266666666667,54.0,45.0,6.0,129.453,37.19
SK Warne,156,159,13,82.02333333333334,59.561851851851856,42.0,55.0,4.0,70.295,38.705000000000005,,,,,,,,,,,61,82,6,54.522000000000006,74.869,137.0,132.0,11.0,91.4752380952381,47.98619047619048
V Sehwag,1155,817,48,131.13836538461538,55.11692307692307,1417.0,859.0,41.0,142.62963636363637,43.10181818181818,156.0,79.0,6.0,199.39777777777778,38.40111111111111,1593.0,1105.0,58.0,131.39126213592232,54.83126213592233,1062,615,33,147.82380952380953,35.9947619047619,73.0,35.0,4.0,165.73999999999998,41.666666666666664
ST Jayasuriya,316,256,11,109.34533333333334,78.738,418.0,263.0,15.0,147.43,53.24684210526316,34.0,13.0,2.0,161.10999999999999,38.89,514.0,366.0,19.0,115.376,78.557,254,166,9,139.846,37.826,,,,,
AM Nayar,361,362,19,87.0658,49.742,311.0,215.0,17.0,146.22583333333333,36.5625,,,,,,65.0,73.0,3.0,63.76727272727273,75.65818181818182,297,307,15,89.90846153846154,41.739999999999995,310.0,197.0,18.0,124.07206896551725,42.867586206896554
SM Pollock,76,62,2,95.0,56.25,71.0,49.0,6.0,165.0716666666667,41.53666666666667,,,,,,1.0,6.0,0.0,25.0,75.0,66,63,2,73.192,57.908,80.0,42.0,6.0,132.34,57.34
LRPL Taylor,521,452,16,108.58259259259259,46.85129629629629,482.0,360.0,21.0,140.07969696969698,40.11545454545455,14.0,10.0,1.0,140.0,20.0,155.0,121.0,3.0,93.27588235294118,53.55352941176471,550,502,23,100.19222222222221,44.42133333333334,312.0,199.0,12.0,141.37291666666667,39.36416666666667
AC Gilchrist,815,670,28,112.181,60.202125,1133.0,761.0,42.0,139.5678846153846,48.4673076923077,121.0,64.0,5.0,162.38,42.2825,1385.0,1033.0,47.0,116.97999999999999,58.698875,621,430,27,124.00935483870968,46.0916129032258,63.0,32.0,1.0,159.8725,36.765
Y Venugopal Rao,430,432,15,96.27903846153846,49.48442307692308,545.0,396.0,26.0,123.43060606060607,43.663939393939394,10.0,8.0,1.0,116.665,33.335,76.0,97.0,3.0,69.03583333333334,70.55916666666667,522,488,16,85.95783783783784,49.722162162162164,387.0,251.0,23.0,133.42193548387095,39.406451612903226
VVS Laxman,136,161,10,74.0,60.8495,144.0,102.0,5.0,130.68125,27.572499999999998,2.0,4.0,1.0,50.0,50.0,187.0,188.0,9.0,83.36473684210527,56.93736842105263,92,73,6,92.67375,37.1,3.0,6.0,1.0,50.0,50.0
A Symonds,334,328,5,99.83055555555556,49.73777777777778,591.0,406.0,19.0,135.65571428571428,35.67642857142857,49.0,16.0,0.0,303.845,7.69,72.0,82.0,1.0,65.04733333333334,72.74066666666667,609,484,13,118.98451612903226,41.8941935483871,293.0,184.0,10.0,131.22650000000002,38.796
SB Styris,66,72,3,100.738,36.297000000000004,64.0,60.0,4.0,72.89,62.0,1.0,1.0,0.0,100.0,0.0,8.0,13.0,0.0,72.22333333333334,27.776666666666667,83,93,4,93.01285714285714,39.575714285714284,40.0,27.0,3.0,152.3166666666667,29.62833333333333
LR Shukla,282,245,21,109.97939393939394,46.47181818181818,118.0,99.0,6.0,100.241,37.293,5.0,6.0,0.0,83.33,66.67,2.0,5.0,0.0,41.665,58.335,184,181,13,118.9385,46.163,219.0,164.0,14.0,121.59200000000001,44.096
DPMD Jayawardene,786,675,27,112.79320512820514,50.99717948717949,864.0,706.0,27.0,106.37333333333333,45.993125,158.0,83.0,4.0,136.338,24.579,611.0,501.0,22.0,111.62780000000001,55.9028,823,728,27,107.57882352941178,43.01980392156863,374.0,235.0,10.0,136.5572,32.1808
S Sohal,138,143,8,86.25,66.139,230.0,148.0,9.0,148.6709090909091,42.89727272727273,0.0,1.0,1.0,0.0,100.0,279.0,220.0,10.0,107.98588235294118,59.68529411764706,85,63,5,130.08999999999997,38.652,4.0,9.0,3.0,33.333333333333336,75.0
B Lee,124,94,7,111.00210526315789,46.253684210526316,0.0,3.0,2.0,0.0,100.0,,,,,,,,,,,12,10,1,104.44333333333333,28.89,112.0,87.0,8.0,107.57277777777777,49.17666666666667
Kamran Akmal,89,54,4,164.84,46.28333333333333,39.0,24.0,0.0,158.33499999999998,38.89,,,,,,51.0,41.0,2.0,123.95750000000001,57.015,51,20,2,181.8166666666667,44.696666666666665,26.0,17.0,0.0,152.94,29.41
GC Smith,203,247,8,72.44103448275862,68.2296551724138,482.0,377.0,13.0,110.62142857142858,46.847142857142856,54.0,44.0,5.0,111.76125,50.5175,374.0,387.0,13.0,80.63068965517242,64.23931034482759,299,241,10,103.91125,45.42,66.0,40.0,3.0,165.332,37.11
AB Agarkar,123,118,4,114.11777777777777,38.89666666666667,56.0,36.0,4.0,139.7,24.648,,,,,,20.0,13.0,1.0,153.85,69.23,34,47,2,94.14833333333333,49.03333333333333,125.0,94.0,5.0,128.62,30.52733333333333
M Kartik,98,91,3,94.84142857142857,33.412142857142854,15.0,17.0,3.0,66.6675,46.665,,,,,,,,,,,35,32,1,108.76333333333332,40.199999999999996,78.0,76.0,5.0,83.56769230769231,36.46076923076923
MF Maharoof,115,98,5,97.61928571428572,51.130714285714284,62.0,25.0,5.0,179.76285714285717,32.142857142857146,,,,,,,,,,,42,34,3,86.1125,52.7775,135.0,89.0,7.0,117.46636363636362,46.894545454545444
B Chipli,152,168,9,90.89238095238095,51.107619047619046,128.0,83.0,6.0,120.67444444444443,45.17444444444445,,,,,,55.0,76.0,5.0,75.69875,68.84875,125,119,9,85.68416666666667,48.08833333333333,100.0,56.0,1.0,153.06285714285715,23.47
DB Das,184,163,4,117.835,48.973636363636366,120.0,98.0,8.0,119.97,42.059000000000005,,,,,,58.0,53.0,4.0,80.61333333333333,69.325,129,111,2,137.01222222222225,43.784444444444446,117.0,97.0,6.0,123.96199999999999,40.36
HH Gibbs,316,319,13,91.10222222222222,71.1463888888889,500.0,434.0,15.0,113.17739130434782,43.22695652173913,70.0,54.0,3.0,116.71333333333332,23.911666666666665,447.0,416.0,15.0,93.10057142857143,67.47685714285714,367,345,15,95.79190476190476,47.114285714285714,72.0,46.0,1.0,143.334,16.024
SA Asnodkar,172,145,9,107.6757894736842,66.3736842105263,246.0,190.0,8.0,130.09,42.568,5.0,4.0,1.0,125.0,50.0,278.0,209.0,9.0,115.07578947368421,64.22947368421052,145,130,9,93.865,50.566,,,,,
Salman Butt,51,61,2,85.71428571428571,75.20428571428572,116.0,82.0,3.0,136.446,42.222,26.0,18.0,2.0,101.785,71.43,104.0,98.0,4.0,104.43714285714285,67.26428571428572,73,57,2,148.33333333333334,40.57,16.0,6.0,1.0,266.67,33.33
BJ Hodge,494,528,15,86.07761904761905,52.42857142857143,857.0,555.0,23.0,148.83951219512196,35.63219512195122,49.0,35.0,3.0,115.83333333333333,39.166666666666664,148.0,162.0,7.0,71.84818181818183,70.19909090909091,646,583,14,99.888,41.33911111111111,606.0,373.0,20.0,143.62864864864866,35.241621621621626
SP Fleming,80,79,4,93.556,65.056,116.0,86.0,5.0,149.99,44.32666666666666,,,,,,120.0,110.0,6.0,101.756,62.072,76,55,3,138.85250000000002,42.655,,,,,
S Vidyut,74,64,4,110.71375,65.8925,71.0,45.0,4.0,124.94749999999999,56.445,,,,,,103.0,76.0,5.0,132.46714285714285,58.357142857142854,42,30,2,72.415,68.965,0.0,3.0,1.0,0.0,100.0
JA Morkel,628,466,26,132.4013432835821,39.7565671641791,321.0,206.0,12.0,136.9175,41.5065,26.0,15.0,0.0,173.33,26.67,18.0,13.0,0.0,125.92333333333333,33.333333333333336,320,266,10,104.7048275862069,42.80206896551724,637.0,408.0,28.0,149.95526315789476,36.91
DB Ravi Teja,180,180,10,107.00319999999999,40.44,195.0,136.0,8.0,128.50333333333333,36.42333333333333,0.0,1.0,1.0,0.0,100.0,53.0,58.0,2.0,80.16,58.7,153,137,3,96.52833333333335,44.73166666666666,169.0,122.0,14.0,130.368,37.7695
Misbah-ul-Haq,49,48,6,79.1825,57.455,68.0,33.0,1.0,211.115,26.665,,,,,,27.0,19.0,3.0,82.2925,69.7925,48,42,3,101.09400000000001,39.082,42.0,20.0,1.0,116.665,61.11
YV Takawale,74,83,2,85.0,67.25,118.0,95.0,6.0,119.63333333333333,51.94833333333333,,,,,,121.0,132.0,5.0,74.8,72.57875,42,33,3,124.07333333333334,29.626666666666665,29.0,13.0,0.0,200.0,26.25
S Anirudha,65,63,6,99.52416666666666,56.535,55.0,35.0,1.0,208.33499999999998,36.665,16.0,15.0,1.0,106.67,33.33,26.0,28.0,3.0,38.294999999999995,87.5,34,33,0,77.77666666666667,71.36666666666666,76.0,52.0,5.0,136.99333333333334,40.495555555555555
SR Tendulkar,736,700,15,98.62179487179488,58.2424358974359,1362.0,1106.0,43.0,111.46290322580644,46.79370967741936,236.0,142.0,9.0,149.04111111111112,33.95222222222222,1143.0,982.0,25.0,106.75129870129871,55.405454545454546,967,829,34,105.35115384615385,43.777884615384615,224.0,137.0,8.0,138.4372222222222,36.50555555555556
TM Dilshan,437,409,18,94.8406,62.993,596.0,515.0,18.0,105.21483870967741,50.579354838709676,120.0,83.0,4.0,132.58333333333334,40.736666666666665,488.0,440.0,18.0,92.2490243902439,64.63097560975609,466,451,17,85.39516129032258,54.09838709677419,199.0,116.0,5.0,170.05076923076922,34.70230769230769
NK Patel,44,52,0,100.0,63.333333333333336,77.0,67.0,4.0,74.09,57.85,,,,,,45.0,55.0,1.0,68.985,74.57,39,42,3,70.2775,50.1375,37.0,22.0,0.0,182.5,37.5
LA Pomersbach,151,124,6,112.39875,47.21,122.0,112.0,4.0,99.63125,40.3275,29.0,10.0,0.0,290.0,10.0,104.0,80.0,4.0,127.3125,47.575,131,117,3,110.39666666666666,41.059999999999995,67.0,49.0,3.0,117.00285714285714,28.740000000000002
JD Ryder,300,233,10,108.04620689655172,57.384827586206896,253.0,191.0,16.0,104.59222222222222,51.805,51.0,34.0,1.0,148.61,26.39,440.0,326.0,18.0,108.02724137931034,57.14448275862069,119,104,8,103.44800000000001,36.807,45.0,28.0,1.0,156.41500000000002,28.34
KP Pietersen,375,318,6,106.18055555555556,51.875,564.0,396.0,20.0,133.243,37.184666666666665,62.0,29.0,1.0,134.72333333333333,47.223333333333336,392.0,294.0,5.0,117.5425,47.31821428571429,486,380,20,114.64033333333333,44.074666666666666,123.0,69.0,2.0,158.44142857142856,26.344285714285714
RS Bopara,162,190,5,75.79545454545455,53.29545454545455,287.0,226.0,9.0,123.77294117647058,30.236470588235292,82.0,37.0,3.0,206.53666666666666,18.51,130.0,144.0,5.0,76.6925,60.9925,222,205,4,88.53066666666668,41.88,179.0,104.0,8.0,142.02615384615385,34.004615384615384
PC Valthaty,203,196,11,94.8808695652174,67.38130434782609,246.0,182.0,9.0,107.61833333333334,58.928333333333335,56.0,40.0,2.0,128.4466666666667,41.53333333333333,312.0,278.0,15.0,94.06434782608696,66.61,147,118,6,88.92999999999999,58.073750000000004,46.0,22.0,1.0,212.94,28.825
RJ Quiney,39,51,5,98.84857142857143,67.65857142857143,64.0,51.0,2.0,122.38,39.05,,,,,,65.0,71.0,5.0,107.07428571428571,64.02285714285713,37,28,1,120.75999999999999,38.01,1.0,3.0,1.0,33.33,66.67
AS Raut,110,111,5,86.71875,51.5625,84.0,56.0,4.0,161.6775,20.1,,,,,,7.0,6.0,0.0,116.67,50.0,67,58,3,107.86100000000002,36.306,120.0,103.0,6.0,95.7953846153846,44.715384615384615
M Manhas,277,258,14,96.72500000000001,50.56289473684211,237.0,212.0,9.0,115.48,35.688235294117646,,,,,,46.0,53.0,3.0,54.6875,78.1875,224,232,10,87.41714285714286,46.320952380952384,244.0,185.0,10.0,120.39479999999999,38.9404
DL Vettori,81,77,5,93.854375,36.25,40.0,36.0,2.0,85.5175,57.9375,,,,,,,,,,,47,54,5,63.765,57.36625,74.0,59.0,2.0,117.67818181818183,24.222727272727273
MN van Wyk,45,42,1,90.0,68.0,112.0,82.0,1.0,184.6675,18.1675,10.0,8.0,1.0,125.0,37.5,28.0,25.0,1.0,82.32333333333332,87.12,73,64,1,113.46333333333332,27.876666666666665,66.0,43.0,1.0,153.19333333333336,24.166666666666668
RE van der Merwe,94,101,6,84.03733333333334,50.0,65.0,40.0,5.0,152.324,35.05,,,,,,36.0,37.0,2.0,88.6625,61.415,70,58,4,115.30571428571429,47.15,53.0,46.0,5.0,94.61333333333333,37.906666666666666
TL Suman,348,325,12,98.49820512820513,55.40128205128205,292.0,229.0,17.0,109.9144,45.3016,36.0,21.0,1.0,134.56,33.825,185.0,181.0,15.0,81.71904761904761,67.28666666666666,347,286,10,117.9645,37.6145,144.0,108.0,5.0,119.39142857142858,40.152857142857144
RJ Harris,104,97,11,96.28285714285714,43.332857142857144,13.0,15.0,1.0,86.67,40.0,,,,,,,,,,,20,25,1,71.47333333333334,44.550000000000004,97.0,87.0,11.0,104.2635,42.7495
M Morkel,126,90,10,117.02799999999999,43.628499999999995,,,,,,,,,,,,,,,,10,9,0,107.14500000000001,28.57,116.0,81.0,10.0,109.52799999999999,48.003499999999995
J Botha,206,199,12,107.93678571428572,43.135714285714286,183.0,153.0,8.0,110.25545454545454,34.051818181818184,20.0,7.0,0.0,285.71,0.0,45.0,52.0,1.0,70.48125,65.84375,205,184,7,99.99133333333334,44.358,159.0,123.0,12.0,126.6921052631579,31.454736842105262
GJ Bailey,312,302,10,96.22777777777777,44.323055555555555,341.0,237.0,15.0,133.57791666666665,40.81875,10.0,5.0,1.0,200.0,20.0,131.0,128.0,3.0,100.602,50.19866666666667,205,229,13,77.7473076923077,44.285384615384615,327.0,187.0,10.0,150.94388888888886,28.797777777777778
AB McDonald,81,68,4,106.46444444444445,43.60666666666667,42.0,32.0,1.0,113.49333333333334,41.53666666666667,,,,,,30.0,19.0,1.0,157.89,57.89,13,16,1,79.16499999999999,25.0,80.0,65.0,3.0,109.17571428571429,42.40571428571429
Y Nagar,148,147,6,89.897,58.849000000000004,123.0,105.0,8.0,111.09400000000001,43.863,14.0,7.0,0.0,200.0,28.57,2.0,3.0,0.0,50.0,50.0,104,129,3,86.60636363636364,35.91,179.0,127.0,11.0,115.4925,56.7975
CA Pujara,195,200,5,93.03045454545455,57.79045454545455,185.0,183.0,12.0,78.251875,58.39375,10.0,8.0,1.0,125.0,50.0,215.0,229.0,10.0,94.701875,60.218125,128,121,3,99.6775,34.24,47.0,41.0,5.0,90.3875,52.32
OA Shah,190,172,3,105.47590909090908,40.20590909090909,303.0,206.0,7.0,140.475,35.05142857142857,13.0,11.0,2.0,94.44666666666666,38.88666666666666,23.0,18.0,0.0,86.66749999999999,68.3325,214,200,4,85.39333333333335,50.40333333333333,269.0,171.0,8.0,132.59555555555556,30.529444444444444
R Sathish,196,178,10,103.64083333333333,42.09125,74.0,53.0,6.0,114.81444444444443,48.04,,,,,,0.0,7.0,1.0,0.0,100.0,106,106,6,89.66090909090909,45.200909090909086,164.0,118.0,9.0,123.31764705882354,37.23235294117647
R McLaren,53,75,5,63.99230769230769,57.363076923076925,100.0,91.0,2.0,94.272,39.032,6.0,5.0,1.0,108.335,41.665,12.0,18.0,0.0,66.67,61.11,78,95,2,65.35428571428572,52.32857142857143,69.0,58.0,6.0,88.81,46.88272727272727
AA Jhunjhunwala,96,109,6,89.15066666666667,59.984,110.0,96.0,6.0,91.06285714285715,45.605714285714285,11.0,5.0,0.0,220.0,20.0,24.0,34.0,0.0,68.47166666666666,58.705000000000005,124,125,5,102.0788888888889,45.44555555555556,69.0,51.0,7.0,101.87777777777778,50.352222222222224
P Dogra,55,85,5,68.125,51.458333333333336,72.0,53.0,3.0,93.652,49.626,,,,,,,,,,,54,76,0,56.76,55.107142857142854,73.0,62.0,8.0,108.02583333333332,38.729166666666664
MS Bisla,329,328,12,88.18846153846154,68.83205128205128,395.0,330.0,21.0,99.30959999999999,55.0128,74.0,44.0,3.0,136.065,27.5425,474.0,434.0,18.0,88.77675675675675,69.50324324324325,272,235,16,88.41888888888889,50.805,52.0,33.0,2.0,150.92666666666665,40.74333333333333
MJ Lumb,111,89,5,98.81916666666666,68.05583333333333,163.0,102.0,4.0,154.67833333333334,42.663333333333334,4.0,3.0,1.0,133.33,66.67,225.0,154.0,6.0,108.36500000000001,63.01500000000001,53,40,4,97.864,61.438,,,,,
FY Fazal,88,91,2,87.72727272727273,49.54545454545455,95.0,82.0,7.0,103.56,38.44375,,,,,,76.0,79.0,3.0,73.69375,57.41375,69,62,3,89.60833333333335,39.99333333333333,38.0,32.0,3.0,110.0,32.93
AC Voges,80,67,1,119.1842857142857,34.08142857142857,101.0,76.0,3.0,131.63166666666666,27.396666666666665,,,,,,7.0,9.0,0.0,77.78,55.56,89,78,3,125.34714285714287,29.00142857142857,85.0,56.0,1.0,148.5925,22.9075
MD Mishra,139,139,8,89.33235294117648,56.247058823529414,98.0,69.0,7.0,100.64,61.49777777777778,,,,,,129.0,124.0,8.0,96.89230769230768,62.09076923076923,81,65,6,113.2011111111111,43.51777777777777,27.0,19.0,1.0,131.25,27.84
PD Collingwood,53,53,3,93.40142857142857,48.894285714285715,116.0,90.0,0.0,128.89,34.443333333333335,34.0,13.0,1.0,205.5566666666667,40.0,26.0,19.0,0.0,116.6675,51.042500000000004,96,92,3,82.16000000000001,46.550000000000004,81.0,45.0,1.0,180.59666666666666,31.05
UBT Chand,148,159,9,78.736,70.4445,152.0,141.0,11.0,85.06727272727272,57.126363636363635,,,,,,120.0,142.0,9.0,70.951,73.3065,150,140,8,96.87636363636365,45.403636363636366,30.0,18.0,3.0,136.85333333333332,29.073333333333334
AL Menaria,191,183,7,95.0,53.98521739130435,210.0,173.0,14.0,121.39642857142857,38.580714285714286,,,,,,8.0,8.0,0.0,72.22333333333334,69.44333333333333,296,268,11,92.82,50.974736842105266,97.0,80.0,10.0,111.18916666666667,45.51499999999999
JEC Franklin,117,135,4,90.903125,49.096875,187.0,153.0,5.0,114.234,38.44,23.0,13.0,2.0,125.0,29.545,79.0,93.0,3.0,71.58714285714287,66.07142857142857,151,140,4,96.034,37.739,97.0,68.0,4.0,125.91666666666667,28.726666666666663
DH Yagnik,132,111,7,121.33352941176472,44.68,38.0,26.0,2.0,189.285,38.3925,,,,,,,,,,,74,62,5,127.46714285714286,52.21,96.0,75.0,4.0,121.35833333333333,40.152499999999996
NLTC Perera,309,232,13,124.69699999999999,46.153999999999996,115.0,77.0,9.0,177.01416666666668,35.873333333333335,,,,,,20.0,16.0,1.0,113.33333333333333,48.333333333333336,137,117,7,110.17411764705882,43.29588235294118,267.0,176.0,14.0,138.50545454545454,45.609545454545454
RN ten Doeschate,160,134,9,109.73904761904762,47.25666666666667,147.0,92.0,5.0,147.48,42.82875,19.0,9.0,0.0,211.11,11.11,6.0,7.0,0.0,95.835,54.165,108,88,4,86.56125,50.61,212.0,140.0,10.0,131.68411764705883,44.60764705882353
AC Blizzard,56,56,4,86.32714285714285,65.10142857142857,64.0,34.0,3.0,130.89666666666668,59.48666666666667,,,,,,99.0,76.0,5.0,100.17571428571429,61.74428571428571,21,14,2,130.0,52.22,,,,,
KK Cooper,103,60,7,160.06916666666666,45.416666666666664,13.0,8.0,2.0,175.0,50.0,,,,,,7.0,2.0,0.0,350.0,0.0,30,22,2,120.535,58.93,79.0,44.0,7.0,162.5,44.5
N Saini,76,81,5,89.72200000000001,55.388999999999996,64.0,60.0,5.0,93.282,46.718,,,,,,80.0,84.0,3.0,99.43285714285715,55.714285714285715,53,49,5,57.053333333333335,60.43333333333334,7.0,8.0,2.0,87.5,62.5
Azhar Mahmood,181,164,10,100.19666666666667,54.357142857142854,205.0,134.0,7.0,137.381,32.881,2.0,5.0,2.0,25.0,75.0,22.0,24.0,1.0,71.66600000000001,76.666,243,188,7,119.85307692307694,36.41615384615385,123.0,91.0,11.0,118.7976923076923,49.66230769230769
A Ashish Reddy,223,166,11,131.6182608695652,32.76869565217391,57.0,27.0,4.0,162.36166666666668,38.055,,,,,,5.0,6.0,1.0,83.33,83.33,61,41,0,133.75,35.834,214.0,146.0,14.0,130.35363636363638,31.96
BB Samantray,46,47,1,102.5,40.0,71.0,60.0,3.0,97.685,31.8525,8.0,6.0,1.0,133.33,33.33,15.0,21.0,0.0,72.225,66.67,68,62,2,75.41,54.1975,42.0,30.0,3.0,142.97166666666666,19.611666666666668
PA Reddy,92,92,3,95.02799999999999,52.666999999999994,72.0,68.0,7.0,103.19285714285715,53.779999999999994,,,,,,103.0,104.0,5.0,87.10666666666667,57.18,46,51,4,91.536,34.548,15.0,5.0,1.0,300.0,20.0
MC Juneja,65,62,2,100.7942857142857,47.30142857142857,60.0,66.0,5.0,83.5,42.666,,,,,,20.0,18.0,1.0,75.334,49.334,88,94,4,95.42833333333334,42.92166666666666,17.0,16.0,2.0,106.25,43.75
BJ Rohrer,73,68,3,125.48,47.4,120.0,73.0,4.0,147.858,30.360000000000003,,,,,,0.0,1.0,1.0,0.0,100.0,114,105,5,101.46285714285715,49.55428571428571,79.0,35.0,1.0,256.34666666666664,14.023333333333333
LJ Wright,68,39,2,171.33200000000002,46.668,38.0,21.0,2.0,165.385,30.29,,,,,,8.0,8.0,1.0,126.665,73.33500000000001,14,15,0,99.25999999999999,38.52,84.0,37.0,3.0,228.14666666666668,23.333333333333332
CM Gautam,101,92,6,104.33769230769232,51.21230769230769,68.0,58.0,3.0,117.39750000000001,62.542500000000004,,,,,,68.0,62.0,5.0,91.58714285714287,62.362857142857145,46,44,2,99.97749999999999,61.2575,55.0,44.0,2.0,125.04,42.5
DJG Sammy,163,154,7,110.88900000000001,51.194,132.0,86.0,7.0,151.5690909090909,43.77363636363636,0.0,1.0,1.0,0.0,100.0,8.0,5.0,0.0,160.0,80.0,151,140,4,103.83857142857143,50.035000000000004,136.0,96.0,11.0,134.97400000000002,46.816
UT Khawaja,81,54,1,157.36166666666668,41.805,46.0,46.0,4.0,83.9225,55.22,,,,,,107.0,75.0,3.0,154.675,42.251666666666665,20,25,2,75.0,46.665,,,,,
