bowler,year,matches,balls,runs,wickets,economy,bowling_sr
A Ashish Reddy,2012,9,165,238,11,8.65,15.0
A Ashish Reddy,2013,5,40,71,3,10.65,13.33
A Ashish Reddy,2015,4,36,51,3,8.5,12.0
A Ashish Reddy,2016,2,23,40,1,10.43,23.0
A Chandila,2012,4,84,87,5,6.21,16.8
A Chandila,2013,8,150,158,6,6.32,25.0
A Choudhary,2017,5,102,144,5,8.47,20.4
A Kamboj,2024,3,62,115,2,11.13,31.0
A Kamboj,2025,8,130,173,8,7.98,16.25
A Kamboj,2026,14,306,535,21,10.49,14.57
A Kumble,2008,10,230,314,7,8.19,32.86
A Kumble,2009,16,355,353,21,5.97,16.9
A Kumble,2010,16,385,422,17,6.58,22.65
A Mishra,2008,6,120,140,11,7.0,10.91
A Mishra,2009,11,259,300,14,6.95,18.5
A Mishra,2010,14,321,371,17,6.93,18.88
A Mishra,2011,14,322,369,19,6.88,16.95
A Mishra,2012,14,284,381,13,8.05,21.85
A Mishra,2013,17,374,395,21,6.34,17.81
A Mishra,2014,10,227,342,7,9.04,32.43
A Mishra,2015,12,241,312,9,7.77,26.78
A Mishra,2016,14,278,350,13,7.55,21.38
A Mishra,2017,14,233,345,10,8.88,23.3
A Mishra,2018,10,222,265,12,7.16,18.5
A Mishra,2019,11,240,271,11,6.78,21.82
A Mishra,2020,3,61,72,3,7.08,20.33
A Mishra,2021,4,84,109,6,7.79,14.0
A Mishra,2023,7,114,151,7,7.95,16.29
A Mishra,2024,1,12,20,1,10.0,12.0
A Mithun,2009,1,24,42,0,10.5,
A Mithun,2010,1,19,39,1,12.32,19.0
A Mithun,2011,12,212,325,5,9.2,42.4
A Mithun,2012,1,18,34,0,11.33,
A Mithun,2013,1,24,37,1,9.25,24.0
A Nehra,2008,14,270,357,12,7.93,22.5
A Nehra,2009,13,311,354,19,6.83,16.37
A Nehra,2010,4,84,102,6,7.29,14.0
A Nehra,2012,13,290,411,11,8.5,26.36
A Nehra,2013,10,216,319,11,8.86,19.64
A Nehra,2014,4,90,143,8,9.53,11.25
A Nehra,2015,16,373,453,22,7.29,16.95
A Nehra,2016,8,156,200,9,7.69,17.33
A Nehra,2017,6,127,198,8,9.35,15.88
A Nortje,2020,16,366,529,22,8.67,16.64
A Nortje,2021,8,182,198,12,6.53,15.17
A Nortje,2022,6,138,219,9,9.52,15.33
A Nortje,2023,10,243,370,10,9.14,24.3
A Nortje,2024,6,133,298,7,13.44,19.0
A Nortje,2025,2,42,87,1,12.43,42.0
A Nortje,2026,1,24,39,0,9.75,
A Singh,2009,5,106,100,9,5.66,11.78
A Singh,2011,9,171,222,9,7.79,19.0
A Singh,2012,9,197,317,10,9.65,19.7
A Symonds,2008,3,42,106,0,15.14,
A Symonds,2009,8,144,162,7,6.75,20.57
A Symonds,2010,16,318,385,12,7.26,26.5
A Symonds,2011,3,24,41,1,10.25,24.0
A Zampa,2016,5,102,117,12,6.88,8.5
A Zampa,2017,6,119,164,7,8.27,17.0
A Zampa,2020,3,66,92,2,8.36,33.0
A Zampa,2023,6,132,189,8,8.59,16.5
A Zampa,2025,2,48,94,2,11.75,24.0
AA Chavan,2011,2,30,31,0,6.2,
AA Chavan,2012,8,164,245,7,8.96,23.43
AA Chavan,2013,3,54,63,1,7.0,54.0
AB Agarkar,2008,9,157,211,8,8.06,19.62
AB Agarkar,2009,11,186,293,6,9.45,31.0
AB Agarkar,2010,7,133,207,4,9.34,33.25
AB Agarkar,2011,7,162,236,8,8.74,20.25
AB Agarkar,2012,4,86,134,3,9.35,28.67
AB Agarkar,2013,4,60,93,0,9.3,
AB Dinda,2008,12,235,266,9,6.79,26.11
AB Dinda,2009,8,144,195,4,8.12,36.0
AB Dinda,2010,7,139,155,9,6.69,15.44
AB Dinda,2011,5,104,159,5,9.17,20.8
AB Dinda,2012,7,148,171,9,6.93,16.44
AB Dinda,2013,13,296,466,16,9.45,18.5
AB Dinda,2014,9,188,271,5,8.65,37.6
AB Dinda,2015,2,32,63,0,11.81,
AB Dinda,2016,9,184,236,11,7.7,16.73
AB Dinda,2017,3,60,121,1,12.1,60.0
AB McDonald,2009,1,18,22,0,7.33,
AB McDonald,2010,4,84,138,5,9.86,16.8
AB McDonald,2011,1,12,23,0,11.5,
AB McDonald,2012,3,60,63,5,6.3,12.0
AB McDonald,2013,1,12,17,1,8.5,12.0
AC Thomas,2011,11,232,300,11,7.76,21.09
AC Thomas,2012,4,85,116,3,8.19,28.33
AD Mascarenhas,2008,1,24,31,2,7.75,12.0
AD Mascarenhas,2009,5,116,133,6,6.88,19.33
AD Mascarenhas,2010,2,48,66,4,8.25,12.0
AD Mascarenhas,2012,4,96,110,7,6.88,13.71
AD Mascarenhas,2013,1,24,25,0,6.25,
AD Mathews,2009,1,14,32,0,13.71,
AD Mathews,2010,12,226,317,8,8.42,28.25
AD Mathews,2012,9,156,195,7,7.5,22.29
AD Mathews,2013,10,186,245,5,7.9,37.2
AD Mathews,2015,10,180,249,7,8.3,25.71
AD Mathews,2017,2,30,57,0,11.4,
AD Russell,2012,4,97,162,1,10.02,97.0
AD Russell,2013,3,42,68,0,9.71,
AD Russell,2014,2,31,54,1,10.45,31.0
AD Russell,2015,13,245,332,14,8.13,17.5
AD Russell,2016,12,219,301,15,8.25,14.6
AD Russell,2018,15,228,360,13,9.47,17.54
AD Russell,2019,12,181,288,11,9.55,16.45
AD Russell,2020,7,110,178,6,9.71,18.33
AD Russell,2021,8,114,189,11,9.95,10.36
AD Russell,2022,13,170,282,17,9.95,10.0
AD Russell,2023,9,94,173,7,11.04,13.43
AD Russell,2024,14,176,304,19,10.36,9.26
AD Russell,2025,9,112,218,8,11.68,14.0
AF Milne,2016,1,24,44,1,11.0,24.0
AF Milne,2017,4,84,141,3,10.07,28.0
AF Milne,2021,4,85,135,3,9.53,28.33
AF Milne,2022,1,15,19,0,7.6,
AF Milne,2026,1,20,42,0,12.6,
AG Murtaza,2010,3,72,93,3,7.75,24.0
AG Murtaza,2011,5,120,122,3,6.1,40.0
AG Murtaza,2012,1,12,11,0,5.5,
AG Murtaza,2013,3,60,96,3,9.6,20.0
AJ Hosein,2023,1,24,41,1,10.25,24.0
AJ Hosein,2026,7,150,198,8,7.92,18.75
AJ Tye,2017,6,126,146,12,6.95,10.5
AJ Tye,2018,14,338,459,24,8.15,14.08
AJ Tye,2019,6,132,233,3,10.59,44.0
AJ Tye,2020,1,25,54,1,12.96,25.0
AJ Tye,2022,3,66,113,2,10.27,33.0
AK Markram,2021,2,24,23,0,5.75,
AK Markram,2022,4,36,64,1,10.67,36.0
AK Markram,2023,6,49,71,1,8.69,49.0
AK Markram,2024,2,13,15,0,6.92,
AK Markram,2025,5,66,102,4,9.27,16.5
AK Markram,2026,5,36,83,0,13.83,
AM Ghazanfar,2026,11,233,390,15,10.04,15.53
AM Nayar,2008,5,42,69,1,9.86,42.0
AM Nayar,2009,4,72,84,4,7.0,18.0
AM Nayar,2011,6,61,95,2,9.34,30.5
AM Nayar,2012,1,6,16,0,16.0,
AM Nayar,2013,3,48,59,2,7.38,24.0
AM Salvi,2009,5,102,138,4,8.12,25.5
AM Salvi,2011,2,48,67,3,8.38,16.0
AN Ahmed,2010,1,12,26,0,13.0,
AN Ahmed,2011,6,121,178,5,8.83,24.2
AN Ahmed,2012,1,12,17,0,8.5,
AN Ahmed,2013,2,42,45,3,6.43,14.0
AN Ahmed,2014,4,88,120,3,8.18,29.33
AN Ahmed,2015,3,74,129,1,10.46,74.0
AR Patel,2014,17,396,424,17,6.42,23.29
AR Patel,2015,14,280,399,13,8.55,21.54
AR Patel,2016,14,287,395,13,8.26,22.08
AR Patel,2017,14,288,366,15,7.62,19.2
AR Patel,2018,8,156,221,3,8.5,52.0
AR Patel,2019,14,306,368,10,7.22,30.6
AR Patel,2020,15,306,329,9,6.45,34.0
AR Patel,2021,12,282,315,15,6.7,18.8
AR Patel,2022,13,258,323,6,7.51,43.0
AR Patel,2023,13,282,344,11,7.32,25.64
AR Patel,2024,14,264,340,11,7.73,24.0
AR Patel,2025,12,216,314,5,8.72,43.2
AR Patel,2026,13,264,365,11,8.3,24.0
AS Joseph,2019,3,52,89,6,10.27,8.67
AS Joseph,2022,9,181,269,7,8.92,25.86
AS Joseph,2023,7,144,226,7,9.42,20.57
AS Joseph,2024,3,58,123,1,12.72,58.0
AS Rajpoot,2013,2,24,37,1,9.25,24.0
AS Rajpoot,2016,4,67,101,3,9.04,22.33
AS Rajpoot,2017,5,84,113,4,8.07,21.0
AS Rajpoot,2018,8,159,230,11,8.68,14.45
AS Rajpoot,2019,4,101,157,3,9.33,33.67
AS Rajpoot,2020,6,104,206,2,11.88,52.0
AS Roy,2019,1,12,11,1,5.5,12.0
AS Roy,2022,2,42,55,1,7.86,42.0
AS Roy,2023,3,48,65,3,8.12,16.0
AS Roy,2024,3,34,60,0,10.59,
AS Roy,2025,1,24,27,1,6.75,24.0
AS Roy,2026,12,163,264,9,9.72,18.11
Abhishek Sharma,2019,2,13,21,1,9.69,13.0
Abhishek Sharma,2020,6,60,92,2,9.2,30.0
Abhishek Sharma,2021,6,60,66,4,6.6,15.0
Abhishek Sharma,2022,3,24,39,0,9.75,
Abhishek Sharma,2023,5,72,127,2,10.58,36.0
Abhishek Sharma,2024,4,42,51,2,7.29,21.0
Abhishek Sharma,2025,6,66,113,0,10.27,
Abhishek Sharma,2026,4,29,49,0,10.14,
Akash Deep,2022,5,115,206,5,10.75,23.0
Akash Deep,2023,2,32,63,1,11.81,32.0
Akash Deep,2024,1,21,55,1,15.71,21.0
Akash Deep,2025,6,114,230,3,12.11,38.0
Akash Madhwal,2023,8,158,222,15,8.43,10.53
Akash Madhwal,2024,5,111,209,5,11.3,22.2
Akash Madhwal,2025,4,90,167,4,11.13,22.5
Akash Singh,2021,1,24,39,0,9.75,
Akash Singh,2023,6,114,188,5,9.89,22.8
Akash Singh,2025,3,67,99,4,8.87,16.75
Akash Singh,2026,2,42,80,4,11.43,10.5
Anand Rajan,2011,2,30,50,3,10.0,10.0
Anand Rajan,2012,4,72,113,3,9.42,24.0
Anand Rajan,2013,2,48,43,2,5.38,24.0
Ankit Sharma,2012,9,145,167,4,6.91,36.25
Ankit Sharma,2013,1,12,17,0,8.5,
Ankit Sharma,2014,2,48,44,4,5.5,12.0
Ankit Sharma,2015,4,84,114,3,8.14,28.0
Ankit Sharma,2016,3,66,84,1,7.64,66.0
Ankit Sharma,2017,1,6,16,0,16.0,
Ankit Sharma,2018,1,6,11,0,11.0,
Anureet Singh,2009,2,30,47,2,9.4,15.0
Anureet Singh,2015,14,315,477,15,9.09,21.0
Anureet Singh,2016,2,38,44,0,6.95,
Anureet Singh,2017,1,12,26,0,13.0,
Anureet Singh,2018,3,24,42,1,10.5,24.0
Arshad Khan,2023,6,85,192,5,13.55,17.0
Arshad Khan,2024,3,49,90,1,11.02,49.0
Arshad Khan,2025,9,127,220,6,10.39,21.17
Arshad Khan,2026,6,104,173,6,9.98,17.33
Arshdeep Singh,2019,3,60,117,3,11.7,20.0
Arshdeep Singh,2020,8,150,219,9,8.76,16.67
Arshdeep Singh,2021,12,248,348,18,8.42,13.78
Arshdeep Singh,2022,14,304,402,10,7.93,30.4
Arshdeep Singh,2023,14,305,497,17,9.78,17.94
Arshdeep Singh,2024,14,302,514,19,10.21,15.89
Arshdeep Singh,2025,16,350,527,21,9.03,16.67
Arshdeep Singh,2026,14,319,542,14,10.19,22.79
Ashok Sharma,2026,6,127,233,6,11.01,21.17
Ashwani Kumar,2025,7,125,234,11,11.23,11.36
Ashwani Kumar,2026,3,60,102,6,10.2,10.0
Avesh Khan,2017,1,24,24,1,6.0,24.0
Avesh Khan,2018,6,115,205,4,10.7,28.75
Avesh Khan,2019,1,18,30,0,10.0,
Avesh Khan,2020,1,24,42,0,10.5,
Avesh Khan,2021,16,367,466,24,7.62,15.29
Avesh Khan,2022,13,287,423,19,8.84,15.11
Avesh Khan,2023,9,174,287,8,9.9,21.75
Avesh Khan,2024,15,330,533,19,9.69,17.37
Avesh Khan,2025,13,284,487,13,10.29,21.85
Avesh Khan,2026,7,148,278,6,11.27,24.67
Azhar Mahmood,2012,11,258,331,14,7.7,18.43
Azhar Mahmood,2013,11,264,335,15,7.61,17.6
Azhar Mahmood,2015,1,20,41,0,12.3,
Azmatullah Omarzai,2024,7,126,194,4,9.24,31.5
Azmatullah Omarzai,2025,8,162,282,8,10.44,20.25
Azmatullah Omarzai,2026,3,66,103,3,9.36,22.0
B Akhil,2008,6,104,138,2,7.96,52.0
B Akhil,2009,5,66,80,4,7.27,16.5
B Akhil,2010,1,6,6,0,6.0,
B Akhil,2011,1,13,22,0,10.15,
B Kumar,2011,4,67,68,3,6.09,22.33
B Kumar,2012,11,235,293,8,7.48,29.38
B Kumar,2013,16,343,381,13,6.66,26.38
B Kumar,2014,14,319,362,20,6.81,15.95
B Kumar,2015,14,310,419,18,8.11,17.22
B Kumar,2016,17,397,503,23,7.6,17.26
B Kumar,2017,14,315,384,26,7.31,12.12
B Kumar,2018,12,279,357,9,7.68,31.0
B Kumar,2019,15,355,466,13,7.88,27.31
B Kumar,2020,4,86,100,3,6.98,28.67
B Kumar,2021,11,252,337,6,8.02,42.0
B Kumar,2022,14,315,394,12,7.5,26.25
B Kumar,2023,14,306,432,16,8.47,19.12
B Kumar,2024,16,343,555,11,9.71,31.18
B Kumar,2025,14,312,490,17,9.42,18.35
B Kumar,2026,16,379,504,28,7.98,13.54
B Laughlin,2013,2,42,72,1,10.29,42.0
B Laughlin,2018,7,127,212,9,10.02,14.11
B Lee,2008,4,99,118,4,7.15,24.75
B Lee,2009,5,125,113,5,5.42,25.0
B Lee,2010,4,88,154,0,10.5,
B Lee,2011,12,274,349,5,7.64,54.8
B Lee,2012,10,230,303,7,7.9,32.86
B Lee,2013,3,72,89,4,7.42,18.0
B Stanlake,2017,2,48,70,2,8.75,24.0
B Stanlake,2018,4,96,130,5,8.12,19.2
BA Bhatt,2011,8,167,233,9,8.37,18.56
BA Bhatt,2012,5,100,143,2,8.58,50.0
BA Bhatt,2013,2,30,32,1,6.4,30.0
BA Stokes,2017,12,264,327,12,7.43,22.0
BA Stokes,2018,12,223,307,8,8.26,27.88
BA Stokes,2019,6,102,200,6,11.76,17.0
BA Stokes,2020,6,92,159,2,10.37,46.0
BA Stokes,2021,1,6,12,0,12.0,
BA Stokes,2023,1,6,18,0,18.0,
BAW Mendis,2008,1,24,24,1,6.0,24.0
BAW Mendis,2009,4,101,136,3,8.08,33.67
BAW Mendis,2010,2,48,68,2,8.5,24.0
BAW Mendis,2013,3,72,78,2,6.5,36.0
BB Sran,2015,1,19,36,0,11.37,
BB Sran,2016,14,297,420,14,8.48,21.21
BB Sran,2017,1,12,29,0,14.5,
BB Sran,2018,6,134,231,4,10.34,33.5
BB Sran,2019,2,24,51,0,12.75,
BCJ Cutting,2014,1,24,31,1,7.75,24.0
BCJ Cutting,2016,4,67,80,5,7.16,13.4
BCJ Cutting,2017,4,76,123,1,9.71,76.0
BCJ Cutting,2018,7,102,169,2,9.94,51.0
BCJ Cutting,2019,1,12,27,1,13.5,12.0
BE Hendricks,2014,3,72,127,4,10.58,18.0
BE Hendricks,2015,4,79,112,5,8.51,15.8
BJ Hodge,2009,9,120,167,7,8.35,17.14
BJ Hodge,2010,4,30,41,2,8.2,15.0
BJ Hodge,2011,4,66,77,7,7.0,9.43
BJ Hodge,2012,2,12,22,1,11.0,12.0
BJ Hodge,2013,1,6,3,0,3.0,
BW Hilfenhaus,2012,9,206,242,14,7.05,14.71
BW Hilfenhaus,2014,8,169,255,8,9.05,21.12
Basil Thampi,2017,12,268,428,11,9.58,24.36
Basil Thampi,2018,4,61,115,5,11.31,12.2
Basil Thampi,2019,3,73,115,0,9.45,
Basil Thampi,2020,1,24,46,1,11.5,24.0
Basil Thampi,2022,5,96,158,5,9.88,19.2
Bipul Sharma,2010,4,60,94,3,9.4,20.0
Bipul Sharma,2011,4,72,80,4,6.67,18.0
Bipul Sharma,2012,3,46,82,0,10.7,
Bipul Sharma,2013,1,24,21,1,5.25,24.0
Bipul Sharma,2015,3,42,50,3,7.14,14.0
Bipul Sharma,2016,6,84,123,3,8.79,28.0
Bipul Sharma,2017,7,98,131,3,8.02,32.67
Brijesh Sharma,2026,13,277,452,14,9.79,19.79
C Bosch,2025,2,42,56,1,8.0,42.0
C Bosch,2026,6,123,197,12,9.61,10.25
C Green,2023,16,229,370,6,9.69,38.17
C Green,2024,13,211,305,10,8.67,21.1
C Green,2026,10,133,241,7,10.87,19.0
C Sakariya,2021,14,316,434,14,8.24,22.57
C Sakariya,2022,3,66,87,3,7.91,22.0
C Sakariya,2023,2,49,89,3,10.9,16.33
C Sakariya,2025,1,18,39,0,13.0,
C de Grandhomme,2017,9,98,136,4,8.33,24.5
C de Grandhomme,2018,7,90,132,2,8.8,45.0
C de Grandhomme,2019,3,30,55,0,11.0,
CH Gayle,2009,7,113,146,1,7.75,113.0
CH Gayle,2010,6,96,153,4,9.56,24.0
CH Gayle,2011,12,218,262,8,7.21,27.25
CH Gayle,2012,3,28,67,0,14.36,
CH Gayle,2013,4,24,41,3,10.25,8.0
CH Gayle,2015,1,12,16,0,8.0,
CH Gayle,2016,4,61,65,2,6.39,30.5
CH Gayle,2020,1,5,5,0,6.0,
CH Morris,2013,16,301,410,15,8.17,20.07
CH Morris,2015,11,259,336,14,7.78,18.5
CH Morris,2016,12,265,320,13,7.25,20.38
CH Morris,2017,9,186,241,12,7.77,15.5
CH Morris,2018,4,84,148,3,10.57,28.0
CH Morris,2019,9,200,314,13,9.42,15.38
CH Morris,2020,9,190,212,11,6.69,17.27
CH Morris,2021,11,246,396,15,9.66,16.4
CJ Anderson,2014,9,108,188,4,10.44,27.0
CJ Anderson,2015,2,24,33,1,8.25,24.0
CJ Anderson,2017,8,113,187,3,9.93,37.67
CJ Anderson,2018,3,52,117,3,13.5,17.33
CJ Jordan,2016,9,170,266,11,9.39,15.45
CJ Jordan,2017,1,6,10,1,10.0,6.0
CJ Jordan,2018,1,24,35,0,8.75,
CJ Jordan,2020,9,196,320,9,9.8,21.78
CJ Jordan,2021,4,72,103,4,8.58,18.0
CJ Jordan,2022,4,79,136,2,10.33,39.5
CJ Jordan,2023,6,132,241,3,10.95,44.0
CK Langeveldt,2009,1,24,15,3,3.75,8.0
CK Langeveldt,2010,3,66,92,5,8.36,13.2
CK Langeveldt,2011,3,67,92,5,8.24,13.4
CR Brathwaite,2016,8,142,192,7,8.11,20.29
CR Brathwaite,2017,2,36,67,1,11.17,36.0
CR Brathwaite,2018,4,61,96,5,9.44,12.2
CR Brathwaite,2019,2,18,29,0,9.67,
CR Woakes,2017,13,264,393,17,8.93,15.53
CR Woakes,2018,5,110,196,8,10.69,13.75
CR Woakes,2021,3,67,85,5,7.61,13.4
CRD Fernando,2008,5,121,164,10,8.13,12.1
CRD Fernando,2010,5,117,142,7,7.28,16.71
CV Varun,2019,1,18,35,1,11.67,18.0
CV Varun,2020,13,312,357,17,6.87,18.35
CV Varun,2021,17,411,456,18,6.66,22.83
CV Varun,2022,11,237,338,6,8.56,39.5
CV Varun,2023,14,316,445,20,8.45,15.8
CV Varun,2024,14,302,411,21,8.17,14.38
CV Varun,2025,13,300,390,17,7.8,17.65
CV Varun,2026,11,246,363,11,8.85,22.36
D Pretorius,2022,6,126,213,6,10.14,21.0
D Pretorius,2023,1,24,29,0,7.25,
D Wiese,2015,13,254,360,16,8.5,15.88
D Wiese,2016,1,25,49,0,11.76,
D Wiese,2023,1,18,38,0,12.67,
DE Bollinger,2010,8,187,213,12,6.83,15.58
DE Bollinger,2011,13,283,343,17,7.27,16.65
DE Bollinger,2012,6,108,160,8,8.89,13.5
DG Nalkande,2022,2,31,59,2,11.42,15.5
DG Nalkande,2023,1,25,45,1,10.8,25.0
DG Nalkande,2024,3,29,46,3,9.52,9.67
DJ Bravo,2008,9,171,239,11,8.39,15.55
DJ Bravo,2009,11,200,265,11,7.95,18.18
DJ Bravo,2010,10,157,231,4,8.83,39.25
DJ Bravo,2011,6,120,159,6,7.95,20.0
DJ Bravo,2012,18,346,472,15,8.18,23.07
DJ Bravo,2013,18,376,505,32,8.06,11.75
DJ Bravo,2015,16,315,442,26,8.42,12.12
DJ Bravo,2016,15,337,502,17,8.94,19.82
DJ Bravo,2018,16,321,538,14,10.06,22.93
DJ Bravo,2019,12,249,336,11,8.1,22.64
DJ Bravo,2020,6,126,180,6,8.57,21.0
DJ Bravo,2021,11,202,264,14,7.84,14.43
DJ Bravo,2022,10,209,303,16,8.7,13.06
DJ Hooda,2015,7,91,131,1,8.64,91.0
DJ Hooda,2016,6,78,97,3,7.46,26.0
DJ Hooda,2017,3,24,42,2,10.5,12.0
DJ Hooda,2018,2,18,25,0,8.33,
DJ Hooda,2019,2,12,21,1,10.5,12.0
DJ Hooda,2020,1,6,10,0,10.0,
DJ Hooda,2021,7,96,136,2,8.5,48.0
DJ Hooda,2022,2,24,43,1,10.75,24.0
DJ Hooda,2023,1,6,8,0,8.0,
DJ Hooda,2024,2,18,22,0,7.33,
DJ Hooda,2025,1,6,15,0,15.0,
DJ Hussey,2008,5,78,134,2,10.31,39.0
DJ Hussey,2009,3,24,34,0,8.5,
DJ Hussey,2010,5,60,81,0,8.1,
DJ Hussey,2011,2,18,38,1,12.67,18.0
DJ Hussey,2012,6,54,67,3,7.44,18.0
DJ Hussey,2013,4,66,93,0,8.45,
DJ Hussey,2014,1,17,38,2,13.41,8.5
DJ Willey,2018,3,60,96,2,9.6,30.0
DJ Willey,2022,4,66,75,1,6.82,66.0
DJ Willey,2023,4,90,106,3,7.07,30.0
DJG Sammy,2013,9,135,169,8,7.51,16.88
DJG Sammy,2014,8,85,159,3,11.22,28.33
DJG Sammy,2015,2,18,26,0,8.67,
DL Chahar,2016,2,30,42,0,8.4,
DL Chahar,2017,3,42,75,1,10.71,42.0
DL Chahar,2018,12,231,281,10,7.3,23.1
DL Chahar,2019,17,390,486,22,7.48,17.73
DL Chahar,2020,14,312,402,12,7.73,26.0
DL Chahar,2021,15,324,453,14,8.39,23.14
DL Chahar,2023,10,204,302,13,8.88,15.69
DL Chahar,2024,8,141,202,5,8.6,28.2
DL Chahar,2025,14,248,378,11,9.15,22.55
DL Chahar,2026,8,153,269,8,10.55,19.12
DL Vettori,2008,2,48,54,2,6.75,24.0
DL Vettori,2009,7,139,186,7,8.03,19.86
DL Vettori,2010,3,70,98,2,8.4,35.0
DL Vettori,2011,13,310,315,12,6.1,25.83
DL Vettori,2012,9,210,241,5,6.89,42.0
DP Nannes,2009,13,297,384,15,7.76,19.8
DP Nannes,2010,9,208,235,7,6.78,29.71
DP Nannes,2011,2,24,31,2,7.75,12.0
DP Nannes,2013,5,121,165,4,8.18,30.25
DR Sams,2020,3,73,114,0,9.37,
DR Sams,2021,2,36,39,1,6.5,36.0
DR Sams,2022,11,253,375,13,8.89,19.46
DR Smith,2008,4,66,83,5,7.55,13.2
DR Smith,2009,8,84,128,1,9.14,84.0
DR Smith,2010,2,23,36,1,9.39,23.0
DR Smith,2012,6,79,98,2,7.44,39.5
DR Smith,2013,3,32,59,2,11.06,16.0
DR Smith,2014,5,60,99,4,9.9,15.0
DR Smith,2015,1,12,17,1,8.5,12.0
DR Smith,2016,8,109,154,8,8.48,13.62
DR Smith,2017,9,78,151,2,11.62,39.0
DS Kulkarni,2008,10,181,242,11,8.02,16.45
DS Kulkarni,2009,8,156,209,5,8.04,31.2
DS Kulkarni,2010,1,24,40,1,10.0,24.0
DS Kulkarni,2011,6,120,156,5,7.8,24.0
DS Kulkarni,2012,2,48,64,6,8.0,8.0
DS Kulkarni,2013,6,113,153,8,8.12,14.12
DS Kulkarni,2014,8,162,226,6,8.37,27.0
DS Kulkarni,2015,11,211,290,13,8.25,16.23
DS Kulkarni,2016,14,294,365,18,7.45,16.33
DS Kulkarni,2017,6,113,173,3,9.19,37.67
DS Kulkarni,2018,8,119,189,4,9.53,29.75
DS Kulkarni,2019,10,211,336,6,9.55,35.17
DS Kulkarni,2020,1,18,22,0,7.33,
DS Kulkarni,2021,1,24,48,0,12.0,
DS Rathi,2025,13,314,435,14,8.31,22.43
DS Rathi,2026,10,234,399,5,10.23,46.8
DT Christian,2011,14,275,357,11,7.79,25.0
DT Christian,2012,7,162,240,8,8.89,20.25
DT Christian,2013,2,38,56,0,8.84,
DT Christian,2017,13,240,303,11,7.58,21.82
DT Christian,2018,4,71,106,4,8.96,17.75
DT Christian,2021,9,100,156,4,9.36,25.0
DW Steyn,2008,10,230,265,10,6.91,23.0
DW Steyn,2009,3,54,62,2,6.89,27.0
DW Steyn,2010,15,354,415,15,7.03,23.6
DW Steyn,2011,12,277,304,14,6.58,19.79
DW Steyn,2012,12,281,290,18,6.19,15.61
DW Steyn,2013,17,413,410,19,5.96,21.74
DW Steyn,2014,14,336,441,11,7.88,30.55
DW Steyn,2015,6,114,171,3,9.0,38.0
DW Steyn,2016,1,12,17,0,8.5,
DW Steyn,2019,2,48,74,4,9.25,12.0
DW Steyn,2020,3,70,134,1,11.49,70.0
E Malinga,2025,7,160,244,13,9.15,12.31
E Malinga,2026,15,326,510,20,9.39,16.3
FH Edwards,2009,6,141,160,5,6.81,28.2
Fazalhaq Farooqi,2022,3,72,110,2,9.17,36.0
Fazalhaq Farooqi,2023,4,80,119,4,8.92,20.0
Fazalhaq Farooqi,2025,5,102,211,0,12.41,
G Coetzee,2024,10,202,357,13,10.6,15.54
G Coetzee,2025,4,72,133,2,11.08,36.0
GB Hogg,2012,9,217,262,10,7.24,21.7
GB Hogg,2013,1,20,31,0,9.3,
GB Hogg,2015,6,126,148,9,7.05,14.0
GB Hogg,2016,5,96,144,4,9.0,24.0
GC Viljoen,2019,6,138,229,7,9.96,19.71
GD McGrath,2008,14,325,366,12,6.76,27.08
GJ Maxwell,2012,2,18,22,1,7.33,18.0
GJ Maxwell,2013,2,12,24,0,12.0,
GJ Maxwell,2014,7,66,133,1,12.09,66.0
GJ Maxwell,2015,7,60,97,2,9.7,30.0
GJ Maxwell,2016,7,54,81,0,9.0,
GJ Maxwell,2017,8,114,126,7,6.63,16.29
GJ Maxwell,2018,10,96,132,5,8.25,19.2
GJ Maxwell,2020,7,126,171,3,8.14,42.0
GJ Maxwell,2021,6,96,135,3,8.44,32.0
GJ Maxwell,2022,10,144,166,6,6.92,24.0
GJ Maxwell,2023,7,62,95,3,9.19,20.67
GJ Maxwell,2024,6,96,129,6,8.06,16.0
GJ Maxwell,2025,6,78,111,4,8.54,19.5
Gurkeerat Singh,2015,3,54,66,3,7.33,18.0
Gurkeerat Singh,2016,3,24,31,2,7.75,12.0
HF Gurney,2019,8,163,239,7,8.8,23.29
HH Pandya,2015,8,103,178,1,10.37,103.0
HH Pandya,2016,10,100,155,3,9.3,33.33
HH Pandya,2017,13,156,219,6,8.42,26.0
HH Pandya,2018,13,257,391,18,9.13,14.28
HH Pandya,2019,16,256,397,14,9.3,18.29
HH Pandya,2022,10,184,226,8,7.37,23.0
HH Pandya,2023,11,151,241,3,9.58,50.33
HH Pandya,2024,12,216,389,11,10.81,19.64
HH Pandya,2025,14,213,345,14,9.72,15.21
HH Pandya,2026,9,138,261,4,11.35,34.5
HR Shokeen,2022,5,90,130,2,8.67,45.0
HR Shokeen,2023,8,116,190,3,9.83,38.67
HV Patel,2012,11,246,352,9,8.59,27.33
HV Patel,2014,3,66,118,4,10.73,16.5
HV Patel,2015,14,263,339,17,7.73,15.47
HV Patel,2016,5,85,147,1,10.38,85.0
HV Patel,2017,1,24,43,3,10.75,8.0
HV Patel,2018,5,105,169,7,9.66,15.0
HV Patel,2019,2,49,77,2,9.43,24.5
HV Patel,2020,5,91,135,3,8.9,30.33
HV Patel,2021,15,345,461,32,8.02,10.78
HV Patel,2022,15,321,421,19,7.87,16.89
HV Patel,2023,13,287,468,14,9.78,20.5
HV Patel,2024,14,296,485,24,9.83,12.33
HV Patel,2025,13,267,434,16,9.75,16.69
HV Patel,2026,5,82,152,0,11.12,
Harbhajan Singh,2008,3,60,84,5,8.4,12.0
Harbhajan Singh,2009,13,264,272,12,6.18,22.0
Harbhajan Singh,2010,14,322,385,17,7.17,18.94
Harbhajan Singh,2011,15,318,373,14,7.04,22.71
Harbhajan Singh,2012,16,324,389,6,7.2,54.0
Harbhajan Singh,2013,19,422,466,24,6.63,17.58
Harbhajan Singh,2014,14,330,365,14,6.64,23.57
Harbhajan Singh,2015,15,342,448,18,7.86,19.0
Harbhajan Singh,2016,14,294,402,9,8.2,32.67
Harbhajan Singh,2017,11,246,269,8,6.56,30.75
Harbhajan Singh,2018,12,191,270,7,8.48,27.29
Harbhajan Singh,2019,11,264,315,16,7.16,16.5
Harbhajan Singh,2021,3,43,63,0,8.79,
Harmeet Singh,2009,7,137,198,3,8.67,45.67
Harmeet Singh,2010,8,144,177,8,7.38,18.0
Harmeet Singh,2011,2,43,53,3,7.4,14.33
Harmeet Singh,2012,7,136,196,7,8.65,19.43
Harmeet Singh,2013,4,93,123,6,7.94,15.5
Harpreet Brar,2019,2,30,48,0,9.6,
Harpreet Brar,2020,1,24,41,0,10.25,
Harpreet Brar,2021,7,138,142,5,6.17,27.6
Harpreet Brar,2022,5,96,148,4,9.25,24.0
Harpreet Brar,2023,11,163,219,9,8.06,18.11
Harpreet Brar,2024,13,228,309,7,8.13,32.57
Harpreet Brar,2025,7,133,190,10,8.57,13.3
Harpreet Brar,2026,2,48,60,2,7.5,24.0
Harsh Dubey,2025,3,60,98,5,9.8,12.0
Harsh Dubey,2026,8,132,230,8,10.45,16.5
Harshit Rana,2022,2,31,52,1,10.06,31.0
Harshit Rana,2023,6,103,153,5,8.91,20.6
Harshit Rana,2024,11,253,385,19,9.13,13.32
Harshit Rana,2025,13,266,457,15,10.31,17.73
I Sharma,2008,13,257,348,7,8.12,36.71
I Sharma,2009,11,260,303,11,6.99,23.64
I Sharma,2010,7,151,242,7,9.62,21.57
I Sharma,2011,12,269,324,11,7.23,24.45
I Sharma,2013,16,361,471,15,7.83,24.07
I Sharma,2014,3,66,101,3,9.18,22.0
I Sharma,2015,4,88,161,1,10.98,88.0
I Sharma,2016,4,91,151,3,9.96,30.33
I Sharma,2017,6,109,190,0,10.46,
I Sharma,2019,13,276,364,13,7.91,21.23
I Sharma,2020,1,18,26,0,8.67,
I Sharma,2021,3,72,98,1,8.17,72.0
I Sharma,2023,8,151,210,10,8.34,15.1
I Sharma,2024,9,163,266,10,9.79,16.3
I Sharma,2025,7,110,210,4,11.45,27.5
I Udana,2020,10,174,286,8,9.86,21.75
IC Pandey,2013,2,25,50,1,12.0,25.0
IC Pandey,2014,12,253,331,6,7.85,42.17
IC Pandey,2015,10,186,228,11,7.35,16.91
IK Pathan,2008,14,318,361,15,6.81,21.2
IK Pathan,2009,14,302,398,17,7.91,17.76
IK Pathan,2010,14,278,435,15,9.39,18.53
IK Pathan,2011,13,276,353,11,7.67,25.09
IK Pathan,2012,17,360,477,8,7.95,45.0
IK Pathan,2013,15,308,391,10,7.62,30.8
IK Pathan,2014,10,142,209,4,8.83,35.5
IK Pathan,2016,3,48,61,0,7.62,
IK Pathan,2017,1,12,26,0,13.0,
IS Sodhi,2018,6,138,137,5,5.96,27.6
IS Sodhi,2019,2,43,67,4,9.35,10.75
Imran Tahir,2014,6,125,176,9,8.45,13.89
Imran Tahir,2015,10,213,315,15,8.87,14.2
Imran Tahir,2016,4,96,141,5,8.81,19.2
Imran Tahir,2017,12,283,370,18,7.84,15.72
Imran Tahir,2018,6,124,193,6,9.34,20.67
Imran Tahir,2019,17,386,440,26,6.84,14.85
Imran Tahir,2020,3,66,78,1,7.09,66.0
Imran Tahir,2021,1,24,16,2,4.0,12.0
Iqbal Abdulla,2008,1,18,22,0,7.33,
Iqbal Abdulla,2010,3,51,62,1,7.29,51.0
Iqbal Abdulla,2011,15,300,313,16,6.26,18.75
Iqbal Abdulla,2012,8,132,147,4,6.68,33.0
Iqbal Abdulla,2013,5,113,142,7,7.54,16.14
Iqbal Abdulla,2014,1,12,18,0,9.0,
Iqbal Abdulla,2015,5,114,150,4,7.89,28.5
Iqbal Abdulla,2016,8,150,216,6,8.64,25.0
Iqbal Abdulla,2017,2,30,55,2,11.0,15.0
J Botha,2009,3,72,76,3,6.33,24.0
J Botha,2011,10,216,242,7,6.72,30.86
J Botha,2012,11,246,304,9,7.41,27.33
J Botha,2013,6,100,114,5,6.84,20.0
J Botha,2015,4,60,82,1,8.2,60.0
J Little,2023,10,204,296,7,8.71,29.14
J Little,2024,1,24,45,4,11.25,6.0
J Overton,2025,3,36,84,0,14.0,
J Overton,2026,10,168,254,14,9.07,12.0
J Suchith,2015,12,234,338,10,8.67,23.4
J Suchith,2016,1,12,31,0,15.5,
J Suchith,2019,1,24,28,2,7.0,12.0
J Suchith,2021,2,42,66,0,9.43,
J Suchith,2022,5,108,141,7,7.83,15.43
J Syed Mohammad,2011,5,90,128,5,8.53,18.0
J Syed Mohammad,2012,2,42,66,0,9.43,
J Syed Mohammad,2013,4,60,92,3,9.2,20.0
J Theron,2010,7,150,204,8,8.16,18.75
J Theron,2012,2,49,66,2,8.08,24.5
J Theron,2015,1,24,41,1,10.25,24.0
J Yadav,2015,3,42,29,2,4.14,21.0
J Yadav,2016,5,102,125,2,7.35,51.0
J Yadav,2017,2,37,43,0,6.97,
J Yadav,2019,2,43,50,1,6.98,43.0
J Yadav,2020,2,42,43,1,6.14,42.0
J Yadav,2021,5,102,131,2,7.71,51.0
J Yadav,2023,1,24,26,0,6.5,
JA Duffy,2026,6,145,266,9,11.01,16.11
JA Morkel,2008,13,293,414,17,8.48,17.24
JA Morkel,2009,12,245,330,13,8.08,18.85
JA Morkel,2010,14,286,410,11,8.6,26.0
JA Morkel,2011,14,271,390,15,8.63,18.07
JA Morkel,2012,15,298,392,13,7.89,22.92
JA Morkel,2013,7,144,167,7,6.96,20.57
JA Morkel,2014,6,97,127,4,7.86,24.25
JA Morkel,2015,4,72,113,3,9.42,24.0
JA Morkel,2016,2,30,66,2,13.2,15.0
JC Archer,2018,10,235,329,15,8.4,15.67
JC Archer,2019,11,260,306,11,7.06,23.64
JC Archer,2020,14,336,373,20,6.66,16.8
JC Archer,2023,5,122,202,2,9.93,61.0
JC Archer,2025,12,275,445,11,9.71,25.0
JC Archer,2026,16,361,566,25,9.41,14.44
JD Ryder,2009,5,102,121,3,7.12,34.0
JD Ryder,2011,7,92,119,4,7.76,23.0
JD Ryder,2012,4,42,74,1,10.57,42.0
JD Unadkat,2010,3,62,85,4,8.23,15.5
JD Unadkat,2011,6,108,151,6,8.39,18.0
JD Unadkat,2012,1,18,32,0,10.67,
JD Unadkat,2013,13,294,373,13,7.61,22.62
JD Unadkat,2014,9,187,278,9,8.92,20.78
JD Unadkat,2015,1,18,30,0,10.0,
JD Unadkat,2016,1,18,49,0,16.33,
JD Unadkat,2017,12,275,330,24,7.2,11.46
JD Unadkat,2018,15,303,486,11,9.62,27.55
JD Unadkat,2019,11,224,404,10,10.82,22.4
JD Unadkat,2020,7,138,229,4,9.96,34.5
JD Unadkat,2021,6,132,168,4,7.64,33.0
JD Unadkat,2022,5,120,191,6,9.55,20.0
JD Unadkat,2023,3,48,92,0,11.5,
JD Unadkat,2024,11,187,321,8,10.3,23.38
JD Unadkat,2025,7,143,177,11,7.43,13.0
JD Unadkat,2026,4,77,145,4,11.3,19.25
JDP Oram,2008,4,96,149,3,9.31,32.0
JDP Oram,2009,7,94,139,5,8.87,18.8
JDP Oram,2011,2,24,46,1,11.5,24.0
JDP Oram,2013,1,24,28,0,7.0,
JDS Neesham,2014,4,54,96,1,10.67,54.0
JDS Neesham,2020,5,90,149,2,9.93,45.0
JDS Neesham,2021,3,54,68,5,7.56,10.8
JDS Neesham,2022,1,18,29,0,9.67,
JE Taylor,2011,5,118,167,6,8.49,19.67
JEC Franklin,2011,6,63,99,3,9.43,21.0
JEC Franklin,2012,9,90,126,6,8.4,15.0
JH Kallis,2008,11,206,322,4,9.38,51.5
JH Kallis,2009,14,278,362,6,7.81,46.33
JH Kallis,2010,16,343,484,13,8.47,26.38
JH Kallis,2011,9,144,170,7,7.08,20.57
JH Kallis,2012,16,326,410,15,7.55,21.73
JH Kallis,2013,15,322,407,16,7.58,20.12
JH Kallis,2014,8,132,193,4,8.77,33.0
JJ Bumrah,2013,2,44,74,3,10.09,14.67
JJ Bumrah,2014,11,239,307,5,7.71,47.8
JJ Bumrah,2015,4,91,184,3,12.13,30.33
JJ Bumrah,2016,14,316,413,15,7.84,21.07
JJ Bumrah,2017,16,370,455,20,7.38,18.5
JJ Bumrah,2018,14,326,383,17,7.05,19.18
JJ Bumrah,2019,16,378,433,20,6.87,18.9
JJ Bumrah,2020,15,373,436,29,7.01,12.86
JJ Bumrah,2021,14,335,422,21,7.56,15.95
JJ Bumrah,2022,14,321,392,15,7.33,21.4
JJ Bumrah,2024,13,315,341,20,6.5,15.75
JJ Bumrah,2025,12,284,322,18,6.8,15.78
JJ Bumrah,2026,13,301,420,4,8.37,75.25
JL Pattinson,2020,10,213,321,11,9.04,19.36
JO Holder,2013,6,120,173,2,8.65,60.0
JO Holder,2014,1,20,35,1,10.5,20.0
JO Holder,2016,4,79,105,2,7.97,39.5
JO Holder,2020,7,168,239,14,8.54,12.0
JO Holder,2021,8,191,248,16,7.79,11.94
JO Holder,2022,12,249,399,14,9.61,17.79
JO Holder,2023,8,171,290,4,10.18,42.75
JO Holder,2026,11,231,292,17,7.58,13.59
JP Behrendorff,2019,5,114,168,5,8.84,22.8
JP Behrendorff,2023,12,252,395,14,9.4,18.0
JP Duminy,2009,6,105,96,4,5.49,26.25
JP Duminy,2010,2,33,37,1,6.73,33.0
JP Duminy,2011,8,108,149,4,8.28,27.0
JP Duminy,2012,6,72,104,1,8.67,72.0
JP Duminy,2014,11,198,242,3,7.33,66.0
JP Duminy,2015,9,102,128,8,7.53,12.75
JP Duminy,2016,5,42,55,2,7.86,21.0
JP Duminy,2018,2,18,36,0,12.0,
JP Faulkner,2011,1,12,10,1,5.0,12.0
JP Faulkner,2012,2,48,74,3,9.25,16.0
JP Faulkner,2013,16,379,436,28,6.9,13.54
JP Faulkner,2014,13,266,449,11,10.13,24.18
JP Faulkner,2015,13,271,433,8,9.59,33.88
JP Faulkner,2016,7,104,168,2,9.69,52.0
JP Faulkner,2017,8,163,279,8,10.27,20.38
JR Hazlewood,2020,3,60,72,1,7.2,60.0
JR Hazlewood,2021,9,210,302,11,8.63,19.09
JR Hazlewood,2022,12,279,380,20,8.17,13.95
JR Hazlewood,2023,3,56,76,3,8.14,18.67
JR Hazlewood,2025,12,264,389,22,8.84,12.0
JR Hazlewood,2026,13,309,506,15,9.83,20.6
JR Hopes,2008,11,168,285,7,10.18,24.0
JR Hopes,2011,9,192,277,7,8.66,27.43
Jaskaran Singh,2009,1,18,32,0,10.67,
Jaskaran Singh,2010,6,88,142,6,9.68,14.67
Joginder Sharma,2008,7,153,241,8,9.45,19.12
Joginder Sharma,2009,4,42,57,2,8.14,21.0
Joginder Sharma,2010,3,50,89,2,10.68,25.0
Joginder Sharma,2011,1,18,34,0,11.33,
K Gowtham,2018,15,240,321,11,8.02,21.82
K Gowtham,2019,7,120,171,1,8.55,120.0
K Gowtham,2020,2,48,84,1,10.5,48.0
K Gowtham,2022,4,72,101,5,8.42,14.4
K Gowtham,2023,6,96,118,3,7.38,32.0
K Gowtham,2024,1,12,30,0,15.0,
K Kartikeya,2022,4,78,103,5,7.92,15.6
K Kartikeya,2023,8,156,231,5,8.88,31.2
K Kartikeya,2025,4,48,78,2,9.75,24.0
K Khejroliya,2018,3,65,110,2,10.15,32.5
K Khejroliya,2019,2,30,47,1,9.4,30.0
K Khejroliya,2023,2,28,64,2,13.71,14.0
K Khejroliya,2025,1,18,29,1,9.67,18.0
K Khejroliya,2026,1,14,31,0,13.29,
K Rabada,2017,6,130,198,6,9.14,21.67
K Rabada,2019,12,288,382,26,7.96,11.08
K Rabada,2020,17,399,565,32,8.5,12.47
K Rabada,2021,15,339,464,15,8.21,22.6
K Rabada,2022,13,291,414,23,8.54,12.65
K Rabada,2023,6,141,243,7,10.34,20.14
K Rabada,2024,11,252,386,11,9.19,22.91
K Rabada,2025,4,84,164,2,11.71,42.0
K Rabada,2026,17,388,631,29,9.76,13.38
KA Jamieson,2021,9,171,271,9,9.51,19.0
KA Jamieson,2025,4,90,147,5,9.8,18.0
KA Jamieson,2026,2,42,90,2,12.86,21.0
KA Pollard,2010,12,223,276,15,7.43,14.87
KA Pollard,2011,16,257,367,10,8.57,25.7
KA Pollard,2012,14,264,352,16,8.0,16.5
KA Pollard,2013,14,186,292,10,9.42,18.6
KA Pollard,2014,12,152,265,2,10.46,76.0
KA Pollard,2015,8,77,121,3,9.43,25.67
KA Pollard,2016,4,36,82,0,13.67,
KA Pollard,2017,1,11,30,0,16.36,
KA Pollard,2020,11,126,190,4,9.05,31.5
KA Pollard,2021,9,80,95,5,7.12,16.0
KA Pollard,2022,6,84,130,4,9.29,21.0
KC Cariappa,2015,1,12,28,1,14.0,12.0
KC Cariappa,2016,5,103,160,3,9.32,34.33
KC Cariappa,2017,4,91,127,4,8.37,22.75
KC Cariappa,2019,1,12,34,0,17.0,
KH Pandya,2016,11,187,238,6,7.64,31.17
KH Pandya,2017,13,241,280,10,6.97,24.1
KH Pandya,2018,13,241,288,12,7.17,20.08
KH Pandya,2019,16,276,337,12,7.33,23.0
KH Pandya,2020,16,301,387,6,7.71,50.17
KH Pandya,2021,12,201,267,5,7.97,40.2
KH Pandya,2022,12,228,269,10,7.08,22.8
KH Pandya,2023,12,252,320,9,7.62,28.0
KH Pandya,2024,12,198,258,6,7.82,33.0
KH Pandya,2025,15,276,380,17,8.26,16.24
KH Pandya,2026,15,303,427,14,8.46,21.64
KK Ahmed,2018,1,18,39,0,13.0,
KK Ahmed,2019,9,209,292,19,8.38,11.0
KK Ahmed,2020,7,154,245,8,9.55,19.25
KK Ahmed,2021,7,163,225,5,8.28,32.6
KK Ahmed,2022,10,236,315,16,8.01,14.75
KK Ahmed,2023,9,200,309,9,9.27,22.22
KK Ahmed,2024,14,301,493,17,9.83,17.71
KK Ahmed,2025,14,283,454,15,9.63,18.87
KK Ahmed,2026,5,101,149,2,8.85,50.5
KK Cooper,2012,6,144,187,10,7.79,14.4
KK Cooper,2013,14,324,456,19,8.44,17.05
KK Cooper,2014,5,109,146,4,8.04,27.25
KL Nagarkoti,2020,9,156,233,5,8.96,31.2
KL Nagarkoti,2021,1,12,25,0,12.5,
KL Nagarkoti,2022,1,12,29,0,14.5,
KM Asif,2018,2,36,75,3,12.5,12.0
KM Asif,2021,1,14,18,1,7.71,14.0
KM Asif,2023,4,85,139,3,9.81,28.33
KMA Paul,2019,8,168,239,9,8.54,18.67
KMDN Kulasekara,2011,1,18,26,1,8.67,18.0
KMDN Kulasekara,2012,4,84,96,4,6.86,21.0
KP Appanna,2009,5,72,91,2,7.58,36.0
KP Appanna,2010,2,42,51,1,7.29,42.0
KP Appanna,2012,6,102,149,6,8.76,17.0
KP Pietersen,2009,4,78,88,4,6.77,19.5
KP Pietersen,2010,6,60,77,3,7.7,20.0
KP Pietersen,2012,3,36,53,0,8.83,
KR Sen,2022,7,151,240,8,9.54,18.88
KR Sen,2023,2,19,29,0,9.16,
KR Sen,2024,3,73,127,6,10.44,12.17
KV Sharma,2013,13,209,235,11,6.75,19.0
KV Sharma,2014,14,304,393,15,7.76,20.27
KV Sharma,2015,14,239,338,10,8.49,23.9
KV Sharma,2016,5,98,174,0,10.65,
KV Sharma,2017,9,184,217,13,7.08,14.15
KV Sharma,2018,5,57,90,4,9.47,14.25
KV Sharma,2019,1,17,33,1,11.65,17.0
KV Sharma,2020,5,114,165,5,8.68,22.8
KV Sharma,2023,7,129,229,10,10.65,12.9
KV Sharma,2024,9,144,256,7,10.67,20.57
KV Sharma,2025,5,90,133,7,8.87,12.86
KW Richardson,2013,3,71,103,2,8.7,35.5
KW Richardson,2014,7,162,209,9,7.74,18.0
KW Richardson,2016,4,84,138,7,9.86,12.0
KW Richardson,2021,1,18,29,1,9.67,18.0
Kamran Khan,2009,5,113,148,7,7.86,16.14
Kamran Khan,2010,3,36,53,3,8.83,12.0
Kamran Khan,2011,1,18,47,0,15.67,
Karanveer Singh,2014,5,120,164,11,8.2,10.91
Karanveer Singh,2015,4,84,159,1,11.36,84.0
Kartik Tyagi,2020,10,230,372,9,9.7,25.56
Kartik Tyagi,2021,4,85,125,4,8.82,21.25
Kartik Tyagi,2022,2,50,79,1,9.48,50.0
Kartik Tyagi,2023,3,41,92,1,13.46,41.0
Kartik Tyagi,2024,1,24,52,0,13.0,
Kartik Tyagi,2026,13,310,504,18,9.75,17.22
Kuldeep Yadav,2016,3,72,102,6,8.5,12.0
Kuldeep Yadav,2017,11,246,345,12,8.41,20.5
Kuldeep Yadav,2018,16,308,423,17,8.24,18.12
Kuldeep Yadav,2019,9,198,286,4,8.67,49.5
Kuldeep Yadav,2020,4,73,95,1,7.81,73.0
Kuldeep Yadav,2022,14,298,420,21,8.46,14.19
Kuldeep Yadav,2023,14,294,366,10,7.47,29.4
Kuldeep Yadav,2024,11,259,376,16,8.71,16.19
Kuldeep Yadav,2025,14,319,392,15,7.37,21.27
Kuldeep Yadav,2026,11,222,384,10,10.38,22.2
L Balaji,2008,9,198,293,11,8.88,18.0
L Balaji,2009,13,224,320,13,8.57,17.23
L Balaji,2010,7,141,214,7,9.11,20.14
L Balaji,2011,14,268,383,10,8.57,26.8
L Balaji,2012,8,180,169,11,5.63,16.36
L Balaji,2013,13,300,399,12,7.98,25.0
L Balaji,2014,9,205,305,12,8.93,17.08
L Ngidi,2018,7,156,162,11,6.23,14.18
L Ngidi,2020,4,98,169,9,10.35,10.89
L Ngidi,2021,3,72,129,5,10.75,14.4
L Ngidi,2025,2,48,81,4,10.12,12.0
L Ngidi,2026,11,248,342,13,8.27,19.08
LH Ferguson,2017,4,78,96,3,7.38,26.0
LH Ferguson,2019,5,102,185,2,10.88,51.0
LH Ferguson,2020,5,123,153,8,7.46,15.38
LH Ferguson,2021,8,182,226,13,7.45,14.0
LH Ferguson,2022,13,287,433,12,9.05,23.92
LH Ferguson,2023,3,48,98,1,12.25,48.0
LH Ferguson,2024,7,147,260,9,10.61,16.33
LH Ferguson,2025,4,68,107,6,9.44,11.33
LH Ferguson,2026,3,66,141,1,12.82,66.0
LR Shukla,2008,9,74,126,6,10.22,12.33
LR Shukla,2009,5,84,102,3,7.29,28.0
LR Shukla,2010,4,72,108,3,9.0,24.0
LR Shukla,2012,2,12,12,1,6.0,12.0
LR Shukla,2013,2,18,22,1,7.33,18.0
LR Shukla,2014,5,56,88,1,9.43,56.0
LS Livingstone,2019,1,6,13,0,13.0,
LS Livingstone,2022,12,138,202,6,8.78,23.0
LS Livingstone,2023,5,42,94,2,13.43,21.0
LS Livingstone,2024,4,72,86,3,7.17,24.0
LS Livingstone,2025,5,54,76,2,8.44,27.0
Lalit Yadav,2021,5,84,101,4,7.21,21.0
Lalit Yadav,2022,8,109,152,4,8.37,27.25
Lalit Yadav,2023,4,78,120,2,9.23,39.0
Lalit Yadav,2024,2,18,57,0,19.0,
M Ashwin,2016,10,171,245,7,8.6,24.43
M Ashwin,2018,2,42,54,3,7.71,14.0
M Ashwin,2019,10,205,257,5,7.52,41.0
M Ashwin,2020,9,189,240,10,7.62,18.9
M Ashwin,2021,3,67,100,1,8.96,67.0
M Ashwin,2022,8,174,233,9,8.03,19.33
M Ashwin,2023,2,25,53,0,12.72,
M Jansen,2021,2,37,47,2,7.62,18.5
M Jansen,2022,8,192,278,7,8.69,27.43
M Jansen,2023,8,167,273,10,9.81,16.7
M Jansen,2024,3,62,134,1,12.97,62.0
M Jansen,2025,14,285,448,16,9.43,17.81
M Jansen,2026,12,284,492,9,10.39,31.56
M Kartik,2008,5,88,132,3,9.0,29.33
M Kartik,2009,10,204,207,4,6.09,51.0
M Kartik,2010,10,235,261,9,6.66,26.11
M Kartik,2011,6,128,170,1,7.97,128.0
M Kartik,2012,11,217,267,4,7.38,54.25
M Kartik,2013,11,234,290,9,7.44,26.0
M Kartik,2014,2,48,91,1,11.38,48.0
M Markande,2018,14,264,376,15,8.55,17.6
M Markande,2019,3,36,59,1,9.83,36.0
M Markande,2021,1,18,26,0,8.67,
M Markande,2022,2,42,61,1,8.71,42.0
M Markande,2023,10,228,300,12,7.89,19.0
M Markande,2024,7,133,259,8,11.68,16.62
M Markande,2026,3,30,76,0,15.2,
M Morkel,2009,2,42,40,0,5.71,
M Morkel,2010,2,42,66,0,9.43,
M Morkel,2011,11,262,336,13,7.69,20.15
M Morkel,2012,16,379,466,25,7.38,15.16
M Morkel,2013,10,243,341,7,8.42,34.71
M Morkel,2014,12,290,376,12,7.78,24.17
M Morkel,2015,7,169,212,10,7.53,16.9
M Morkel,2016,10,215,299,10,8.34,21.5
M Muralitharan,2008,15,349,416,11,7.15,31.73
M Muralitharan,2009,13,300,267,14,5.34,21.43
M Muralitharan,2010,12,292,356,16,7.32,18.25
M Muralitharan,2011,5,114,145,2,7.63,57.0
M Muralitharan,2012,10,240,264,15,6.6,16.0
M Muralitharan,2013,6,139,192,3,8.29,46.33
M Muralitharan,2014,5,96,125,3,7.81,32.0
M Ntini,2008,9,212,257,7,7.27,30.29
M Pathirana,2022,2,41,56,2,8.2,20.5
M Pathirana,2023,12,279,386,19,8.3,14.68
M Pathirana,2024,6,132,175,13,7.95,10.15
M Pathirana,2025,12,252,430,13,10.24,19.38
M Pathirana,2026,1,8,9,0,6.75,
M Prasidh Krishna,2018,7,168,261,10,9.32,16.8
M Prasidh Krishna,2019,11,252,394,5,9.38,50.4
M Prasidh Krishna,2020,6,107,165,4,9.25,26.75
M Prasidh Krishna,2021,10,239,357,12,8.96,19.92
M Prasidh Krishna,2022,17,402,564,19,8.42,21.16
M Prasidh Krishna,2025,15,354,506,25,8.58,14.16
M Prasidh Krishna,2026,12,234,408,16,10.46,14.62
M Siddharth,2024,3,57,72,1,7.58,57.0
M Siddharth,2025,2,42,68,2,9.71,21.0
M Siddharth,2026,4,90,145,6,9.67,15.0
M Theekshana,2022,9,210,267,12,7.63,17.5
M Theekshana,2023,13,294,401,11,8.18,26.73
M Theekshana,2024,5,120,146,2,7.3,60.0
M Theekshana,2025,11,254,412,11,9.73,23.09
M de Lange,2012,3,61,108,3,10.62,20.33
M de Lange,2014,1,25,33,2,7.92,12.5
M de Lange,2015,1,24,30,0,7.5,
MA Starc,2014,14,324,419,14,7.76,23.14
MA Starc,2015,12,259,306,20,7.09,12.95
MA Starc,2024,13,251,450,17,10.76,14.76
MA Starc,2025,11,237,413,14,10.46,16.93
MA Starc,2026,6,132,225,11,10.23,12.0
MA Wood,2018,1,24,50,0,12.5,
MA Wood,2023,4,97,142,11,8.78,8.82
MC Henriques,2009,4,73,107,2,8.79,36.5
MC Henriques,2010,1,24,35,1,8.75,24.0
MC Henriques,2013,8,127,187,7,8.83,18.14
MC Henriques,2014,4,60,96,4,9.6,15.0
MC Henriques,2015,9,150,164,11,6.56,13.64
MC Henriques,2016,17,312,418,12,8.04,26.0
MC Henriques,2017,12,145,248,1,10.26,145.0
MC Henriques,2021,5,60,47,4,4.7,15.0
MF Maharoof,2008,10,216,255,15,7.08,14.4
MF Maharoof,2009,3,64,67,4,6.28,16.0
MF Maharoof,2010,7,145,210,8,8.69,18.12
MG Bracewell,2023,5,66,95,6,8.64,11.0
MG Johnson,2013,17,384,471,24,7.36,16.0
MG Johnson,2014,14,327,450,17,8.26,19.24
MG Johnson,2015,9,220,346,10,9.44,22.0
MG Johnson,2016,3,67,108,2,9.67,33.5
MG Johnson,2017,5,120,147,7,7.35,17.14
MG Johnson,2018,6,126,218,2,10.38,63.0
MJ McClenaghan,2015,12,284,395,18,8.35,15.78
MJ McClenaghan,2016,14,321,449,17,8.39,18.88
MJ McClenaghan,2017,14,329,512,19,9.34,17.32
MJ McClenaghan,2018,11,241,340,14,8.46,17.21
MJ McClenaghan,2019,5,108,143,3,7.94,36.0
MJ Santner,2019,4,85,94,4,6.64,21.25
MJ Santner,2020,2,42,53,2,7.57,21.0
MJ Santner,2022,6,114,135,4,7.11,28.5
MJ Santner,2023,3,72,82,3,6.83,24.0
MJ Santner,2024,3,54,64,2,7.11,27.0
MJ Santner,2025,13,237,316,10,8.0,23.7
MJ Santner,2026,4,84,126,5,9.0,16.8
MM Ali,2018,5,79,98,3,7.44,26.33
MM Ali,2019,9,150,169,6,6.76,25.0
MM Ali,2020,3,30,42,1,8.4,30.0
MM Ali,2021,10,153,163,6,6.39,25.5
MM Ali,2022,10,143,159,8,6.67,17.88
MM Ali,2023,11,156,198,9,7.62,17.33
MM Ali,2024,4,48,71,2,8.88,24.0
MM Ali,2025,5,96,136,6,8.5,16.0
MM Patel,2008,15,331,423,14,7.67,23.64
MM Patel,2009,11,215,245,16,6.84,13.44
MM Patel,2010,4,78,118,3,9.08,26.0
MM Patel,2011,15,326,377,22,6.94,14.82
MM Patel,2012,12,284,374,15,7.9,18.93
MM Patel,2013,4,90,138,3,9.2,30.0
MM Patel,2017,2,42,58,1,8.29,42.0
MM Sharma,2013,15,304,327,20,6.45,15.2
MM Sharma,2014,16,323,457,23,8.49,14.04
MM Sharma,2015,16,344,482,14,8.41,24.57
MM Sharma,2016,14,291,410,13,8.45,22.38
MM Sharma,2017,14,275,412,13,8.99,21.15
MM Sharma,2018,9,180,328,7,10.93,25.71
MM Sharma,2019,1,18,27,1,9.0,18.0
MM Sharma,2020,1,25,45,1,10.8,25.0
MM Sharma,2023,14,265,362,27,8.2,9.81
MM Sharma,2024,11,235,428,13,10.93,18.08
MM Sharma,2025,8,153,259,2,10.16,76.5
MN Samuels,2012,8,172,217,8,7.57,21.5
MN Samuels,2013,1,24,34,1,8.5,24.0
MN Samuels,2017,2,18,34,0,11.33,
MP Stoinis,2016,7,138,203,8,8.83,17.25
MP Stoinis,2017,5,63,111,2,10.57,31.5
MP Stoinis,2018,6,66,121,3,11.0,22.0
MP Stoinis,2019,6,100,147,2,8.82,50.0
MP Stoinis,2020,13,178,287,13,9.67,13.69
MP Stoinis,2021,8,68,124,2,10.94,34.0
MP Stoinis,2022,5,42,79,4,11.29,10.5
MP Stoinis,2023,5,65,101,5,9.32,13.0
MP Stoinis,2024,7,84,127,4,9.07,21.0
MP Stoinis,2025,9,86,177,1,12.35,86.0
MP Stoinis,2026,4,47,98,2,12.51,23.5
MP Yadav,2024,4,74,88,7,7.14,10.57
MP Yadav,2025,2,48,100,2,12.5,24.0
MP Yadav,2026,4,96,183,0,11.44,
MR Marsh,2010,3,61,89,2,8.75,30.5
MR Marsh,2011,5,85,102,7,7.2,12.14
MR Marsh,2013,7,117,184,7,9.44,16.71
MR Marsh,2016,3,54,45,4,5.0,13.5
MR Marsh,2020,1,4,6,0,9.0,
MR Marsh,2022,4,72,102,4,8.5,18.0
MR Marsh,2023,8,122,172,12,8.46,10.17
MR Marsh,2024,3,48,103,1,12.88,48.0
MS Gony,2008,16,362,456,17,7.56,21.29
MS Gony,2009,7,103,173,5,10.08,20.6
MS Gony,2010,3,48,92,1,11.5,48.0
MS Gony,2011,3,54,86,4,9.56,13.5
MS Gony,2012,6,145,217,3,8.98,48.33
MS Gony,2013,8,169,261,7,9.27,24.14
MS Gony,2017,1,12,32,0,16.0,
Mohammad Asif,2008,8,193,307,8,9.54,24.12
Mohammad Nabi,2017,3,66,59,2,5.36,33.0
Mohammad Nabi,2018,2,30,47,1,9.4,30.0
Mohammad Nabi,2019,8,175,201,8,6.89,21.88
Mohammad Nabi,2020,1,24,24,0,6.0,
Mohammad Nabi,2021,3,48,86,2,10.75,24.0
Mohammad Nabi,2024,6,74,110,2,8.92,37.0
Mohammed Shami,2013,3,54,79,1,8.78,54.0
Mohammed Shami,2014,12,265,381,7,8.63,37.86
Mohammed Shami,2016,8,152,252,5,9.95,30.4
Mohammed Shami,2017,8,156,248,5,9.54,31.2
Mohammed Shami,2018,4,83,144,3,10.41,27.67
Mohammed Shami,2019,14,325,477,19,8.81,17.11
Mohammed Shami,2020,14,331,482,20,8.74,16.55
Mohammed Shami,2021,14,318,400,19,7.55,16.74
Mohammed Shami,2022,16,366,491,20,8.05,18.3
Mohammed Shami,2023,17,392,532,28,8.14,14.0
Mohammed Shami,2025,9,181,348,6,11.54,30.17
Mohammed Shami,2026,13,306,468,12,9.18,25.5
Mohammed Siraj,2017,6,138,214,10,9.3,13.8
Mohammed Siraj,2018,11,246,372,11,9.07,22.36
Mohammed Siraj,2019,9,171,271,7,9.51,24.43
Mohammed Siraj,2020,9,164,244,11,8.93,14.91
Mohammed Siraj,2021,15,312,366,11,7.04,28.36
Mohammed Siraj,2022,15,309,525,9,10.19,34.33
Mohammed Siraj,2023,14,302,395,19,7.85,15.89
Mohammed Siraj,2024,14,324,507,15,9.39,21.6
Mohammed Siraj,2025,15,342,540,16,9.47,21.38
Mohammed Siraj,2026,17,372,570,19,9.19,19.58
Mohsin Khan,2022,9,198,202,14,6.12,14.14
Mohsin Khan,2023,4,60,111,3,11.1,20.0
Mohsin Khan,2024,10,228,385,10,10.13,22.8
Mohsin Khan,2026,7,168,235,11,8.39,15.27
Mujeeb Ur Rahman,2018,11,248,292,14,7.06,17.71
Mujeeb Ur Rahman,2019,5,114,193,3,10.16,38.0
Mujeeb Ur Rahman,2020,2,48,83,0,10.38,
Mujeeb Ur Rahman,2021,1,24,30,2,7.5,12.0
Mujeeb Ur Rahman,2025,1,12,28,1,14.0,12.0
Mukesh Choudhary,2022,13,273,425,16,9.34,17.06
Mukesh Choudhary,2024,1,7,27,0,23.14,
Mukesh Choudhary,2025,2,36,71,1,11.83,36.0
Mukesh Choudhary,2026,8,168,257,8,9.18,21.0
Mukesh Kumar,2023,10,187,328,8,10.52,23.38
Mukesh Kumar,2024,10,216,379,17,10.53,12.71
Mukesh Kumar,2025,12,239,411,12,10.32,19.92
Mukesh Kumar,2026,10,189,357,6,11.33,31.5
Mustafizur Rahman,2016,16,366,427,17,7.0,21.53
Mustafizur Rahman,2017,1,16,34,0,12.75,
Mustafizur Rahman,2018,7,167,232,7,8.34,23.86
Mustafizur Rahman,2021,14,313,448,14,8.59,22.36
Mustafizur Rahman,2022,8,192,248,8,7.75,24.0
Mustafizur Rahman,2023,2,42,79,1,11.29,42.0
Mustafizur Rahman,2024,9,210,324,14,9.26,15.0
Mustafizur Rahman,2025,3,66,87,4,7.91,16.5
N Burger,2024,5,102,152,7,8.94,14.57
N Burger,2026,13,262,465,14,10.65,18.71
N Rana,2016,1,6,3,0,3.0,
N Rana,2018,5,37,44,4,7.14,9.25
N Rana,2019,6,48,73,3,9.12,16.0
N Rana,2020,2,12,23,0,11.5,
N Rana,2021,2,12,12,0,6.0,
N Rana,2022,2,12,23,0,11.5,
N Rana,2023,6,53,75,3,8.49,17.67
N Rana,2025,2,12,18,0,9.0,
N Rana,2026,1,24,55,0,13.75,
N Thushara,2024,7,158,259,8,9.84,19.75
N Thushara,2025,1,25,30,1,7.2,25.0
NLTC Perera,2010,1,6,19,0,19.0,
NLTC Perera,2011,4,84,114,2,8.14,42.0
NLTC Perera,2012,2,15,27,0,10.8,
NLTC Perera,2013,16,361,490,19,8.14,19.0
NLTC Perera,2015,2,36,55,1,9.17,36.0
NLTC Perera,2016,11,199,326,9,9.83,22.11
NM Coulter-Nile,2013,1,24,29,1,7.25,24.0
NM Coulter-Nile,2014,1,25,27,2,6.48,12.5
NM Coulter-Nile,2015,11,256,331,15,7.76,17.07
NM Coulter-Nile,2016,4,92,120,3,7.83,30.67
NM Coulter-Nile,2017,8,173,232,15,8.05,11.53
NM Coulter-Nile,2020,7,156,206,5,7.92,31.2
NM Coulter-Nile,2021,5,121,131,7,6.5,17.29
NM Coulter-Nile,2022,1,19,49,0,15.47,
NT Ellis,2021,3,66,91,1,8.27,66.0
NT Ellis,2022,2,37,57,3,9.24,12.33
NT Ellis,2023,10,230,342,13,8.92,17.69
NT Ellis,2024,1,24,24,1,6.0,24.0
NT Ellis,2025,1,24,39,1,9.75,24.0
Navdeep Saini,2019,13,293,410,11,8.4,26.64
Navdeep Saini,2020,13,282,392,7,8.34,40.29
Navdeep Saini,2021,2,25,53,0,12.72,
Navdeep Saini,2022,2,37,73,3,11.84,12.33
Navdeep Saini,2023,1,24,40,3,10.0,8.0
Navdeep Saini,2026,1,18,38,0,12.67,
Naveen-ul-Haq,2023,7,170,227,11,8.01,15.45
Naveen-ul-Haq,2024,10,222,375,14,10.14,15.86
Nithish Kumar Reddy,2023,2,31,54,0,10.45,
Nithish Kumar Reddy,2024,7,80,154,3,11.55,26.67
Nithish Kumar Reddy,2025,3,30,47,2,9.4,15.0
Nithish Kumar Reddy,2026,14,187,326,8,10.46,23.38
Noor Ahmad,2023,13,284,375,16,7.92,17.75
Noor Ahmad,2024,10,209,297,8,8.53,26.12
Noor Ahmad,2025,14,303,416,24,8.24,12.62
Noor Ahmad,2026,14,307,443,13,8.66,23.62
OC McCoy,2022,7,157,242,11,9.25,14.27
OC McCoy,2023,1,6,13,0,13.0,
OF Smith,2022,6,91,179,6,11.8,15.17
P Amarnath,2008,6,132,241,7,10.95,18.86
P Awana,2012,12,283,382,17,8.1,16.65
P Awana,2013,14,326,416,15,7.66,21.73
P Awana,2014,7,142,248,7,10.48,20.29
P Kumar,2008,13,268,376,11,8.42,24.36
P Kumar,2009,13,299,401,13,8.05,23.0
P Kumar,2010,12,270,392,10,8.71,27.0
P Kumar,2011,13,276,353,10,7.67,27.6
P Kumar,2012,16,378,445,9,7.06,42.0
P Kumar,2013,15,338,394,12,6.99,28.17
P Kumar,2014,3,72,81,3,6.75,24.0
P Kumar,2015,12,216,338,7,9.39,30.86
P Kumar,2016,16,309,408,9,7.92,34.33
P Kumar,2017,6,99,154,6,9.33,16.5
P Negi,2012,6,132,153,7,6.95,18.86
P Negi,2013,1,24,28,0,7.0,
P Negi,2014,2,42,76,0,10.86,
P Negi,2015,10,180,259,6,8.63,30.0
P Negi,2016,5,54,84,1,9.33,54.0
P Negi,2017,12,193,202,16,6.28,12.06
P Negi,2018,2,24,49,1,12.25,24.0
P Negi,2019,4,67,103,3,9.22,22.33
P Parameswaran,2011,5,95,137,4,8.65,23.75
P Parameswaran,2012,3,60,89,5,8.9,12.0
PC Valthaty,2011,9,145,191,7,7.9,20.71
PC Valthaty,2012,1,6,16,0,16.0,
PD Collingwood,2010,6,89,101,5,6.81,17.8
PJ Cummins,2014,1,24,29,1,7.25,24.0
PJ Cummins,2015,3,60,103,1,10.3,60.0
PJ Cummins,2017,12,278,393,15,8.48,18.53
PJ Cummins,2020,14,312,424,12,8.15,26.0
PJ Cummins,2021,7,161,237,9,8.83,17.89
PJ Cummins,2022,5,119,219,7,11.04,17.0
PJ Cummins,2024,16,366,571,18,9.36,20.33
PJ Cummins,2025,14,299,460,16,9.23,18.69
PJ Cummins,2026,8,194,310,8,9.59,24.25
PJ Sangwan,2008,7,145,221,5,9.14,29.0
PJ Sangwan,2009,13,282,374,15,7.96,18.8
PJ Sangwan,2010,8,188,260,9,8.3,20.89
PJ Sangwan,2012,1,24,42,1,10.5,24.0
PJ Sangwan,2013,2,25,52,0,12.48,
PJ Sangwan,2016,2,24,49,0,12.25,
PJ Sangwan,2017,5,108,183,5,10.17,21.6
PJ Sangwan,2018,1,12,20,0,10.0,
PJ Sangwan,2022,3,54,66,3,7.33,18.0
PP Chawla,2008,15,281,396,17,8.46,16.53
PP Chawla,2009,14,269,319,12,7.12,22.42
PP Chawla,2010,14,294,371,12,7.57,24.5
PP Chawla,2011,12,248,340,16,8.23,15.5
PP Chawla,2012,16,342,425,16,7.46,21.38
PP Chawla,2013,16,350,433,11,7.42,31.82
PP Chawla,2014,11,237,304,14,7.7,16.93
PP Chawla,2015,13,210,275,11,7.86,19.09
PP Chawla,2016,11,213,273,11,7.69,19.36
PP Chawla,2017,6,120,179,6,8.95,20.0
PP Chawla,2018,15,294,419,14,8.55,21.0
PP Chawla,2019,13,267,405,10,9.1,26.7
PP Chawla,2020,7,127,191,6,9.02,21.17
PP Chawla,2021,1,24,38,1,9.5,24.0
PP Chawla,2023,16,366,499,22,8.18,16.64
PP Chawla,2024,11,210,312,13,8.91,16.15
PP Hinge,2026,7,159,307,14,11.58,11.36
PP Ojha,2008,12,222,299,11,8.08,20.18
PP Ojha,2009,15,321,359,18,6.71,17.83
PP Ojha,2010,16,354,439,21,7.44,16.86
PP Ojha,2011,10,221,281,10,7.63,22.1
PP Ojha,2012,9,181,222,9,7.36,20.11
PP Ojha,2013,15,314,391,16,7.47,19.62
PP Ojha,2014,12,276,385,4,8.37,69.0
PP Ojha,2015,1,12,23,0,11.5,
PV Tambe,2013,3,66,91,1,8.27,66.0
PV Tambe,2014,13,294,365,15,7.45,19.6
PV Tambe,2015,10,204,267,7,7.85,29.14
PV Tambe,2016,7,96,143,5,8.94,19.2
PVD Chameera,2022,12,266,393,9,8.86,29.56
PVD Chameera,2024,1,18,49,0,16.33,
PVD Chameera,2025,6,103,198,4,11.53,25.75
PVD Chameera,2026,1,12,18,0,9.0,
PWH de Silva,2021,2,36,60,0,10.0,
PWH de Silva,2022,16,342,439,26,7.7,13.15
PWH de Silva,2023,8,174,259,9,8.93,19.33
PWH de Silva,2025,11,246,376,11,9.17,22.36
Pankaj Singh,2008,5,73,129,0,10.6,
Pankaj Singh,2009,3,42,65,2,9.29,21.0
Pankaj Singh,2010,2,48,83,2,10.38,24.0
Pankaj Singh,2011,1,12,24,0,12.0,
Pankaj Singh,2012,6,126,171,7,8.14,18.0
Prince Yadav,2025,6,137,226,3,9.9,45.67
Prince Yadav,2026,14,313,469,16,8.99,19.56
R Ashwin,2009,1,24,14,2,3.5,12.0
R Ashwin,2010,12,288,308,13,6.42,22.15
R Ashwin,2011,16,378,398,20,6.32,18.9
R Ashwin,2012,18,396,439,14,6.65,28.29
R Ashwin,2013,18,348,397,15,6.84,23.2
R Ashwin,2014,16,359,446,16,7.45,22.44
R Ashwin,2015,13,235,229,10,5.85,23.5
R Ashwin,2016,14,264,321,10,7.3,26.4
R Ashwin,2018,14,304,411,10,8.11,30.4
R Ashwin,2019,14,330,400,15,7.27,22.0
R Ashwin,2020,15,306,393,13,7.71,23.54
R Ashwin,2021,13,269,334,7,7.45,38.43
R Ashwin,2022,17,403,506,12,7.53,33.58
R Ashwin,2023,13,294,370,14,7.55,21.0
R Ashwin,2024,14,330,469,9,8.53,36.67
R Ashwin,2025,9,186,286,7,9.23,26.57
R Bhatia,2008,9,132,185,6,8.41,22.0
R Bhatia,2009,7,130,153,10,7.06,13.0
R Bhatia,2010,5,96,136,3,8.5,32.0
R Bhatia,2011,12,192,213,8,6.66,24.0
R Bhatia,2012,16,320,400,13,7.5,24.62
R Bhatia,2013,15,263,334,11,7.62,23.91
R Bhatia,2014,12,228,287,12,7.55,19.0
R Bhatia,2015,2,30,47,0,9.4,
R Bhatia,2016,10,205,249,6,7.29,34.17
R Bhatia,2017,3,42,55,2,7.86,21.0
R Dhawan,2013,5,92,115,2,7.5,46.0
R Dhawan,2014,13,284,373,13,7.88,21.85
R Dhawan,2015,5,73,111,1,9.12,73.0
R Dhawan,2016,2,42,56,2,8.0,21.0
R Dhawan,2022,6,114,164,6,8.63,19.0
R Dhawan,2023,4,42,64,1,9.14,42.0
R Dhawan,2024,1,18,39,0,13.0,
R McLaren,2010,10,205,281,4,8.22,51.25
R McLaren,2011,6,110,182,5,9.93,22.0
R McLaren,2013,2,42,95,3,13.57,14.0
R Parag,2019,7,84,121,2,8.64,42.0
R Parag,2020,2,12,27,0,13.5,
R Parag,2021,6,37,73,1,11.84,37.0
R Parag,2022,4,24,59,1,14.75,24.0
R Parag,2024,2,18,27,0,9.0,
R Parag,2025,9,120,171,3,8.55,40.0
R Parag,2026,4,24,38,2,9.5,12.0
R Rampaul,2013,10,234,282,15,7.23,15.6
R Rampaul,2014,2,36,37,1,6.17,36.0
R Sai Kishore,2022,5,96,122,6,7.62,16.0
R Sai Kishore,2024,5,90,137,7,9.13,12.86
R Sai Kishore,2025,15,255,396,19,9.32,13.42
R Sai Kishore,2026,2,24,46,1,11.5,24.0
R Sharma,2010,6,124,170,5,8.23,24.8
R Sharma,2011,14,300,278,16,5.56,18.75
R Sharma,2012,11,222,305,9,8.24,24.67
R Sharma,2013,11,246,282,9,6.88,27.33
R Sharma,2014,2,36,65,1,10.83,36.0
R Shepherd,2022,3,54,98,3,10.89,18.0
R Shepherd,2024,5,72,162,1,13.5,72.0
R Shepherd,2025,7,84,156,6,11.14,14.0
R Shepherd,2026,13,151,303,7,12.04,21.57
R Shukla,2012,1,18,32,0,10.67,
R Shukla,2013,3,48,80,3,10.0,16.0
R Shukla,2014,3,57,105,2,11.05,28.5
R Tewatia,2014,3,54,59,2,6.56,27.0
R Tewatia,2015,1,18,31,1,10.33,18.0
R Tewatia,2017,3,54,51,3,5.67,18.0
R Tewatia,2018,8,132,174,6,7.91,22.0
R Tewatia,2019,3,38,42,2,6.63,19.0
R Tewatia,2020,14,278,327,10,7.06,27.8
R Tewatia,2021,13,222,342,8,9.24,27.75
R Tewatia,2022,5,36,76,0,12.67,
R Tewatia,2023,2,13,15,0,6.92,
R Vinay Kumar,2008,8,140,183,5,7.84,28.0
R Vinay Kumar,2009,11,194,273,9,8.44,21.56
R Vinay Kumar,2010,14,279,404,16,8.69,17.44
R Vinay Kumar,2011,13,268,345,12,7.72,22.33
R Vinay Kumar,2012,14,337,488,19,8.69,17.74
R Vinay Kumar,2013,16,370,522,23,8.46,16.09
R Vinay Kumar,2014,9,192,294,7,9.19,27.43
R Vinay Kumar,2015,13,262,371,7,8.5,37.43
R Vinay Kumar,2016,3,54,65,3,7.22,18.0
R Vinay Kumar,2017,1,18,31,2,10.33,9.0
R Vinay Kumar,2018,2,24,65,2,16.25,12.0
RA Jadeja,2008,2,13,21,0,9.69,
RA Jadeja,2009,10,140,156,6,6.69,23.33
RA Jadeja,2011,14,252,307,8,7.31,31.5
RA Jadeja,2012,14,210,278,12,7.94,17.5
RA Jadeja,2013,15,260,326,13,7.52,20.0
RA Jadeja,2014,16,326,446,19,8.21,17.16
RA Jadeja,2015,15,256,334,11,7.83,23.27
RA Jadeja,2016,14,242,320,8,7.93,30.25
RA Jadeja,2017,12,228,352,5,9.26,45.6
RA Jadeja,2018,14,246,310,11,7.56,22.36
RA Jadeja,2019,16,324,347,15,6.43,21.6
RA Jadeja,2020,13,218,318,6,8.75,36.33
RA Jadeja,2021,16,296,347,13,7.03,22.77
RA Jadeja,2022,10,198,252,5,7.64,39.6
RA Jadeja,2023,16,342,432,20,7.58,17.1
RA Jadeja,2024,14,283,371,8,7.87,35.38
RA Jadeja,2025,14,229,325,10,8.52,22.9
RA Jadeja,2026,12,198,283,10,8.58,19.8
RD Chahar,2017,2,42,59,2,8.43,21.0
RD Chahar,2019,13,282,310,13,6.6,21.69
RD Chahar,2020,15,318,439,15,8.28,21.2
RD Chahar,2021,11,258,324,13,7.53,19.85
RD Chahar,2022,13,280,365,14,7.82,20.0
RD Chahar,2023,14,298,388,8,7.81,37.25
RD Chahar,2024,9,187,280,10,8.98,18.7
RD Chahar,2025,1,6,9,0,9.0,
RD Chahar,2026,1,24,46,0,11.5,
RE van der Merwe,2009,10,204,263,9,7.74,22.67
RE van der Merwe,2010,1,24,27,2,6.75,12.0
RE van der Merwe,2011,4,89,94,5,6.34,17.8
RE van der Merwe,2012,3,60,60,2,6.0,30.0
RE van der Merwe,2013,3,66,71,3,6.45,22.0
RG Sharma,2008,1,24,26,1,6.5,24.0
RG Sharma,2009,12,138,163,11,7.09,12.55
RG Sharma,2010,9,114,159,2,8.37,57.0
RG Sharma,2011,3,24,53,0,13.25,
RG Sharma,2012,1,6,16,0,16.0,
RG Sharma,2013,2,8,6,0,4.5,
RG Sharma,2014,2,18,26,1,8.67,18.0
RG Sharma,2021,2,7,13,0,11.14,
RJ Harris,2009,8,187,235,6,7.54,31.17
RJ Harris,2010,8,184,239,14,7.79,13.14
RJ Harris,2011,13,282,401,16,8.53,17.62
RJ Harris,2012,5,108,136,8,7.56,13.5
RJ Harris,2013,3,72,74,1,6.17,72.0
RJW Topley,2023,1,12,14,1,7.0,12.0
RJW Topley,2024,4,90,168,4,11.2,22.5
RJW Topley,2025,1,18,40,0,13.33,
RP Meredith,2021,5,103,171,4,9.96,25.75
RP Meredith,2022,8,168,241,8,8.61,21.0
RP Meredith,2023,5,119,209,7,10.54,17.0
RP Singh,2008,14,309,459,15,8.91,20.6
RP Singh,2009,16,365,430,23,7.07,15.87
RP Singh,2010,12,252,385,13,9.17,19.38
RP Singh,2011,14,300,365,13,7.3,23.08
RP Singh,2012,11,248,328,10,7.94,24.8
RP Singh,2013,11,241,336,13,8.37,18.54
RP Singh,2016,4,73,114,3,9.37,24.33
RR Powar,2008,5,72,93,3,7.75,24.0
RR Powar,2009,8,126,138,5,6.57,25.2
RR Powar,2010,7,139,163,3,7.04,46.33
RR Powar,2011,5,72,112,2,9.33,36.0
RR Powar,2012,1,18,32,0,10.67,
RR Raje,2008,6,99,142,5,8.61,19.8
RR Raje,2009,4,41,72,1,10.54,41.0
RS Bopara,2009,2,8,5,0,3.75,
RS Bopara,2010,5,78,132,5,10.15,15.6
RS Bopara,2015,7,120,164,6,8.2,20.0
RV Gomez,2011,8,90,125,5,8.33,18.0
RV Gomez,2013,1,6,5,0,5.0,
Ramandeep Singh,2022,3,36,55,6,9.17,6.0
Ramandeep Singh,2024,1,4,9,0,13.5,
Ramandeep Singh,2026,2,16,31,1,11.62,16.0
Rashid Khan,2017,14,324,368,17,6.81,19.06
Rashid Khan,2018,17,408,466,21,6.85,19.43
Rashid Khan,2019,15,363,396,17,6.55,21.35
Rashid Khan,2020,16,388,355,20,5.49,19.4
Rashid Khan,2021,14,342,398,18,6.98,19.0
Rashid Khan,2022,16,383,428,19,6.7,20.16
Rashid Khan,2023,17,402,557,27,8.31,14.89
Rashid Khan,2024,12,262,372,10,8.52,26.2
Rashid Khan,2025,15,330,523,9,9.51,36.67
Rashid Khan,2026,17,341,527,21,9.27,16.24
Rasikh Salam,2019,1,26,42,0,9.69,
Rasikh Salam,2022,2,24,28,0,7.0,
Rasikh Salam,2024,8,147,271,9,11.06,16.33
Rasikh Salam,2025,2,36,71,1,11.83,36.0
Rasikh Salam,2026,12,259,407,19,9.43,13.63
Ravi Bishnoi,2020,14,306,381,12,7.47,25.5
Ravi Bishnoi,2021,9,216,240,12,6.67,18.0
Ravi Bishnoi,2022,14,327,462,13,8.48,25.15
Ravi Bishnoi,2023,14,305,394,16,7.75,19.06
Ravi Bishnoi,2024,14,262,384,10,8.79,26.2
Ravi Bishnoi,2025,11,222,402,9,10.86,24.67
Ravi Bishnoi,2026,9,157,259,11,9.9,14.27
S Aravind,2011,13,276,377,21,8.2,13.14
S Aravind,2012,1,18,48,0,16.0,
S Aravind,2015,5,108,132,8,7.33,13.5
S Aravind,2016,9,175,222,11,7.61,15.91
S Aravind,2017,10,184,278,5,9.07,36.8
S Badree,2013,1,24,35,0,8.75,
S Badree,2014,4,84,103,2,7.36,42.0
S Badree,2017,7,150,191,9,7.64,16.67
S Dube,2019,2,10,8,0,4.8,
S Dube,2020,5,54,75,4,8.33,13.5
S Dube,2021,4,30,53,0,10.6,
S Dube,2022,2,12,40,0,20.0,
S Dube,2024,1,6,14,1,14.0,6.0
S Dube,2025,1,12,33,0,16.5,
S Dube,2026,4,30,64,1,12.8,30.0
S Gopal,2014,4,84,113,6,8.07,14.0
S Gopal,2015,1,13,23,1,10.62,13.0
S Gopal,2016,1,18,19,0,6.33,
S Gopal,2018,10,186,239,11,7.71,16.91
S Gopal,2019,14,289,350,20,7.27,14.45
S Gopal,2020,14,300,429,10,8.58,30.0
S Gopal,2021,3,42,84,0,12.0,
S Gopal,2022,1,18,34,1,11.33,18.0
S Gopal,2024,3,42,67,3,9.57,14.0
S Kaul,2013,6,131,172,4,7.88,32.75
S Kaul,2014,5,78,136,2,10.46,39.0
S Kaul,2017,10,215,303,16,8.46,13.44
S Kaul,2018,17,397,558,21,8.43,18.9
S Kaul,2019,7,164,243,6,8.89,27.33
S Kaul,2020,1,25,64,2,15.36,12.5
S Kaul,2021,8,181,253,7,8.39,25.86
S Kaul,2022,1,24,43,0,10.75,
S Kaushik,2016,7,139,195,6,8.42,23.17
S Kaushik,2017,3,66,109,0,9.91,
S Ladda,2010,5,90,144,4,9.6,22.5
S Ladda,2011,2,25,42,0,10.08,
S Ladda,2013,1,12,18,1,9.0,12.0
S Ladda,2016,1,12,21,0,10.5,
S Lamichhane,2018,3,72,86,5,7.17,14.4
S Lamichhane,2019,6,138,211,8,9.17,17.25
S Nadeem,2011,5,114,145,4,7.63,28.5
S Nadeem,2012,12,270,320,8,7.11,33.75
S Nadeem,2013,12,264,264,9,6.0,29.33
S Nadeem,2014,11,229,314,8,8.23,28.62
S Nadeem,2015,2,42,43,0,6.14,
S Nadeem,2016,4,90,127,2,8.47,45.0
S Nadeem,2017,7,107,119,6,6.67,17.83
S Nadeem,2018,6,90,162,3,10.8,30.0
S Nadeem,2019,3,54,91,2,10.11,27.0
S Nadeem,2020,7,135,179,5,7.96,27.0
S Nadeem,2021,1,24,36,1,9.0,24.0
S Narwal,2010,5,94,186,5,11.87,18.8
S Narwal,2013,1,12,17,0,8.5,
S Randiv,2011,8,174,223,6,7.69,29.0
S Sandeep Warrier,2019,3,73,86,2,7.07,36.5
S Sandeep Warrier,2020,1,18,34,0,11.33,
S Sandeep Warrier,2021,1,12,15,0,7.5,
S Sandeep Warrier,2024,5,67,122,6,10.93,11.17
S Sreesanth,2008,15,311,451,19,8.7,16.37
S Sreesanth,2009,7,141,196,6,8.34,23.5
S Sreesanth,2010,6,121,191,3,9.47,40.33
S Sreesanth,2011,9,196,212,7,6.49,28.0
S Sreesanth,2013,7,134,171,5,7.66,26.8
S Tyagi,2009,8,115,143,5,7.46,23.0
S Tyagi,2010,6,97,161,1,9.96,97.0
SB Jakati,2009,8,174,225,13,7.76,13.38
SB Jakati,2010,11,228,300,13,7.89,17.54
SB Jakati,2011,14,266,338,10,7.62,26.6
SB Jakati,2012,15,246,337,9,8.22,27.33
SB Jakati,2014,1,22,41,0,11.18,
SB Jakati,2016,6,121,181,2,8.98,60.5
SB Jakati,2017,2,30,52,0,10.4,
SB Styris,2008,8,162,201,3,7.44,54.0
SB Styris,2009,2,48,64,5,8.0,9.6
SB Styris,2011,1,6,13,0,13.0,
SB Wagh,2010,1,6,16,1,16.0,6.0
SB Wagh,2011,7,96,131,4,8.19,24.0
SC Ganguly,2008,7,120,132,6,6.6,20.0
SC Ganguly,2009,6,72,98,2,8.17,36.0
SC Ganguly,2010,3,24,43,0,10.75,
SC Ganguly,2012,4,61,97,2,9.54,30.5
SE Bond,2010,8,186,225,9,7.26,20.67
SH Johnson,2024,5,96,155,4,9.69,24.0
SH Johnson,2025,4,68,134,1,11.82,68.0
SH Johnson,2026,3,67,114,2,10.21,33.5
SJ Srivastava,2010,8,162,257,6,9.52,27.0
SJ Srivastava,2011,6,121,187,8,9.27,15.12
SK Raina,2008,2,20,30,1,9.0,20.0
SK Raina,2009,10,166,169,7,6.11,23.71
SK Raina,2010,12,143,181,6,7.59,23.83
SK Raina,2011,12,165,209,4,7.6,41.25
SK Raina,2012,7,84,106,2,7.57,42.0
SK Raina,2013,2,12,23,1,11.5,12.0
SK Raina,2014,8,108,135,1,7.5,108.0
SK Raina,2015,5,72,94,2,7.83,36.0
SK Raina,2016,4,60,84,0,8.4,
SK Raina,2017,6,72,102,1,8.5,72.0
SK Raina,2019,1,6,6,0,6.0,
SK Trivedi,2008,15,289,407,13,8.45,22.23
SK Trivedi,2009,7,121,152,6,7.54,20.17
SK Trivedi,2010,10,214,266,11,7.46,19.45
SK Trivedi,2011,12,217,307,10,8.49,21.7
SK Trivedi,2012,14,315,387,13,7.37,24.23
SK Trivedi,2013,17,359,425,12,7.1,29.92
SK Warne,2008,15,312,409,19,7.87,16.42
SK Warne,2009,13,300,369,14,7.38,21.43
SK Warne,2010,14,300,389,11,7.78,27.27
SK Warne,2011,12,282,298,13,6.34,21.69
SL Malinga,2009,13,300,334,18,6.68,16.67
SL Malinga,2010,13,294,360,15,7.35,19.6
SL Malinga,2011,16,381,393,28,6.19,13.61
SL Malinga,2012,14,334,355,22,6.38,15.18
SL Malinga,2013,17,394,484,20,7.37,19.7
SL Malinga,2014,10,236,267,16,6.79,14.75
SL Malinga,2015,15,364,453,24,7.47,15.17
SL Malinga,2017,12,271,388,11,8.59,24.64
SL Malinga,2019,12,271,452,16,10.01,16.94
SM Curran,2019,9,199,325,10,9.8,19.9
SM Curran,2020,13,254,348,13,8.22,19.54
SM Curran,2021,9,200,332,9,9.96,22.22
SM Curran,2023,14,288,497,10,10.35,28.8
SM Curran,2024,13,247,422,16,10.25,15.44
SM Curran,2025,5,72,135,1,11.25,72.0
SM Pollock,2008,13,276,307,11,6.67,25.09
SMSM Senanayake,2013,8,192,211,9,6.59,21.33
SN Thakur,2015,1,18,39,1,13.0,18.0
SN Thakur,2017,12,229,319,11,8.36,20.82
SN Thakur,2018,13,280,433,16,9.28,17.5
SN Thakur,2019,9,180,285,8,9.5,22.5
SN Thakur,2020,9,196,279,10,8.54,19.6
SN Thakur,2021,16,361,531,21,8.83,17.19
SN Thakur,2022,14,291,485,15,10.0,19.4
SN Thakur,2023,9,128,222,7,10.41,18.29
SN Thakur,2024,9,193,315,5,9.79,38.6
SN Thakur,2025,10,205,376,14,11.0,14.64
SN Thakur,2026,7,134,270,12,12.09,11.17
SP Narine,2012,15,355,332,24,5.61,14.79
SP Narine,2013,16,384,353,22,5.52,17.45
SP Narine,2014,16,392,432,21,6.61,18.67
SP Narine,2015,8,192,246,7,7.69,27.43
SP Narine,2016,11,256,310,11,7.27,23.27
SP Narine,2017,15,354,412,10,6.98,35.4
SP Narine,2018,16,366,473,17,7.75,21.53
SP Narine,2019,12,266,353,10,7.96,26.6
SP Narine,2020,10,228,308,5,8.11,45.6
SP Narine,2021,14,338,369,16,6.55,21.12
SP Narine,2022,14,336,319,9,5.7,37.33
SP Narine,2023,14,288,389,11,8.1,26.18
SP Narine,2024,14,330,376,17,6.84,19.41
SP Narine,2025,12,272,357,12,7.88,22.67
SP Narine,2026,13,309,350,17,6.8,18.18
SR Watson,2008,15,330,395,17,7.18,19.41
SR Watson,2010,6,132,185,6,8.41,22.0
SR Watson,2011,10,217,248,6,6.86,36.17
SR Watson,2012,7,139,165,6,7.12,23.17
SR Watson,2013,13,250,319,13,7.66,19.23
SR Watson,2014,9,129,169,7,7.86,18.43
SR Watson,2015,10,176,273,6,9.31,29.33
SR Watson,2016,16,340,490,20,8.65,17.0
SR Watson,2017,8,161,246,5,9.17,32.2
SR Watson,2018,11,168,252,6,9.0,28.0
SS Cottrell,2020,6,120,177,6,8.85,20.0
ST Jayasuriya,2008,8,126,163,4,7.76,31.5
ST Jayasuriya,2009,9,114,165,7,8.68,16.29
ST Jayasuriya,2010,4,54,68,2,7.56,27.0
STR Binny,2010,1,6,9,0,9.0,
STR Binny,2011,3,24,44,0,11.0,
STR Binny,2012,6,60,78,3,7.8,20.0
STR Binny,2013,14,144,163,6,6.79,24.0
STR Binny,2014,8,54,65,3,7.22,18.0
STR Binny,2015,10,114,143,4,7.53,28.5
STR Binny,2016,11,102,134,1,7.88,102.0
STR Binny,2017,4,36,50,4,8.33,9.0
STR Binny,2018,1,13,33,0,15.23,
STR Binny,2019,5,42,44,1,6.29,42.0
SW Tait,2010,8,188,274,10,8.74,18.8
SW Tait,2011,4,95,137,6,8.65,15.83
SW Tait,2012,6,139,154,6,6.65,23.17
SW Tait,2013,3,60,103,1,10.3,60.0
Sakib Hussain,2026,11,253,399,15,9.46,16.87
Sandeep Sharma,2013,4,98,130,8,7.96,12.25
Sandeep Sharma,2014,11,244,358,18,8.8,13.56
Sandeep Sharma,2015,14,301,359,13,7.16,23.15
Sandeep Sharma,2016,14,300,374,15,7.48,20.0
Sandeep Sharma,2017,13,289,402,17,8.35,17.0
Sandeep Sharma,2018,12,264,334,12,7.59,22.0
Sandeep Sharma,2019,11,256,355,12,8.32,21.33
Sandeep Sharma,2020,13,312,374,14,7.19,22.29
Sandeep Sharma,2021,7,142,204,3,8.62,47.33
Sandeep Sharma,2022,5,120,156,2,7.8,60.0
Sandeep Sharma,2023,12,280,398,10,8.53,28.0
Sandeep Sharma,2024,10,228,314,13,8.26,17.54
Sandeep Sharma,2025,10,224,376,9,10.07,24.89
Sandeep Sharma,2026,6,118,225,5,11.44,23.6
Shahbaz Ahmed,2020,2,36,45,2,7.5,18.0
Shahbaz Ahmed,2021,6,84,92,7,6.57,12.0
Shahbaz Ahmed,2022,14,211,341,4,9.7,52.75
Shahbaz Ahmed,2023,5,42,95,1,13.57,42.0
Shahbaz Ahmed,2024,15,166,277,7,10.01,23.71
Shahbaz Ahmed,2025,3,51,103,1,12.12,51.0
Shahbaz Ahmed,2026,5,67,130,5,11.64,13.4
Shahid Afridi,2008,10,181,237,9,7.86,20.11
Shakib Al Hasan,2011,7,153,177,11,6.94,13.91
Shakib Al Hasan,2012,8,180,203,12,6.77,15.0
Shakib Al Hasan,2014,13,300,339,11,6.78,27.27
Shakib Al Hasan,2015,4,84,123,4,8.79,21.0
Shakib Al Hasan,2016,9,186,247,5,7.97,37.2
Shakib Al Hasan,2017,1,18,34,0,11.33,
Shakib Al Hasan,2018,17,342,458,14,8.04,24.43
Shakib Al Hasan,2019,3,65,95,2,8.77,32.5
Shakib Al Hasan,2021,8,156,188,4,7.23,39.0
Shashank Singh,2022,2,12,20,0,10.0,
Shashank Singh,2024,1,6,5,1,5.0,6.0
Shashank Singh,2025,1,12,27,0,13.5,
Shashank Singh,2026,4,60,89,4,8.9,15.0
Shivam Mavi,2018,9,169,273,5,9.69,33.8
Shivam Mavi,2020,8,156,214,9,8.23,17.33
Shivam Mavi,2021,9,196,242,11,7.41,17.82
Shivam Mavi,2022,6,134,229,5,10.25,26.8
Shivang Kumar,2026,13,234,376,9,9.64,26.0
Shoaib Ahmed,2009,7,102,154,5,9.06,20.4
Simarjeet Singh,2022,6,109,143,4,7.87,27.25
Simarjeet Singh,2024,4,72,122,5,10.17,14.4
Simarjeet Singh,2025,4,61,146,2,14.36,30.5
Sohail Tanvir,2008,11,248,275,22,6.65,11.27
Suyash Sharma,2023,11,235,330,10,8.43,23.5
Suyash Sharma,2024,2,24,51,0,12.75,
Suyash Sharma,2025,14,300,454,8,9.08,37.5
Suyash Sharma,2026,12,245,380,9,9.31,27.22
Swapnil Singh,2016,1,18,29,0,9.67,
Swapnil Singh,2017,4,42,61,1,8.71,42.0
Swapnil Singh,2023,2,12,18,0,9.0,
Swapnil Singh,2024,7,91,133,6,8.77,15.17
T Natarajan,2017,6,76,116,2,9.16,38.0
T Natarajan,2020,16,378,520,16,8.25,23.62
T Natarajan,2021,2,48,70,2,8.75,24.0
T Natarajan,2022,11,258,410,18,9.53,14.33
T Natarajan,2023,12,270,416,10,9.24,27.0
T Natarajan,2024,14,308,469,19,9.14,16.21
T Natarajan,2025,2,25,53,1,12.72,25.0
T Natarajan,2026,10,191,357,6,11.21,31.83
T Thushara,2009,2,48,61,3,7.62,16.0
T Thushara,2010,4,89,103,5,6.94,17.8
TA Boult,2015,7,168,239,9,8.54,18.67
TA Boult,2016,1,24,39,1,9.75,24.0
TA Boult,2017,6,143,222,5,9.31,28.6
TA Boult,2018,14,317,476,18,9.01,17.61
TA Boult,2019,5,114,163,5,8.58,22.8
TA Boult,2020,15,348,473,25,8.16,13.92
TA Boult,2021,14,309,409,13,7.94,23.77
TA Boult,2022,16,372,501,16,8.08,23.25
TA Boult,2023,10,228,316,13,8.32,17.54
TA Boult,2024,15,320,448,16,8.4,20.0
TA Boult,2025,16,346,520,22,9.02,15.73
TA Boult,2026,5,97,188,2,11.63,48.5
TG Southee,2011,5,114,167,4,8.79,28.5
TG Southee,2014,3,60,78,0,7.8,
TG Southee,2015,7,169,255,6,9.05,28.17
TG Southee,2016,11,258,333,9,7.74,28.67
TG Southee,2017,3,61,97,3,9.54,20.33
TG Southee,2018,8,175,263,5,9.02,35.0
TG Southee,2019,3,54,123,1,13.67,54.0
TG Southee,2021,3,72,95,3,7.92,24.0
TG Southee,2022,9,211,284,14,8.08,15.07
TG Southee,2023,2,36,79,2,13.17,18.0
TK Curran,2018,5,63,118,6,11.24,10.5
TK Curran,2020,5,110,210,3,11.45,36.67
TK Curran,2021,3,68,104,4,9.18,17.0
TL Suman,2009,5,91,108,5,7.12,18.2
TL Suman,2010,2,13,24,0,11.08,
TL Suman,2011,3,36,50,0,8.33,
TL Suman,2013,1,12,16,1,8.0,12.0
TM Dilshan,2008,1,6,3,1,3.0,6.0
TM Dilshan,2009,8,96,99,0,6.19,
TM Dilshan,2010,4,49,70,3,8.57,16.33
TM Dilshan,2011,6,72,108,1,9.0,72.0
TM Dilshan,2012,5,42,78,0,11.14,
TM Dilshan,2013,1,6,10,0,10.0,
TS Mills,2017,5,107,157,5,8.8,21.4
TS Mills,2022,5,102,192,6,11.29,17.0
TU Deshpande,2020,5,103,193,3,11.24,34.33
TU Deshpande,2022,2,42,67,1,9.57,42.0
TU Deshpande,2023,16,345,580,21,10.09,16.43
TU Deshpande,2024,13,290,435,17,9.0,17.06
TU Deshpande,2025,10,192,342,9,10.69,21.33
TU Deshpande,2026,7,138,282,4,12.26,34.5
UT Yadav,2010,7,146,192,6,7.89,24.33
UT Yadav,2011,6,110,172,2,9.38,55.0
UT Yadav,2012,17,369,459,19,7.46,19.42
UT Yadav,2013,16,354,533,16,9.03,22.12
UT Yadav,2014,12,273,381,11,8.37,24.82
UT Yadav,2015,12,254,387,10,9.14,25.4
UT Yadav,2016,9,158,246,10,9.34,15.8
UT Yadav,2017,14,291,432,17,8.91,17.12
UT Yadav,2018,14,321,424,20,7.93,16.05
UT Yadav,2019,11,228,375,8,9.87,28.5
UT Yadav,2020,2,43,86,0,12.0,
UT Yadav,2022,12,293,354,16,7.25,18.31
UT Yadav,2023,8,114,190,1,10.0,114.0
UT Yadav,2024,7,126,211,8,10.05,15.75
Umar Gul,2008,6,141,198,12,8.43,11.75
Umran Malik,2021,3,72,96,2,8.0,36.0
Umran Malik,2022,14,299,455,22,9.13,13.59
Umran Malik,2023,8,120,219,5,10.95,24.0
Umran Malik,2024,1,6,15,0,15.0,
V Nigam,2025,13,238,361,11,9.1,21.64
V Nigam,2026,5,55,117,2,12.76,27.5
V Pratap Singh,2012,9,204,300,10,8.82,20.4
V Puthur,2025,5,72,109,6,9.08,12.0
V Sehwag,2008,7,66,134,3,12.18,22.0
V Sehwag,2009,1,7,25,0,21.43,
V Sehwag,2010,3,34,23,3,4.06,11.33
V Sehwag,2012,3,24,45,0,11.25,
V Sehwag,2013,1,6,9,0,9.0,
V Shankar,2014,1,6,19,0,19.0,
V Shankar,2018,4,31,58,1,11.23,31.0
V Shankar,2019,5,49,70,1,8.57,49.0
V Shankar,2020,5,81,82,4,6.07,20.25
V Shankar,2021,5,67,100,3,8.96,22.33
V Shankar,2022,2,9,15,0,10.0,
VG Arora,2022,5,107,165,3,9.25,35.67
VG Arora,2023,5,100,149,5,8.94,20.0
VG Arora,2024,10,186,284,11,9.16,16.91
VG Arora,2025,12,255,431,17,10.14,15.0
VG Arora,2026,10,228,396,11,10.42,20.73
VR Aaron,2011,3,72,83,2,6.92,36.0
VR Aaron,2012,8,186,279,8,9.0,23.25
VR Aaron,2014,10,223,309,16,8.31,13.94
VR Aaron,2015,5,104,180,3,10.38,34.67
VR Aaron,2016,8,144,229,2,9.54,72.0
VR Aaron,2017,6,121,170,7,8.43,17.29
VR Aaron,2019,5,72,128,4,10.67,18.0
VR Aaron,2020,3,50,96,0,11.52,
VR Aaron,2022,2,30,53,2,10.6,15.0
VRV Singh,2008,13,291,425,11,8.76,26.45
VRV Singh,2009,4,54,83,1,9.22,54.0
VRV Singh,2010,1,19,41,0,12.95,
VS Malik,2009,5,73,100,2,8.22,36.5
VS Malik,2010,3,44,66,1,9.0,44.0
VS Malik,2011,1,12,14,0,7.0,
VS Malik,2013,3,60,59,2,5.9,30.0
VS Malik,2014,1,18,29,1,9.67,18.0
VY Mahesh,2008,11,260,380,16,8.77,16.25
VY Mahesh,2009,1,12,25,1,12.5,12.0
VY Mahesh,2010,1,18,23,1,7.67,18.0
VY Mahesh,2012,4,56,83,3,8.89,18.67
Vijaykumar Vyshak,2023,7,145,253,9,10.47,16.11
Vijaykumar Vyshak,2024,4,87,143,4,9.86,21.75
Vijaykumar Vyshak,2025,5,103,181,4,10.54,25.75
Vijaykumar Vyshak,2026,9,187,333,9,10.68,20.78
WD Parnell,2011,8,176,222,9,7.57,19.56
WD Parnell,2012,6,129,133,5,6.19,25.8
WD Parnell,2013,4,90,141,6,9.4,15.0
WD Parnell,2014,8,182,235,6,7.75,30.33
WD Parnell,2023,7,152,237,9,9.36,16.89
WG Jacks,2024,5,54,100,2,11.11,27.0
WG Jacks,2025,8,85,121,6,8.54,14.17
WG Jacks,2026,6,53,94,2,10.64,26.5
WPUJC Vaas,2008,5,102,146,5,8.59,20.4
WPUJC Vaas,2009,2,50,71,4,8.52,12.5
WPUJC Vaas,2010,6,132,147,9,6.68,14.67
Washington Sundar,2017,10,180,189,8,6.3,22.5
Washington Sundar,2018,7,120,194,4,9.7,30.0
Washington Sundar,2019,3,54,75,4,8.33,13.5
Washington Sundar,2020,15,301,300,8,5.98,37.62
Washington Sundar,2021,6,96,119,3,7.44,32.0
Washington Sundar,2022,8,169,239,6,8.49,28.17
Washington Sundar,2023,7,106,146,3,8.26,35.33
Washington Sundar,2024,2,30,73,1,14.6,30.0
Washington Sundar,2025,5,65,112,2,10.34,32.5
Washington Sundar,2026,5,55,84,1,9.16,55.0
XC Bartlett,2025,4,60,96,2,9.6,30.0
XC Bartlett,2026,9,202,390,5,11.58,40.4
Y Venugopal Rao,2008,7,84,137,2,9.79,42.0
Y Venugopal Rao,2009,6,90,123,4,8.2,22.5
Y Venugopal Rao,2010,1,6,10,0,10.0,
Y Venugopal Rao,2011,2,12,26,0,13.0,
Y Venugopal Rao,2012,2,12,26,0,13.0,
Y Venugopal Rao,2014,2,12,16,0,8.0,
YA Abdulla,2009,9,169,244,14,8.66,12.07
YA Abdulla,2010,2,41,67,1,9.8,41.0
YK Pathan,2008,13,169,233,8,8.27,21.12
YK Pathan,2009,11,210,248,7,7.09,30.0
YK Pathan,2010,11,204,254,5,7.47,40.8
YK Pathan,2011,14,234,244,13,6.26,18.0
YK Pathan,2012,12,132,184,3,8.36,44.0
YK Pathan,2013,5,54,74,1,8.22,54.0
YK Pathan,2014,1,6,10,0,10.0,
YK Pathan,2015,5,60,100,2,10.0,30.0
YK Pathan,2016,4,36,33,1,5.5,36.0
YK Pathan,2017,4,24,41,1,10.25,24.0
YK Pathan,2018,1,12,14,1,7.0,12.0
YK Pathan,2019,1,6,8,0,8.0,
YS Chahal,2013,1,24,35,0,8.75,
YS Chahal,2014,14,330,389,12,7.07,27.5
YS Chahal,2015,14,281,416,23,8.88,12.22
YS Chahal,2016,13,296,409,21,8.29,14.1
YS Chahal,2017,13,263,351,14,8.01,18.79
YS Chahal,2018,14,303,374,12,7.41,25.25
YS Chahal,2019,14,296,394,18,7.99,16.44
YS Chahal,2020,15,345,414,21,7.2,16.43
YS Chahal,2021,15,318,381,18,7.19,17.67
YS Chahal,2022,17,408,536,27,7.88,15.11
YS Chahal,2023,14,317,434,21,8.21,15.1
YS Chahal,2024,15,349,548,18,9.42,19.39
YS Chahal,2025,13,270,431,16,9.58,16.88
YS Chahal,2026,12,250,389,12,9.34,20.83
Yash Dayal,2022,9,195,296,11,9.11,17.73
Yash Dayal,2023,5,84,165,2,11.79,42.0
Yash Dayal,2024,14,304,472,15,9.32,20.27
Yash Dayal,2025,15,298,479,13,9.64,22.92
Yash Raj Punja,2026,8,180,281,9,9.37,20.0
Yash Thakur,2023,9,193,297,13,9.23,14.85
Yash Thakur,2024,10,214,405,11,11.36,19.45
Yash Thakur,2025,2,40,80,1,12.0,40.0
Yash Thakur,2026,1,25,55,2,13.2,12.5
Yudhvir Singh,2023,3,48,73,3,9.12,16.0
Yudhvir Singh,2024,2,24,52,1,13.0,24.0
Yudhvir Singh,2025,4,67,132,4,11.82,16.75
Yuvraj Singh,2008,6,54,85,3,9.44,18.0
Yuvraj Singh,2009,9,120,142,6,7.1,20.0
Yuvraj Singh,2010,10,138,155,5,6.74,27.6
Yuvraj Singh,2011,13,175,193,9,6.62,19.44
Yuvraj Singh,2013,10,132,152,6,6.91,22.0
Yuvraj Singh,2014,10,136,191,5,8.43,27.2
Yuvraj Singh,2015,6,54,75,1,8.33,54.0
Yuvraj Singh,2016,5,37,52,0,8.43,
Yuvraj Singh,2017,2,12,23,1,11.5,12.0
Yuvraj Singh,2018,2,12,23,0,11.5,
Z Khan,2008,11,252,369,13,8.79,19.38
Z Khan,2009,6,127,144,6,6.8,21.17
Z Khan,2010,14,291,388,15,8.0,19.4
Z Khan,2011,15,354,465,14,7.88,25.29
Z Khan,2012,15,360,468,17,7.8,21.18
Z Khan,2013,2,36,47,5,7.83,7.2
Z Khan,2014,6,134,156,5,6.99,26.8
Z Khan,2015,7,145,159,7,6.58,20.71
Z Khan,2016,12,262,341,10,7.81,26.2
Z Khan,2017,11,241,323,10,8.04,24.1
Zeeshan Ansari,2025,10,204,334,6,9.82,34.0
