bowler,powerplay_balls,powerplay_runs,powerplay_wickets,powerplay_dot_pct,powerplay_boundary_pct,powerplay_economy,powerplay_bowling_sr,middle_balls,middle_runs,middle_wickets,middle_dot_pct,middle_boundary_pct,middle_economy,middle_bowling_sr,death_balls,death_runs,death_wickets,death_dot_pct,death_boundary_pct,death_economy,death_bowling_sr
KK Ahmed,981.0,1342.0,38.0,49.25386666666667,23.067333333333334,8.21,25.82,264.0,362.0,16.0,34.105,17.36138888888889,8.23,16.5,420.0,737.0,37.0,33.83175438596491,24.778245614035086,10.53,11.35
S Aravind,427.0,524.0,20.0,44.21368421052631,19.42236842105263,7.36,21.35,186.0,264.0,10.0,33.332608695652176,19.20304347826087,8.52,18.6,148.0,238.0,15.0,30.429090909090913,22.47590909090909,9.65,9.87
OF Smith,18.0,21.0,1.0,54.165,25.0,7.0,18.0,55.0,110.0,2.0,31.548333333333332,35.51833333333334,12.0,27.5,18.0,44.0,3.0,38.89,38.89,14.67,6.0
Shivang Kumar,6.0,22.0,0.0,33.33,66.67,22.0,,216.0,325.0,7.0,25.106923076923074,20.299999999999997,9.03,30.86,12.0,23.0,2.0,33.33,25.0,11.5,6.0
J Little,78.0,120.0,3.0,40.07857142857143,26.19142857142857,9.23,26.0,96.0,126.0,8.0,32.120000000000005,22.22125,7.88,12.0,54.0,87.0,0.0,25.0,21.875,9.67,
S Badree,156.0,187.0,7.0,48.379999999999995,20.834166666666665,7.19,22.29,96.0,128.0,4.0,32.82727272727273,16.163636363636364,8.0,24.0,6.0,4.0,0.0,33.33,0.0,4.0,
V Puthur,,,,,,,,60.0,85.0,6.0,33.332,21.668,8.5,10.0,12.0,23.0,0.0,16.67,25.0,11.5,
Ashok Sharma,24.0,60.0,0.0,29.165,45.83,15.0,,55.0,74.0,1.0,52.85166666666667,15.498333333333335,8.07,55.0,48.0,89.0,5.0,38.89,31.94333333333333,11.12,9.6
PP Chawla,437.0,562.0,20.0,44.541754385964914,20.23315789473684,7.72,21.85,2971.0,3890.0,130.0,32.16705882352941,15.846256684491978,7.86,22.85,444.0,648.0,39.0,33.96617647058823,18.991323529411765,8.76,11.38
J Overton,30.0,71.0,0.0,16.666666666666668,33.333333333333336,14.2,,108.0,146.0,9.0,35.0,19.720999999999997,8.11,12.0,66.0,108.0,5.0,30.2075,24.99875,9.82,13.2
R Rampaul,163.0,160.0,9.0,56.62166666666667,16.278333333333332,5.89,18.11,54.0,51.0,3.0,43.74875,4.1675,5.67,18.0,53.0,100.0,4.0,36.31,21.27875,11.32,13.25
Yash Dayal,441.0,684.0,16.0,41.239,26.27675,9.31,27.56,207.0,282.0,9.0,33.691785714285714,17.21357142857143,8.17,23.0,233.0,399.0,16.0,28.108181818181816,21.151515151515152,10.27,14.56
KC Cariappa,36.0,64.0,0.0,38.89,27.778333333333336,10.67,,164.0,256.0,6.0,23.638181818181817,21.792727272727273,9.37,27.33,18.0,23.0,2.0,27.78,11.11,7.67,9.0
PWH de Silva,60.0,99.0,4.0,43.332,28.333,9.9,15.0,618.0,855.0,30.0,33.032162162162166,16.32891891891892,8.3,20.6,120.0,168.0,12.0,41.666,16.667,8.4,10.0
Shahbaz Ahmed,150.0,243.0,2.0,31.74761904761905,25.00047619047619,9.72,75.0,455.0,737.0,18.0,24.078181818181818,22.097045454545455,9.72,25.28,52.0,85.0,7.0,24.999000000000002,28.333,9.81,7.43
KK Cooper,97.0,108.0,4.0,52.67875,14.435625,6.68,24.25,216.0,262.0,12.0,33.81782608695652,11.47391304347826,7.28,18.0,264.0,388.0,17.0,32.98666666666667,16.319166666666664,8.82,15.53
A Kamboj,286.0,448.0,13.0,40.9752,27.608,9.4,22.0,78.0,124.0,4.0,30.0,22.5,9.54,19.5,134.0,236.0,14.0,37.56923076923077,27.50153846153846,10.57,9.57
Arshad Khan,186.0,305.0,7.0,39.05294117647059,32.68,9.84,26.57,84.0,139.0,5.0,41.666666666666664,28.70555555555556,9.93,16.8,95.0,193.0,6.0,21.59,44.207857142857144,12.19,15.83
JA Morkel,908.0,1256.0,34.0,43.80180555555555,24.98736111111111,8.3,26.71,500.0,567.0,20.0,36.050576923076925,12.655000000000001,6.8,25.0,328.0,501.0,31.0,28.873555555555555,16.746444444444446,9.16,10.58
MP Stoinis,160.0,246.0,9.0,31.538636363636364,23.87590909090909,9.22,17.78,602.0,903.0,22.0,26.11190476190476,19.227460317460316,9.0,27.36,175.0,382.0,15.0,23.79344827586207,32.58586206896552,13.1,11.67
Naveen-ul-Haq,144.0,231.0,5.0,37.745294117647056,29.90058823529412,9.62,28.8,84.0,100.0,8.0,41.026153846153846,13.461538461538462,7.14,10.5,164.0,256.0,12.0,33.699333333333335,17.28666666666667,9.37,13.67
DS Kulkarni,1018.0,1256.0,44.0,48.86988372093024,22.319302325581397,7.4,23.14,429.0,598.0,20.0,32.13431034482758,18.03620689655172,8.36,21.45,347.0,556.0,22.0,33.0458,19.0402,9.61,15.77
JD Unadkat,852.0,1117.0,28.0,41.02315789473684,19.15221052631579,7.87,30.43,834.0,1157.0,30.0,26.975333333333335,16.235222222222223,8.32,27.8,666.0,1194.0,56.0,28.252125,24.619625,10.76,11.89
Nithish Kumar Reddy,85.0,140.0,3.0,40.21111111111111,28.836666666666662,9.88,28.33,200.0,333.0,6.0,24.423478260869565,21.01086956521739,9.99,33.33,43.0,87.0,4.0,30.16,25.995,12.14,10.75
AJ Hosein,86.0,124.0,3.0,51.58857142857143,26.077142857142857,8.65,28.67,78.0,101.0,5.0,25.00142857142857,10.31857142857143,7.77,15.6,10.0,13.0,1.0,29.165,12.5,7.8,10.0
BAW Mendis,59.0,67.0,2.0,38.26714285714286,16.667142857142856,6.81,29.5,132.0,154.0,4.0,29.165999999999997,9.306000000000001,7.0,33.0,54.0,78.0,2.0,29.76142857142857,17.85857142857143,8.67,27.0
R Sai Kishore,18.0,33.0,1.0,41.665,33.335,11.0,18.0,366.0,514.0,23.0,29.167391304347827,18.902173913043477,8.43,15.91,81.0,142.0,9.0,28.029999999999998,22.72909090909091,10.52,9.0
LS Livingstone,18.0,17.0,1.0,44.44333333333333,11.113333333333335,5.67,18.0,270.0,419.0,11.0,20.525185185185187,24.167407407407406,9.31,24.55,24.0,26.0,1.0,45.832499999999996,12.5,6.5,24.0
Washington Sundar,386.0,538.0,13.0,40.40512820512821,24.61307692307692,8.36,29.69,702.0,829.0,21.0,29.514166666666664,11.157333333333334,7.09,33.43,88.0,148.0,5.0,23.334,25.444,10.09,17.6
SM Pollock,204.0,209.0,8.0,51.28076923076923,15.599230769230768,6.15,25.5,66.0,86.0,3.0,38.334,16.667,7.82,22.0,6.0,8.0,0.0,16.67,16.67,8.0,
MG Bracewell,12.0,13.0,3.0,58.335,16.67,6.5,4.0,54.0,82.0,3.0,36.666,21.11,9.11,18.0,,,,,,,
ST Jayasuriya,6.0,10.0,0.0,33.33,16.67,10.0,,228.0,285.0,10.0,26.144117647058824,12.910588235294119,7.5,22.8,60.0,86.0,3.0,28.704444444444448,14.815555555555555,8.6,20.0
VS Malik,128.0,155.0,4.0,47.82,18.643333333333334,7.27,32.0,72.0,96.0,2.0,30.555555555555557,18.517777777777777,8.0,36.0,7.0,12.0,0.0,16.665,58.335,10.29,
S Gopal,114.0,151.0,8.0,45.55466666666666,22.22266666666667,7.95,14.25,822.0,1136.0,38.0,29.890416666666667,16.638125,8.29,21.63,56.0,63.0,6.0,25.952999999999996,6.1899999999999995,6.75,9.33
KP Appanna,18.0,26.0,0.0,37.5,25.0,8.67,,186.0,233.0,9.0,27.35076923076923,14.743076923076924,7.52,20.67,12.0,24.0,0.0,16.67,33.33,12.0,
T Thushara,60.0,57.0,3.0,55.557500000000005,13.892500000000002,5.7,20.0,31.0,22.0,1.0,45.94,2.776666666666667,4.26,31.0,46.0,78.0,4.0,25.0,23.61,10.17,11.5
B Stanlake,84.0,106.0,2.0,50.461666666666666,19.44666666666667,7.57,42.0,54.0,77.0,5.0,37.5,25.0,8.56,10.8,6.0,11.0,0.0,16.67,16.67,11.0,
TL Suman,6.0,6.0,0.0,33.33,0.0,6.0,,121.0,144.0,5.0,26.683,12.501000000000001,7.14,24.2,25.0,48.0,1.0,24.405,23.807499999999997,11.52,25.0
AM Nayar,6.0,10.0,0.0,50.0,33.33,10.0,,217.0,293.0,8.0,27.506842105263157,17.335789473684212,8.1,27.12,6.0,9.0,1.0,16.67,16.67,9.0,6.0
Mohammad Asif,90.0,143.0,3.0,40.97375,29.86125,9.53,30.0,42.0,54.0,1.0,38.89,12.501666666666667,7.71,42.0,61.0,104.0,4.0,26.4875,23.3625,10.23,15.25
Azmatullah Omarzai,192.0,311.0,4.0,38.23529411764706,24.672941176470587,9.72,48.0,96.0,134.0,7.0,34.722,16.389,8.38,13.71,66.0,117.0,4.0,23.958750000000002,28.12375,10.64,16.5
Jaskaran Singh,44.0,51.0,2.0,45.835,15.775,6.95,22.0,30.0,44.0,1.0,37.4975,25.0,8.8,30.0,32.0,74.0,3.0,33.33166666666667,41.666666666666664,13.88,10.67
Umran Malik,31.0,90.0,0.0,18.574,54.762,17.42,,393.0,534.0,23.0,43.7996,22.816,8.15,17.09,73.0,125.0,6.0,38.46,35.89769230769231,10.27,12.17
Swapnil Singh,43.0,62.0,5.0,46.42666666666667,22.421666666666667,8.65,8.6,120.0,177.0,2.0,15.973333333333334,13.889166666666668,8.85,60.0,,,,,,,
PV Tambe,78.0,112.0,3.0,42.308461538461536,21.794615384615383,8.62,26.0,504.0,593.0,20.0,31.481515151515154,12.415151515151514,7.06,25.2,78.0,142.0,4.0,18.939090909090908,24.242727272727276,10.92,19.5
R Shukla,54.0,78.0,4.0,44.445,20.833333333333332,8.67,13.5,36.0,61.0,1.0,35.415,22.915,10.17,36.0,33.0,71.0,0.0,30.28,22.343333333333334,12.91,
Shivam Mavi,302.0,412.0,9.0,44.81035714285714,23.69964285714286,8.19,33.56,162.0,180.0,9.0,42.59388888888889,12.345555555555556,6.67,18.0,191.0,333.0,12.0,32.50454545454546,22.627727272727274,10.46,15.92
MP Yadav,54.0,90.0,2.0,50.0,29.168333333333333,10.0,27.0,127.0,213.0,4.0,35.47777777777778,31.32,10.06,31.75,37.0,56.0,3.0,45.23857142857143,14.285714285714286,9.08,12.33
HH Pandya,435.0,697.0,13.0,42.458800000000004,28.9818,9.61,33.46,1018.0,1389.0,37.0,31.595408163265304,16.312551020408165,8.19,27.51,321.0,625.0,32.0,31.84583333333333,28.025625,11.68,10.03
V Sehwag,13.0,46.0,0.0,7.145,61.905,21.23,,102.0,139.0,4.0,36.45916666666667,18.750833333333333,8.18,25.5,22.0,50.0,2.0,20.835,33.332499999999996,13.64,11.0
A Ashish Reddy,6.0,20.0,0.0,33.33,66.67,20.0,,156.0,206.0,7.0,31.648823529411764,15.375882352941176,7.92,22.29,102.0,166.0,11.0,29.986153846153847,19.133076923076924,9.76,9.27
MF Maharoof,172.0,208.0,8.0,48.102,17.13,7.26,21.5,150.0,150.0,9.0,41.29600000000001,7.592666666666667,6.0,16.67,103.0,153.0,10.0,31.377142857142854,18.283571428571427,8.91,10.3
KW Richardson,168.0,186.0,9.0,51.11066666666667,18.332666666666668,6.64,18.67,54.0,75.0,1.0,22.916249999999998,16.6675,8.33,54.0,113.0,204.0,9.0,33.7176923076923,20.127692307692307,10.83,12.56
GJ Maxwell,258.0,365.0,11.0,37.625757575757575,21.21242424242424,8.49,23.45,702.0,932.0,27.0,30.737391304347828,15.35855072463768,7.97,26.0,62.0,93.0,3.0,20.0,15.001,9.0,20.67
TU Deshpande,525.0,770.0,17.0,43.76877551020408,26.465102040816326,8.8,30.88,224.0,376.0,9.0,22.785714285714285,24.41107142857143,10.07,24.89,361.0,668.0,29.0,29.669555555555554,26.980666666666668,11.1,12.45
AJ Tye,193.0,255.0,11.0,46.30615384615385,20.956153846153846,7.93,17.55,204.0,275.0,7.0,24.99923076923077,14.850769230769231,8.09,29.14,290.0,448.0,24.0,27.95,21.229285714285712,9.27,12.08
HF Gurney,66.0,62.0,2.0,44.446666666666665,6.943333333333334,5.64,33.0,42.0,61.0,1.0,18.334,18.334,8.71,42.0,55.0,110.0,4.0,25.595,33.92666666666667,12.0,13.75
AM Ghazanfar,60.0,107.0,7.0,39.582499999999996,30.21,10.7,8.57,138.0,204.0,4.0,23.231818181818184,16.92,8.87,34.5,35.0,73.0,4.0,44.445,36.11,12.51,8.75
P Parameswaran,37.0,65.0,2.0,46.666,28.334000000000003,10.54,18.5,79.0,95.0,2.0,42.511250000000004,15.67375,7.22,39.5,39.0,62.0,5.0,38.332,24.997999999999998,9.54,7.8
K Rabada,1090.0,1584.0,54.0,45.9146,22.3358,8.72,20.19,531.0,671.0,28.0,39.30671232876712,15.10054794520548,7.58,18.96,691.0,1095.0,69.0,36.25694117647059,21.899764705882355,9.51,10.01
DS Rathi,139.0,209.0,4.0,32.275555555555556,18.519444444444446,9.02,34.75,324.0,464.0,10.0,28.44173913043478,15.036521739130436,8.59,32.4,85.0,144.0,5.0,28.231428571428573,21.26071428571429,10.16,17.0
AS Roy,114.0,181.0,2.0,35.89769230769231,25.64076923076923,9.53,57.0,174.0,220.0,9.0,31.045882352941174,16.829411764705885,7.59,19.33,35.0,52.0,3.0,27.38,27.381428571428575,8.91,11.67
Bipul Sharma,74.0,76.0,4.0,47.5,15.834,6.16,18.5,318.0,406.0,11.0,28.258076923076924,12.446923076923078,7.66,28.91,34.0,84.0,1.0,31.668,36.668,14.82,34.0
M Ashwin,90.0,134.0,2.0,45.833333333333336,29.165833333333335,8.93,45.0,656.0,834.0,26.0,32.833414634146344,13.766341463414633,7.63,25.23,127.0,186.0,7.0,33.22095238095238,16.931428571428572,8.79,18.14
A Zampa,42.0,43.0,2.0,43.055,11.111666666666666,6.14,21.0,336.0,435.0,16.0,29.034761904761904,12.632857142857144,7.77,21.0,89.0,165.0,13.0,27.949230769230773,29.915384615384614,11.12,6.85
JR Hopes,18.0,26.0,1.0,55.55666666666667,27.776666666666667,8.67,18.0,234.0,316.0,7.0,38.15736842105263,16.959473684210526,8.1,33.43,108.0,211.0,6.0,20.513846153846153,26.28153846153846,11.72,18.0
KA Pollard,36.0,57.0,1.0,38.88833333333333,27.778333333333336,9.5,36.0,1118.0,1458.0,41.0,28.106145833333333,15.579583333333332,7.82,27.27,342.0,590.0,26.0,27.052075471698114,24.579811320754718,10.35,13.15
GD McGrath,222.0,214.0,8.0,59.52285714285714,14.286428571428571,5.78,27.75,24.0,28.0,1.0,41.666666666666664,16.666666666666668,7.0,24.0,79.0,120.0,3.0,24.883636363636366,18.70818181818182,9.11,26.33
YK Pathan,354.0,386.0,14.0,48.84222222222222,15.664722222222224,6.54,25.29,714.0,889.0,24.0,29.306,13.293857142857144,7.47,29.75,79.0,125.0,3.0,27.618571428571425,26.428571428571427,9.49,26.33
AS Joseph,108.0,176.0,2.0,51.666666666666664,27.778000000000002,9.78,54.0,199.0,306.0,7.0,34.1075,22.64,9.23,28.43,128.0,204.0,12.0,33.855000000000004,20.105,9.56,10.67
RV Gomez,,,,,,,,84.0,104.0,4.0,34.12571428571429,16.865714285714287,7.43,21.0,12.0,25.0,1.0,41.67,33.335,12.5,12.0
DJ Hooda,72.0,94.0,2.0,38.63636363636363,22.728181818181817,7.83,36.0,264.0,347.0,6.0,24.522068965517242,14.27344827586207,7.89,44.0,43.0,95.0,1.0,18.75,39.58375,13.26,43.0
Akash Madhwal,78.0,104.0,5.0,45.834,23.332,8.0,15.6,140.0,227.0,9.0,20.069285714285716,22.335714285714285,9.73,15.56,141.0,246.0,10.0,32.644,22.29866666666667,10.47,14.1
BW Hilfenhaus,241.0,249.0,12.0,58.52294117647059,15.359411764705882,6.2,20.08,36.0,53.0,3.0,33.333333333333336,16.668333333333333,8.83,12.0,98.0,180.0,7.0,31.717857142857145,29.422857142857143,11.02,14.0
Mukesh Kumar,367.0,573.0,11.0,41.50333333333334,28.347179487179485,9.37,33.36,179.0,272.0,13.0,31.062800000000003,21.1652,9.12,13.77,285.0,582.0,19.0,25.381515151515153,31.266363636363636,12.25,15.0
AB McDonald,42.0,63.0,3.0,33.333333333333336,19.445,9.0,14.0,114.0,147.0,5.0,27.467777777777776,14.66111111111111,7.74,22.8,30.0,51.0,3.0,31.25,27.0825,10.2,10.0
SK Raina,66.0,83.0,2.0,37.49875,13.54125,7.55,33.0,713.0,848.0,17.0,30.423728813559322,13.21593220338983,7.14,41.94,129.0,186.0,6.0,33.06809523809524,14.682857142857145,8.65,21.5
CH Gayle,120.0,152.0,3.0,44.659230769230774,16.45307692307692,7.6,40.0,283.0,336.0,6.0,30.217692307692307,12.5,7.12,47.17,154.0,221.0,9.0,32.320499999999996,18.448,8.61,17.11
RE van der Merwe,36.0,58.0,3.0,44.445,27.778333333333336,9.67,12.0,312.0,315.0,11.0,38.095238095238095,7.73904761904762,6.06,28.36,95.0,130.0,7.0,23.83,9.160909090909092,8.21,13.57
DT Christian,181.0,242.0,8.0,45.43625,21.0825,8.02,22.62,492.0,565.0,18.0,33.39234042553191,12.234893617021276,6.89,27.33,213.0,374.0,12.0,28.69448275862069,22.712413793103448,10.54,17.75
Noor Ahmad,60.0,94.0,2.0,39.999,25.0,9.4,30.0,890.0,1182.0,44.0,32.113725490196074,15.38607843137255,7.97,20.23,153.0,205.0,13.0,41.62863636363637,15.113636363636363,8.04,11.77
CJ Jordan,151.0,235.0,3.0,40.96272727272727,24.513636363636362,9.34,50.33,247.0,311.0,12.0,28.859655172413795,14.188965517241378,7.55,20.58,281.0,522.0,15.0,28.403448275862072,26.514137931034483,11.15,18.73
R Tewatia,12.0,15.0,0.0,41.665,16.67,7.5,,788.0,1027.0,27.0,30.19058823529412,16.609411764705882,7.82,29.19,45.0,54.0,4.0,44.94,10.120000000000001,7.2,11.25
E Malinga,144.0,227.0,5.0,34.80352941176471,24.020000000000003,9.46,28.8,186.0,241.0,13.0,37.30142857142857,15.476666666666667,7.77,14.31,156.0,256.0,15.0,32.28052631578947,28.859473684210528,9.85,10.4
Mohammad Nabi,168.0,179.0,7.0,46.11,13.890666666666668,6.39,24.0,228.0,310.0,6.0,30.49,15.608571428571427,8.16,38.0,21.0,35.0,2.0,16.666,27.334000000000003,10.0,10.5
Yuvraj Singh,,,,,,,,757.0,922.0,30.0,26.87388888888889,13.296805555555556,7.31,25.23,113.0,157.0,6.0,28.725882352941177,17.157647058823528,8.34,18.83
KMDN Kulasekara,66.0,77.0,3.0,54.444,19.446,7.0,22.0,6.0,8.0,0.0,16.67,16.67,8.0,,30.0,32.0,2.0,36.11,5.5566666666666675,6.4,15.0
HR Shokeen,54.0,66.0,2.0,55.555,25.0,7.33,27.0,146.0,219.0,2.0,29.993333333333336,18.078333333333333,9.0,73.0,6.0,24.0,1.0,33.33,66.67,24.0,6.0
AA Chavan,144.0,159.0,3.0,53.473333333333336,15.0475,6.62,48.0,90.0,140.0,2.0,34.999,18.335,9.33,45.0,14.0,32.0,3.0,33.333333333333336,44.44333333333333,13.71,4.67
CV Varun,385.0,504.0,15.0,41.68771929824561,19.111052631578946,7.85,25.67,1428.0,1762.0,76.0,35.21372340425532,14.074893617021276,7.4,18.79,329.0,479.0,19.0,36.72686274509804,17.974117647058826,8.74,17.32
WG Jacks,61.0,109.0,3.0,33.504285714285714,33.502857142857145,10.72,20.33,120.0,174.0,7.0,29.515,23.37833333333333,8.7,17.14,11.0,17.0,0.0,46.665,18.335,9.27,
B Lee,493.0,567.0,11.0,53.443684210526314,18.687105263157896,6.9,44.82,80.0,75.0,4.0,43.94833333333333,7.9375,5.62,20.0,315.0,444.0,10.0,33.56916666666667,15.483333333333333,8.46,31.5
PP Ojha,240.0,321.0,6.0,43.57085714285714,20.476857142857146,8.02,40.0,1375.0,1565.0,63.0,37.29359550561798,11.013595505617978,6.83,21.83,286.0,444.0,19.0,26.78595238095238,18.690714285714286,9.31,15.05
M Siddharth,75.0,92.0,2.0,51.126666666666665,18.05666666666667,7.36,37.5,90.0,144.0,4.0,23.01571428571429,16.665714285714284,9.6,22.5,24.0,42.0,3.0,29.1675,25.0,10.5,8.0
S Ladda,18.0,28.0,1.0,44.44333333333333,27.776666666666667,9.33,18.0,85.0,123.0,1.0,29.9125,17.065,8.68,85.0,36.0,72.0,3.0,36.668,28.332,12.0,12.0
S Dube,,,,,,,,114.0,202.0,3.0,23.958750000000002,21.353749999999998,10.63,38.0,40.0,73.0,3.0,23.332,25.0,10.95,13.33
Iqbal Abdulla,276.0,287.0,14.0,46.83931034482758,13.603103448275862,6.24,19.71,525.0,643.0,20.0,33.099545454545456,11.945227272727273,7.35,26.25,119.0,169.0,6.0,32.98,17.878666666666668,8.52,19.83
DE Bollinger,324.0,383.0,11.0,50.10259259259259,19.959629629629628,7.09,29.45,18.0,14.0,3.0,44.44333333333333,5.5566666666666675,4.67,6.0,236.0,291.0,23.0,41.472500000000004,12.60875,7.4,10.26
VY Mahesh,80.0,146.0,4.0,38.093333333333334,32.672222222222224,10.95,20.0,202.0,270.0,7.0,33.351875,15.899375000000001,8.02,28.86,64.0,81.0,10.0,41.232727272727274,27.814545454545456,7.59,6.4
CK Langeveldt,85.0,94.0,6.0,59.88857142857143,17.674285714285713,6.64,14.17,24.0,35.0,3.0,50.0025,12.5,8.75,8.0,48.0,62.0,4.0,30.55333333333333,15.276666666666666,7.75,12.0
Yash Thakur,121.0,201.0,8.0,47.99125,26.636875,9.97,15.12,161.0,249.0,5.0,28.780952380952378,18.212857142857143,9.28,32.2,190.0,354.0,14.0,29.463,24.215,11.18,13.57
P Awana,271.0,358.0,13.0,46.407407407407405,21.598148148148148,7.93,20.85,307.0,362.0,12.0,39.820344827586204,16.595862068965516,7.07,25.58,173.0,303.0,14.0,31.612,25.610799999999998,10.51,12.36
TS Mills,72.0,95.0,6.0,49.999,22.5,7.92,12.0,72.0,132.0,1.0,22.918750000000003,30.208750000000002,11.0,72.0,65.0,107.0,4.0,31.904285714285713,28.334285714285716,9.88,16.25
SB Wagh,90.0,118.0,4.0,54.5125,27.083750000000002,7.87,22.5,,,,,,,,12.0,23.0,1.0,8.335,16.665,11.5,12.0
J Theron,66.0,99.0,3.0,40.48714285714285,28.604285714285716,9.0,22.0,54.0,52.0,3.0,42.857142857142854,7.142857142857143,5.78,18.0,103.0,148.0,5.0,23.93111111111111,13.675555555555555,8.62,20.6
RJ Harris,427.0,457.0,14.0,59.39388888888888,17.653055555555554,6.42,30.5,132.0,159.0,6.0,39.582499999999996,16.145625,7.23,22.0,274.0,421.0,25.0,32.90354838709678,19.730967741935483,9.22,10.96
M Markande,,,,,,,,655.0,964.0,33.0,27.2,19.172,8.83,19.85,96.0,175.0,3.0,32.776666666666664,28.332666666666668,10.94,32.0
DJ Hussey,36.0,57.0,0.0,26.665999999999997,28.332,9.5,,228.0,308.0,6.0,28.20130434782609,13.768695652173914,8.11,38.0,53.0,113.0,2.0,32.77285714285714,30.391428571428573,12.79,26.5
S Tyagi,169.0,229.0,5.0,46.97461538461538,22.175384615384612,8.13,33.8,30.0,35.0,1.0,49.998000000000005,16.666,7.0,30.0,13.0,32.0,0.0,22.62,45.235,14.77,
UT Yadav,1458.0,1866.0,58.0,49.314469696969695,21.707121212121212,7.68,25.14,875.0,1178.0,34.0,33.63686868686869,20.171515151515152,8.08,25.74,747.0,1276.0,52.0,29.732674418604653,23.20511627906977,10.25,14.37
MM Ali,96.0,89.0,5.0,47.72818181818182,9.848181818181818,5.56,19.2,702.0,861.0,34.0,32.10963636363636,15.132727272727271,7.36,20.65,57.0,72.0,2.0,30.30272727272727,10.606363636363637,7.58,28.5
KH Pandya,559.0,729.0,17.0,39.44676056338028,19.51901408450704,7.82,32.88,1928.0,2320.0,70.0,29.179928571428572,12.093,7.22,27.54,217.0,303.0,18.0,35.10351351351351,19.81972972972973,8.38,12.06
SS Cottrell,84.0,96.0,4.0,56.01833333333334,22.685000000000002,6.86,21.0,18.0,19.0,0.0,33.333333333333336,5.5566666666666675,6.33,,18.0,47.0,2.0,25.0,54.165,15.67,9.0
SK Trivedi,129.0,191.0,6.0,48.87315789473684,25.187894736842104,8.88,21.5,1078.0,1243.0,39.0,32.33315068493151,12.407808219178081,6.92,27.64,308.0,455.0,20.0,32.306744186046515,17.00232558139535,8.86,15.4
AG Murtaza,78.0,51.0,2.0,62.03666666666667,5.555555555555555,3.92,39.0,162.0,213.0,7.0,35.60727272727273,17.93,7.89,23.14,24.0,49.0,0.0,16.6675,20.835,12.25,
M Kartik,181.0,209.0,7.0,48.323846153846155,19.551538461538463,6.93,25.86,819.0,961.0,18.0,33.94264150943396,11.376603773584906,7.04,45.5,154.0,206.0,6.0,19.098333333333333,12.848333333333334,8.03,25.67
SL Malinga,1117.0,1150.0,37.0,54.12760683760684,14.003333333333334,6.18,30.19,603.0,710.0,25.0,35.361358024691356,13.195308641975307,7.06,24.12,1125.0,1469.0,108.0,35.50438596491228,13.789824561403508,7.83,10.42
TM Dilshan,42.0,60.0,0.0,29.166666666666668,20.831666666666667,8.57,,204.0,272.0,4.0,27.958260869565216,18.417826086956524,8.0,51.0,25.0,31.0,1.0,30.953333333333333,13.096666666666666,7.44,25.0
RS Bopara,,,,,,,,164.0,215.0,9.0,34.722142857142856,14.58357142857143,7.87,18.22,42.0,70.0,2.0,28.334000000000003,21.668,10.0,21.0
JR Hazlewood,642.0,860.0,31.0,50.26634615384615,22.275384615384613,8.04,20.71,206.0,275.0,14.0,38.775,16.582857142857144,8.01,14.71,330.0,554.0,27.0,33.581,24.2875,10.07,12.22
Navdeep Saini,292.0,412.0,9.0,47.910666666666664,24.310666666666666,8.47,32.44,206.0,298.0,4.0,39.1504347826087,22.007826086956523,8.68,51.5,181.0,269.0,11.0,37.06727272727273,20.290454545454544,8.92,16.45
K Gowtham,270.0,388.0,9.0,38.427,26.758666666666667,8.62,30.0,294.0,375.0,11.0,31.12148148148148,13.992592592592594,7.65,26.73,24.0,51.0,0.0,29.165,25.0,12.75,
WD Parnell,374.0,455.0,16.0,50.83909090909091,17.715454545454545,7.3,23.38,120.0,139.0,3.0,34.721666666666664,14.352222222222224,6.95,40.0,235.0,324.0,16.0,35.48357142857143,20.422500000000003,8.27,14.69
Simarjeet Singh,127.0,207.0,5.0,43.70545454545454,30.069999999999997,9.78,25.4,79.0,126.0,5.0,40.32875,32.14375,9.57,15.8,36.0,60.0,1.0,30.002,25.0,10.0,36.0
T Natarajan,390.0,536.0,15.0,44.44450980392157,24.020196078431372,8.25,26.0,533.0,745.0,11.0,25.70311475409836,14.53311475409836,8.39,48.45,631.0,1048.0,48.0,29.245846153846156,22.900307692307692,9.97,13.15
IK Pathan,918.0,1054.0,28.0,56.634235294117644,22.418588235294116,6.89,32.79,636.0,817.0,24.0,34.31630769230769,16.880769230769232,7.71,26.5,490.0,761.0,28.0,29.2396875,18.49265625,9.32,17.5
MJ Santner,157.0,217.0,3.0,42.20727272727272,24.675454545454546,8.29,52.33,480.0,553.0,22.0,32.72029411764706,12.664411764705884,6.91,21.82,51.0,76.0,4.0,28.333,28.334000000000003,8.94,12.75
I Udana,54.0,101.0,2.0,29.76142857142857,33.33428571428571,11.22,27.0,60.0,85.0,3.0,24.305,20.13875,8.5,20.0,60.0,92.0,3.0,26.19142857142857,15.475714285714286,9.2,20.0
AC Thomas,181.0,192.0,7.0,56.12533333333333,16.168666666666667,6.36,25.86,24.0,27.0,3.0,41.667500000000004,8.335,6.75,8.0,112.0,187.0,4.0,17.617272727272727,16.764545454545456,10.02,28.0
A Nehra,1097.0,1347.0,40.0,49.79545454545455,21.115909090909092,7.37,27.42,288.0,347.0,12.0,36.458749999999995,14.959,7.23,24.0,532.0,779.0,54.0,34.68515625,16.8434375,8.79,9.85
CJ Anderson,71.0,117.0,2.0,45.20875,31.666249999999998,9.89,35.5,138.0,199.0,4.0,24.074666666666666,17.594,8.65,34.5,88.0,188.0,5.0,26.326363636363638,32.765454545454546,12.82,17.6
J Syed Mohammad,18.0,14.0,1.0,50.0,8.335,4.67,18.0,156.0,235.0,6.0,22.98090909090909,18.94090909090909,9.04,26.0,18.0,33.0,1.0,20.835,29.165,11.0,18.0
M Muralitharan,149.0,156.0,3.0,51.4285,15.596,6.28,49.67,1106.0,1181.0,39.0,40.68454545454545,10.283787878787878,6.41,28.36,275.0,366.0,22.0,39.39048780487805,16.09780487804878,7.99,12.5
MA Starc,682.0,989.0,26.0,46.12446428571428,23.729642857142856,8.7,26.23,163.0,206.0,13.0,34.47260869565218,17.391739130434782,7.58,12.54,358.0,523.0,37.0,34.34860465116279,20.32232558139535,8.77,9.68
A Mishra,140.0,171.0,6.0,47.18352941176471,22.33058823529412,7.33,23.33,2726.0,3151.0,125.0,35.56725,11.8254375,6.94,21.81,526.0,812.0,42.0,32.857236842105266,18.402236842105264,9.26,12.52
C Green,157.0,248.0,5.0,41.072,24.762999999999998,9.48,31.4,307.0,414.0,13.0,34.34451612903226,18.47225806451613,8.09,23.62,109.0,216.0,5.0,31.092352941176472,30.252941176470586,11.89,21.8
S Kaushik,18.0,40.0,0.0,45.835,41.665,13.33,,163.0,200.0,6.0,32.244,15.919,7.36,27.17,24.0,59.0,0.0,25.0,37.5,14.75,
Ashwani Kumar,36.0,66.0,4.0,38.334,30.0,11.0,9.0,103.0,154.0,8.0,28.8725,24.415,8.97,12.88,46.0,105.0,5.0,33.83166666666667,37.321666666666665,13.7,9.2
S Sandeep Warrier,140.0,208.0,8.0,47.315999999999995,27.877999999999997,8.91,17.5,30.0,43.0,0.0,16.666,13.334,8.6,,,,,,,,
BA Bhatt,96.0,115.0,4.0,41.666666666666664,17.361666666666668,7.19,24.0,137.0,190.0,6.0,30.964615384615385,15.501538461538463,8.32,22.83,64.0,96.0,2.0,24.074444444444445,21.03222222222222,9.0,32.0
KMA Paul,7.0,16.0,0.0,28.57,28.57,13.71,,111.0,133.0,5.0,32.86875,12.006250000000001,7.19,22.2,50.0,74.0,4.0,32.10285714285714,19.964285714285715,8.88,12.5
SMSM Senanayake,126.0,108.0,4.0,44.09625,10.764999999999999,5.14,31.5,42.0,66.0,3.0,26.39,13.888333333333334,9.43,14.0,24.0,34.0,2.0,29.1675,16.6675,8.5,12.0
N Thushara,97.0,141.0,7.0,44.07875,28.70875,8.72,13.86,18.0,31.0,0.0,25.0,25.0,10.33,,68.0,100.0,2.0,22.07,11.537142857142857,8.82,34.0
XC Bartlett,137.0,248.0,5.0,37.63,32.097692307692306,10.86,27.4,54.0,105.0,0.0,25.0,31.94333333333333,11.67,,71.0,122.0,2.0,24.375,26.25,10.31,35.5
Harmeet Singh,96.0,136.0,6.0,49.404999999999994,25.595,8.5,16.0,324.0,406.0,11.0,36.75192307692308,14.476153846153846,7.52,29.45,133.0,176.0,10.0,37.86705882352941,16.25588235294118,7.94,13.3
SB Styris,42.0,42.0,1.0,43.05833333333334,9.721666666666666,6.0,42.0,108.0,115.0,1.0,40.972,11.805,6.39,108.0,66.0,115.0,6.0,34.37375,26.041249999999998,10.45,11.0
SK Warne,36.0,58.0,1.0,33.333333333333336,25.0,9.67,36.0,942.0,1050.0,38.0,38.16833333333334,10.880555555555556,6.69,24.79,216.0,318.0,17.0,33.630714285714284,18.155714285714286,8.83,12.71
AD Mascarenhas,168.0,206.0,12.0,47.222307692307695,17.735384615384614,7.36,14.0,114.0,115.0,5.0,37.03666666666667,7.87,6.05,22.8,26.0,41.0,2.0,20.0,13.334,9.46,13.0
PVD Chameera,206.0,318.0,7.0,45.01842105263158,26.776842105263157,9.26,29.43,91.0,127.0,1.0,31.785833333333333,15.758333333333333,8.37,91.0,102.0,188.0,5.0,28.205384615384617,29.486923076923077,11.06,20.4
Kamran Khan,84.0,126.0,5.0,47.915,27.083750000000002,9.0,16.8,48.0,54.0,2.0,26.668,14.446000000000002,6.75,24.0,35.0,58.0,3.0,33.335,23.3325,9.94,11.67
R McLaren,150.0,212.0,4.0,49.074666666666666,24.814666666666668,8.48,37.5,120.0,176.0,3.0,27.136153846153846,20.299230769230768,8.8,40.0,87.0,151.0,5.0,25.59090909090909,24.016363636363636,10.41,17.4
CRD Fernando,78.0,86.0,7.0,53.70444444444445,15.741111111111113,6.62,11.14,74.0,81.0,5.0,49.60333333333333,12.435555555555556,6.57,14.8,86.0,128.0,5.0,36.68111111111111,18.305555555555557,8.93,17.2
Harsh Dubey,54.0,92.0,1.0,27.778333333333336,29.166666666666668,10.22,54.0,108.0,184.0,7.0,28.703333333333333,21.296666666666667,10.22,15.43,30.0,43.0,5.0,27.085,18.75,8.6,6.0
NLTC Perera,180.0,221.0,6.0,47.222,20.0,7.37,30.0,289.0,362.0,8.0,32.844,15.846666666666666,7.52,36.12,232.0,433.0,17.0,25.162,27.86733333333333,11.2,13.65
Y Venugopal Rao,42.0,67.0,1.0,40.47571428571428,26.189999999999998,9.57,42.0,150.0,210.0,4.0,22.396250000000002,19.27,8.4,37.5,24.0,53.0,1.0,19.44666666666667,36.11,13.25,24.0
NT Ellis,102.0,120.0,4.0,45.09882352941177,17.647058823529413,7.06,25.5,140.0,176.0,6.0,29.868666666666666,11.509333333333334,7.54,23.33,139.0,247.0,9.0,26.907857142857143,24.22214285714286,10.66,15.44
HV Patel,394.0,596.0,14.0,40.193898305084744,24.63728813559322,9.08,28.14,1267.0,1655.0,56.0,32.91469565217391,15.626,7.84,22.62,866.0,1396.0,81.0,33.495824175824175,22.396263736263737,9.67,10.69
Akash Singh,169.0,253.0,8.0,42.02333333333333,29.825,8.98,21.12,66.0,113.0,4.0,23.14888888888889,20.371111111111112,10.27,16.5,12.0,27.0,1.0,8.335,33.335,13.5,12.0
RD Chahar,72.0,94.0,3.0,50.0,22.727272727272727,7.83,24.0,1452.0,1857.0,58.0,33.5151282051282,14.697692307692309,7.67,25.03,171.0,230.0,14.0,32.691923076923075,14.14846153846154,8.07,12.21
I Sharma,1529.0,1858.0,57.0,52.16725663716814,20.76203539823009,7.29,26.82,437.0,630.0,17.0,31.494000000000003,16.262333333333334,8.65,25.71,476.0,841.0,22.0,28.71530303030303,23.650000000000002,10.6,21.64
CR Brathwaite,24.0,30.0,0.0,41.667500000000004,20.835,7.5,,177.0,251.0,7.0,27.55,18.5225,8.51,25.29,56.0,94.0,6.0,33.07,26.296666666666667,10.07,9.33
Gurkeerat Singh,12.0,19.0,0.0,25.0,25.0,9.5,,66.0,74.0,5.0,32.405,9.26,6.73,13.2,,,,,,,
M Theekshana,314.0,446.0,10.0,33.619696969696975,19.074848484848484,8.52,31.4,408.0,527.0,14.0,27.302285714285716,13.015714285714287,7.75,29.14,156.0,221.0,12.0,31.000799999999998,17.0004,8.5,13.0
Zeeshan Ansari,,,,,,,,181.0,281.0,6.0,23.487000000000002,17.939,9.31,30.17,23.0,48.0,0.0,18.334,46.666,12.52,
BB Sran,230.0,343.0,5.0,46.031363636363636,25.73045454545455,8.95,46.0,168.0,259.0,6.0,31.32,20.695,9.25,28.0,88.0,133.0,7.0,28.022307692307688,17.125384615384615,9.07,12.57
Lalit Yadav,96.0,153.0,2.0,36.112500000000004,23.611666666666668,9.56,48.0,168.0,229.0,7.0,27.457692307692305,15.597692307692306,8.18,24.0,25.0,43.0,1.0,28.572499999999998,23.810000000000002,10.32,25.0
Shakib Al Hasan,450.0,566.0,18.0,45.1108,18.3336,7.55,25.0,840.0,960.0,32.0,30.996666666666666,10.626984126984127,6.86,26.25,194.0,301.0,13.0,24.504285714285714,22.18035714285714,9.31,14.92
R Parag,12.0,16.0,1.0,33.335,16.67,8.0,12.0,294.0,454.0,8.0,21.684838709677418,20.07193548387097,9.27,36.75,13.0,29.0,0.0,5.5566666666666675,50.0,13.38,
CH Morris,686.0,857.0,22.0,50.80845070422535,19.84056338028169,7.5,31.18,396.0,501.0,16.0,39.67104166666667,16.551041666666666,7.59,24.75,649.0,935.0,58.0,31.144242424242425,16.860757575757575,8.64,11.19
LH Ferguson,299.0,447.0,19.0,43.542,25.4175,8.97,15.74,460.0,596.0,18.0,41.09127659574468,17.658936170212765,7.77,25.56,342.0,598.0,18.0,31.33452380952381,25.027380952380955,10.49,19.0
P Kumar,1573.0,1714.0,40.0,53.27991525423729,17.49110169491525,6.54,39.33,360.0,460.0,14.0,33.912083333333335,15.104999999999999,7.67,25.71,592.0,1024.0,36.0,26.276962025316458,23.565696202531647,10.38,16.44
Anand Rajan,42.0,43.0,0.0,55.553999999999995,21.11,6.14,,66.0,73.0,3.0,37.5,8.331666666666665,6.64,22.0,42.0,78.0,5.0,35.31666666666667,30.595,11.14,8.4
DL Chahar,1608.0,2106.0,72.0,46.301747572815536,22.8795145631068,7.86,22.33,259.0,345.0,8.0,29.13880952380952,14.62595238095238,7.99,32.38,208.0,338.0,16.0,25.837812500000002,23.42,9.75,13.0
B Laughlin,37.0,61.0,3.0,25.714,22.380000000000003,9.89,12.33,61.0,80.0,2.0,24.318571428571428,16.327142857142857,7.87,30.5,71.0,133.0,5.0,27.59714285714286,26.298571428571428,11.24,14.2
Mukesh Choudhary,331.0,490.0,17.0,47.60208333333333,26.00916666666667,8.88,19.47,72.0,101.0,4.0,34.848181818181814,20.456363636363637,8.42,18.0,81.0,161.0,4.0,20.139166666666668,25.695000000000004,11.93,20.25
Akash Deep,122.0,209.0,5.0,41.06461538461539,24.40692307692308,10.28,24.4,115.0,210.0,3.0,28.029090909090908,28.64363636363636,10.96,38.33,45.0,111.0,2.0,21.78625,39.52375,14.8,22.5
DJG Sammy,24.0,33.0,1.0,25.0,16.67,8.25,24.0,163.0,205.0,9.0,35.736875,18.63,7.55,18.11,51.0,109.0,1.0,16.666249999999998,35.565,12.82,51.0
S Nadeem,301.0,404.0,8.0,35.62026315789473,19.247105263157895,8.05,37.62,1003.0,1190.0,34.0,31.378461538461536,12.789384615384616,7.12,29.5,115.0,179.0,6.0,23.3335,17.834,9.34,19.17
Shoaib Ahmed,18.0,37.0,1.0,38.88666666666666,38.89,12.33,18.0,66.0,74.0,4.0,37.498333333333335,10.185,6.73,16.5,18.0,42.0,0.0,16.67,33.33,14.0,
DP Nannes,343.0,344.0,15.0,57.52620689655173,16.297241379310346,6.02,22.87,97.0,119.0,0.0,36.735,13.946428571428571,7.36,,210.0,305.0,13.0,36.60730769230769,17.41846153846154,8.71,16.15
YA Abdulla,84.0,98.0,7.0,55.833000000000006,22.5,7.0,12.0,67.0,90.0,2.0,33.83,22.37125,8.06,33.5,59.0,111.0,6.0,29.581249999999997,24.7925,11.29,9.83
TA Boult,1661.0,2022.0,72.0,51.714919354838706,20.808870967741935,7.3,23.07,378.0,545.0,16.0,25.00111111111111,17.90111111111111,8.65,23.62,747.0,1296.0,57.0,27.524343434343432,25.243131313131315,10.41,13.11
RR Powar,133.0,160.0,3.0,52.725,21.100625,7.22,44.33,270.0,318.0,7.0,32.985,12.038333333333334,7.07,38.57,24.0,35.0,2.0,41.67,13.89,8.75,12.0
MR Marsh,106.0,152.0,6.0,42.65785714285715,27.182142857142857,8.6,17.67,335.0,404.0,19.0,30.38,14.555666666666667,7.24,17.63,122.0,217.0,12.0,28.151764705882353,25.350588235294115,10.67,10.17
Yudhvir Singh,85.0,141.0,6.0,48.90375,31.54375,9.95,14.17,36.0,70.0,1.0,27.085,31.2475,11.67,36.0,18.0,36.0,1.0,16.67,20.835,12.0,18.0
AD Russell,413.0,562.0,23.0,44.63723404255319,23.906808510638296,8.16,17.96,815.0,1225.0,49.0,31.213764705882355,22.723882352941175,9.02,16.63,591.0,1045.0,51.0,34.768101265822786,25.21987341772152,10.61,11.59
BJ Hodge,36.0,54.0,0.0,44.44333333333333,19.445,9.0,,180.0,224.0,14.0,29.084705882352942,12.74470588235294,7.47,12.86,18.0,23.0,3.0,45.835,8.335,7.67,6.0
WPUJC Vaas,199.0,210.0,15.0,59.31923076923077,18.86923076923077,6.33,13.27,37.0,55.0,1.0,14.048000000000002,12.857999999999999,8.92,37.0,48.0,91.0,2.0,25.0,27.083750000000002,11.38,24.0
K Kartikeya,6.0,16.0,1.0,33.33,50.0,16.0,6.0,252.0,339.0,11.0,32.8125,16.059375,8.07,22.91,24.0,47.0,0.0,30.55666666666667,27.776666666666667,11.75,
Z Khan,1292.0,1428.0,52.0,51.723535353535354,17.26030303030303,6.63,24.85,302.0,413.0,13.0,29.470666666666666,16.666888888888888,8.21,23.23,608.0,930.0,37.0,29.232025316455694,17.830506329113927,9.18,16.43
RP Meredith,108.0,148.0,2.0,47.03733333333333,26.111333333333334,8.22,54.0,150.0,203.0,5.0,39.21470588235294,19.11764705882353,8.12,30.0,132.0,232.0,12.0,33.021764705882354,30.035882352941176,10.55,11.0
YS Chahal,405.0,534.0,17.0,42.2134,19.641,7.91,23.82,2968.0,3778.0,147.0,33.66386740331492,13.640662983425415,7.64,20.19,677.0,1050.0,65.0,29.35576923076923,16.856346153846154,9.31,10.42
Imran Tahir,54.0,83.0,3.0,25.926666666666666,24.074444444444445,9.22,18.0,942.0,1128.0,54.0,36.32655172413793,13.297931034482758,7.18,17.44,321.0,480.0,25.0,26.894090909090906,15.972954545454547,8.97,12.84
MA Wood,25.0,39.0,2.0,50.0,20.8325,9.36,12.5,42.0,38.0,2.0,55.0,6.668000000000001,5.43,21.0,54.0,109.0,7.0,41.664,30.0,12.11,7.71
BE Hendricks,60.0,100.0,1.0,32.14142857142857,25.0,10.0,60.0,37.0,51.0,2.0,29.526,14.048000000000002,8.27,18.5,54.0,78.0,6.0,41.666666666666664,18.055,8.67,9.0
A Choudhary,37.0,46.0,3.0,50.2975,25.2975,7.46,12.33,41.0,55.0,1.0,40.91,20.8325,8.05,41.0,24.0,37.0,1.0,22.223333333333333,19.44333333333333,9.25,24.0
A Symonds,114.0,105.0,4.0,58.92928571428571,11.905000000000001,5.53,28.5,331.0,427.0,11.0,35.617586206896554,13.722413793103447,7.74,30.09,83.0,145.0,5.0,28.030909090909095,23.637272727272727,10.48,16.6
Prince Yadav,139.0,194.0,6.0,49.22882352941176,22.41,8.37,23.17,174.0,228.0,9.0,34.868947368421054,15.05842105263158,7.86,19.33,137.0,247.0,4.0,26.0425,26.249375,10.82,34.25
Ramandeep Singh,,,,,,,,24.0,34.0,2.0,25.0,16.67,8.5,12.0,32.0,51.0,5.0,25.0,15.0,9.56,6.4
S Sreesanth,583.0,687.0,27.0,50.70477272727272,20.135,7.07,21.59,180.0,224.0,5.0,37.77333333333333,17.843333333333334,7.47,36.0,140.0,255.0,8.0,28.41478260869565,28.468695652173913,10.93,17.5
C de Grandhomme,12.0,11.0,0.0,58.335,16.665,5.5,,192.0,266.0,6.0,24.745,17.151666666666667,8.31,32.0,14.0,30.0,0.0,11.113333333333335,33.333333333333336,12.86,
N Rana,37.0,62.0,0.0,59.723333333333336,25.0,10.05,,156.0,231.0,8.0,24.242727272727276,20.076363636363638,8.88,19.5,23.0,26.0,2.0,22.22,13.333333333333334,6.78,11.5
Arshdeep Singh,997.0,1413.0,43.0,43.32655913978495,23.421505376344083,8.5,23.19,363.0,530.0,15.0,27.541636363636364,19.568,8.76,24.2,678.0,1081.0,53.0,30.82,22.97423076923077,9.57,12.79
Harshit Rana,296.0,469.0,16.0,46.236451612903224,26.66741935483871,9.51,18.5,199.0,303.0,10.0,30.218333333333334,23.672916666666666,9.14,19.9,158.0,249.0,14.0,37.98947368421052,21.019473684210528,9.46,11.29
Mohsin Khan,318.0,416.0,15.0,50.47862068965517,22.508275862068967,7.85,21.2,168.0,214.0,11.0,37.30142857142857,14.286666666666665,7.64,15.27,168.0,274.0,12.0,32.60913043478261,18.477391304347826,9.79,14.0
Suyash Sharma,18.0,22.0,3.0,41.665,16.67,7.33,6.0,690.0,1026.0,20.0,32.193333333333335,19.47974358974359,8.92,34.5,96.0,145.0,4.0,30.9525,18.869375,9.06,24.0
RR Raje,6.0,8.0,0.0,66.67,33.33,8.0,,96.0,134.0,5.0,28.395555555555557,20.98888888888889,8.38,19.2,38.0,64.0,1.0,33.658,15.475999999999999,10.11,38.0
Harpreet Brar,156.0,251.0,3.0,37.31913043478261,27.899130434782613,9.65,52.0,649.0,787.0,31.0,33.620222222222225,11.610444444444445,7.28,20.94,55.0,97.0,3.0,20.13875,30.555,10.58,18.33
PJ Sangwan,356.0,494.0,13.0,47.361891891891894,23.35945945945946,8.33,27.38,370.0,502.0,19.0,33.421,22.386000000000003,8.14,19.47,136.0,219.0,6.0,29.913157894736845,19.29842105263158,9.66,22.67
Basil Thampi,162.0,252.0,2.0,40.12388888888889,29.93777777777778,9.33,81.0,186.0,263.0,7.0,30.483157894736845,15.569999999999999,8.48,26.57,174.0,330.0,13.0,25.151,23.1235,11.38,13.38
STR Binny,157.0,191.0,5.0,44.372727272727275,17.47863636363636,7.3,31.4,378.0,460.0,14.0,31.635777777777776,14.97022222222222,7.3,27.0,60.0,96.0,3.0,14.585,17.708750000000002,9.6,20.0
SE Bond,90.0,93.0,4.0,47.917500000000004,15.625,6.2,22.5,42.0,42.0,3.0,47.223333333333336,9.723333333333334,6.0,14.0,54.0,84.0,2.0,26.043750000000003,19.7925,9.33,27.0
JP Duminy,162.0,203.0,3.0,43.7495,17.500999999999998,7.52,54.0,462.0,528.0,17.0,33.2319512195122,11.620000000000001,6.86,27.18,54.0,84.0,3.0,23.456666666666667,19.135555555555555,9.33,18.0
A Kumble,108.0,85.0,3.0,60.55533333333334,10.556666666666668,4.72,36.0,692.0,765.0,25.0,39.24261904761905,10.670238095238094,6.63,27.68,170.0,213.0,17.0,41.284285714285716,13.90392857142857,7.52,10.0
S Randiv,12.0,19.0,0.0,33.33,25.0,9.5,,144.0,171.0,3.0,34.20125,12.50125,7.12,48.0,18.0,27.0,3.0,33.33,16.666666666666668,9.0,6.0
Anureet Singh,163.0,196.0,7.0,48.29,21.260555555555555,7.21,23.29,125.0,188.0,2.0,25.904,19.396,9.02,62.5,131.0,237.0,9.0,26.525384615384613,28.46846153846154,10.85,14.56
SH Johnson,126.0,213.0,1.0,43.333,29.444,10.14,126.0,54.0,97.0,3.0,30.952857142857145,31.747142857142858,10.78,18.0,51.0,77.0,3.0,28.231428571428573,28.234285714285715,9.06,17.0
Umar Gul,39.0,39.0,4.0,60.553999999999995,14.443999999999999,6.0,9.75,55.0,65.0,4.0,49.571666666666665,13.675000000000002,7.09,13.75,47.0,82.0,4.0,25.954,31.427999999999997,10.47,11.75
KR Sen,42.0,64.0,2.0,38.88833333333333,23.61,9.14,21.0,139.0,184.0,8.0,38.02833333333333,20.270833333333332,7.94,17.38,62.0,135.0,4.0,28.532,33.671,13.06,15.5
KP Pietersen,18.0,14.0,1.0,66.67,12.5,4.67,18.0,132.0,155.0,4.0,29.8625,11.459166666666667,7.05,33.0,24.0,39.0,2.0,25.0,16.67,9.75,12.0
Shashank Singh,,,,,,,,72.0,95.0,4.0,22.57,13.89,7.92,18.0,18.0,43.0,1.0,22.223333333333333,38.88666666666666,14.33,18.0
AN Ahmed,138.0,177.0,3.0,49.65375,19.271250000000002,7.7,46.0,114.0,144.0,3.0,29.76214285714286,15.476428571428572,7.58,38.0,97.0,168.0,6.0,24.88,21.748181818181816,10.39,16.17
TG Southee,636.0,833.0,18.0,47.327547169811325,20.80735849056604,7.86,35.33,223.0,280.0,11.0,35.9669696969697,12.878787878787879,7.53,20.27,351.0,605.0,18.0,27.8825,22.226,10.34,19.5
R Bhatia,12.0,25.0,0.0,33.33,41.67,12.5,,1394.0,1672.0,52.0,28.160113636363636,11.981022727272727,7.2,26.81,232.0,330.0,19.0,26.955151515151513,15.282424242424241,8.53,12.21
SC Ganguly,18.0,31.0,0.0,33.333333333333336,22.22,10.33,,247.0,303.0,10.0,25.28,15.360555555555557,7.36,24.7,12.0,33.0,0.0,16.67,41.67,16.5,
R Sharma,90.0,101.0,2.0,41.026153846153846,14.103076923076923,6.73,45.0,684.0,764.0,30.0,37.94159090909091,11.20659090909091,6.7,22.8,154.0,228.0,8.0,29.167083333333334,18.055833333333336,8.88,19.25
KM Asif,42.0,68.0,3.0,54.167500000000004,29.17,9.71,14.0,67.0,90.0,4.0,27.10166666666667,15.633333333333333,8.06,16.75,26.0,64.0,0.0,12.382000000000001,29.048000000000002,14.77,
KA Jamieson,188.0,290.0,8.0,42.62133333333334,26.552666666666664,9.26,23.5,54.0,74.0,5.0,45.83125,20.83625,8.22,10.8,61.0,132.0,3.0,19.19625,33.78,12.98,20.33
Mujeeb Ur Rahman,140.0,167.0,5.0,45.33714285714286,17.062857142857144,7.16,28.0,234.0,289.0,10.0,28.93444444444444,12.191666666666666,7.41,23.4,72.0,137.0,5.0,33.33416666666667,26.39,11.42,14.4
A Mithun,68.0,102.0,1.0,42.19555555555556,22.75111111111111,9.0,68.0,151.0,212.0,2.0,26.353846153846156,16.200769230769232,8.42,75.5,78.0,148.0,4.0,29.544545454545457,29.545454545454547,11.38,19.5
MM Sharma,860.0,1154.0,36.0,44.50915662650603,22.837710843373493,8.05,23.89,740.0,959.0,35.0,30.774634146341462,15.296341463414633,7.78,21.14,813.0,1366.0,63.0,27.64629213483146,22.105505617977528,10.08,12.9
RP Singh,1006.0,1180.0,35.0,51.84914634146342,19.67719512195122,7.04,28.74,247.0,332.0,10.0,35.294117647058826,16.10705882352941,8.06,24.7,535.0,816.0,45.0,31.103174603174605,17.497777777777777,9.15,11.89
Shahid Afridi,25.0,26.0,1.0,46.427499999999995,16.072499999999998,6.24,25.0,120.0,149.0,6.0,35.835,15.276999999999997,7.45,20.0,36.0,58.0,2.0,30.002,16.668,9.67,18.0
DJ Bravo,229.0,290.0,10.0,48.0165625,20.0121875,7.6,22.9,1509.0,1850.0,58.0,34.65090909090909,13.665734265734265,7.36,26.02,1391.0,2123.0,115.0,31.433178294573644,19.842480620155037,9.16,12.1
LR Shukla,26.0,50.0,0.0,26.665999999999997,30.0,11.54,,210.0,275.0,6.0,37.2215,15.2095,7.86,35.0,80.0,117.0,9.0,38.840833333333336,18.245833333333334,8.78,8.89
PD Collingwood,,,,,,,,66.0,79.0,2.0,24.168,9.168000000000001,7.18,33.0,23.0,21.0,3.0,31.666666666666668,2.776666666666667,5.48,7.67
D Wiese,72.0,83.0,6.0,50.834,14.168000000000001,6.92,12.0,163.0,248.0,3.0,19.34733333333333,19.142666666666667,9.13,54.33,62.0,105.0,7.0,29.167,21.667,10.16,8.86
IC Pandey,265.0,308.0,11.0,57.99136363636364,23.45,6.97,24.09,162.0,230.0,5.0,32.353529411764704,20.915882352941175,8.52,32.4,37.0,66.0,2.0,29.761666666666667,24.605,10.7,18.5
Sakib Hussain,61.0,99.0,3.0,42.98888888888889,26.985555555555557,9.74,20.33,114.0,165.0,5.0,31.060000000000002,19.69818181818182,8.68,22.8,78.0,110.0,7.0,34.091818181818184,14.394545454545455,8.46,11.14
AF Milne,108.0,172.0,2.0,33.89,27.778,9.56,54.0,55.0,87.0,1.0,36.83833333333333,20.03833333333333,9.49,55.0,65.0,107.0,4.0,28.646250000000002,21.87375,9.88,16.25
OC McCoy,12.0,14.0,0.0,41.665,16.665,7.0,,86.0,133.0,3.0,24.44142857142857,20.18857142857143,9.28,28.67,65.0,91.0,8.0,35.415,29.166249999999998,8.4,8.12
R Shepherd,24.0,36.0,2.0,55.55666666666667,25.0,9.0,12.0,252.0,475.0,9.0,27.54625,30.150833333333335,11.31,28.0,85.0,185.0,6.0,27.417,33.5,13.06,14.17
M Morkel,916.0,1051.0,36.0,53.992714285714285,18.496142857142857,6.88,25.44,334.0,421.0,10.0,36.05377777777778,15.622888888888887,7.56,33.4,392.0,593.0,31.0,31.2856,19.2384,9.08,12.65
AD Mathews,126.0,182.0,6.0,42.98263157894737,24.122105263157895,8.67,21.0,511.0,664.0,12.0,26.776666666666664,15.428571428571429,7.8,42.58,155.0,225.0,9.0,27.53739130434783,17.753478260869564,8.71,17.22
AR Patel,696.0,908.0,21.0,39.32694736842105,18.976842105263156,7.83,33.14,2507.0,2977.0,96.0,32.24785714285714,11.818333333333333,7.12,26.11,382.0,550.0,22.0,32.68910714285714,15.874285714285715,8.64,17.36
KL Nagarkoti,30.0,44.0,0.0,39.582499999999996,25.0025,8.8,,120.0,181.0,4.0,24.167,20.0,9.05,30.0,30.0,57.0,1.0,31.2475,33.332499999999996,11.4,30.0
D Pretorius,,,,,,,,78.0,86.0,4.0,29.166666666666668,5.093333333333334,6.62,19.5,72.0,140.0,2.0,34.12571428571429,28.970000000000002,11.67,36.0
RG Sharma,50.0,64.0,2.0,47.91625,14.585,7.68,25.0,240.0,312.0,6.0,21.237916666666667,11.689583333333333,7.8,40.0,49.0,71.0,7.0,21.428571428571427,30.952857142857145,8.69,7.0
K Khejroliya,30.0,64.0,0.0,31.25,39.582499999999996,12.8,,92.0,143.0,3.0,28.569999999999997,21.23,9.33,30.67,33.0,66.0,3.0,14.360000000000003,16.82,12.0,11.0
DJ Willey,138.0,154.0,3.0,44.698181818181816,18.181818181818183,6.7,46.0,42.0,58.0,2.0,21.43,16.667142857142856,8.29,21.0,36.0,60.0,1.0,35.0,21.668,10.0,36.0
Avesh Khan,606.0,962.0,22.0,40.12154929577465,29.08507042253521,9.52,27.55,512.0,704.0,27.0,36.51982456140351,16.78298245614035,8.25,18.96,653.0,1030.0,45.0,30.746619718309862,20.357746478873242,9.46,14.51
V Shankar,10.0,13.0,0.0,41.665,12.5,7.8,,187.0,255.0,7.0,30.884210526315787,20.737894736842104,8.18,26.71,46.0,60.0,2.0,35.36333333333334,16.56,7.83,23.0
JDS Neesham,36.0,66.0,1.0,50.0,36.668,11.0,36.0,168.0,230.0,7.0,26.968333333333334,17.476666666666667,8.21,24.0,12.0,40.0,0.0,0.0,58.33,20.0,
Mohammed Siraj,1465.0,1985.0,60.0,49.37373913043478,23.46878260869565,8.13,24.42,469.0,588.0,21.0,39.03693548387097,14.644193548387097,7.52,22.33,746.0,1245.0,47.0,34.612929292929294,24.041111111111114,10.01,15.87
A Nortje,448.0,619.0,22.0,47.58978723404255,24.781276595744682,8.29,20.36,238.0,333.0,12.0,37.65,17.94181818181818,8.39,19.83,442.0,731.0,27.0,34.462978723404255,21.326808510638298,9.92,16.37
NM Coulter-Nile,364.0,426.0,15.0,51.597647058823526,19.558823529411764,7.02,24.27,249.0,281.0,11.0,41.76241379310345,16.09241379310345,6.77,22.64,253.0,390.0,22.0,34.64241379310345,22.53103448275862,9.25,11.5
DR Sams,181.0,203.0,8.0,49.33125,16.974375000000002,6.73,22.62,114.0,145.0,5.0,35.25692307692308,14.743846153846155,7.63,22.8,67.0,148.0,1.0,22.728181818181817,30.520000000000003,13.25,67.0
S Kaul,348.0,525.0,12.0,38.58717391304348,24.638695652173915,9.05,29.0,448.0,604.0,16.0,32.332244897959185,16.04591836734694,8.09,28.0,419.0,616.0,30.0,28.195714285714285,18.05979591836735,8.82,13.97
JJ Bumrah,1299.0,1475.0,43.0,51.11833333333333,16.369799999999998,6.81,30.21,952.0,1037.0,45.0,41.47888888888889,10.929206349206348,6.54,21.16,1442.0,1951.0,102.0,34.14425531914894,15.389929078014184,8.12,14.14
BA Stokes,187.0,286.0,8.0,42.092962962962964,27.19037037037037,9.18,23.38,300.0,373.0,6.0,33.93709677419355,14.350322580645162,7.46,50.0,206.0,332.0,14.0,34.208800000000004,18.1624,9.67,14.71
IS Sodhi,12.0,17.0,2.0,66.67,25.0,8.5,6.0,162.0,178.0,7.0,34.54875,7.29125,6.59,23.14,7.0,8.0,0.0,33.335,50.0,6.86,
Ravi Bishnoi,138.0,193.0,5.0,44.92695652173913,22.46391304347826,8.39,27.6,1391.0,1851.0,56.0,31.467857142857145,16.88142857142857,7.98,24.84,266.0,413.0,21.0,38.91878048780488,22.106585365853658,9.32,12.67
SJ Srivastava,132.0,193.0,5.0,41.66615384615385,26.28153846153846,8.77,26.4,96.0,137.0,4.0,31.817272727272726,18.94,8.56,24.0,55.0,83.0,5.0,35.7125,23.956249999999997,9.05,11.0
C Sakariya,198.0,218.0,6.0,44.298421052631575,14.474210526315789,6.61,33.0,122.0,179.0,6.0,25.0,18.612000000000002,8.8,20.33,129.0,220.0,8.0,23.316666666666666,20.465333333333334,10.23,16.12
RA Jadeja,145.0,197.0,6.0,39.411578947368426,19.173684210526318,8.15,24.17,3587.0,4467.0,144.0,30.991294642857145,13.694999999999999,7.47,24.91,529.0,772.0,29.0,32.376,16.519,8.76,18.24
SP Narine,999.0,1134.0,31.0,48.404326241134754,16.39127659574468,6.81,32.23,2559.0,2819.0,94.0,36.984336734693876,9.460051020408164,6.61,27.22,1108.0,1337.0,84.0,39.77549295774648,12.865211267605634,7.24,13.19
CR Woakes,162.0,242.0,6.0,41.828823529411764,27.124117647058824,8.96,27.0,120.0,130.0,8.0,36.325384615384614,14.743846153846155,6.5,15.0,159.0,280.0,16.0,31.731052631578947,24.20736842105263,10.57,9.94
DR Smith,66.0,121.0,5.0,39.39363636363636,34.848181818181814,11.0,13.2,405.0,534.0,15.0,31.41425,17.554499999999997,7.91,27.0,72.0,151.0,6.0,27.65833333333333,33.214166666666664,12.58,12.0
JO Holder,362.0,525.0,9.0,41.417692307692306,23.21974358974359,8.7,40.22,533.0,674.0,28.0,32.00411764705883,14.894705882352941,7.59,19.04,334.0,522.0,33.0,30.921463414634147,19.0790243902439,9.38,10.12
J Suchith,72.0,100.0,3.0,40.739999999999995,21.295555555555556,8.33,24.0,336.0,460.0,15.0,31.180500000000002,17.430500000000002,8.21,22.4,12.0,27.0,1.0,33.33,33.335,13.5,12.0
PJ Cummins,787.0,1147.0,31.0,42.81368421052632,24.435394736842103,8.74,25.39,536.0,681.0,29.0,34.79234375,14.403125000000001,7.62,18.48,490.0,822.0,27.0,29.378888888888888,22.220317460317464,10.07,18.15
MN Samuels,78.0,79.0,2.0,47.22222222222222,14.814444444444442,6.08,39.0,84.0,113.0,2.0,33.334,16.667,8.07,42.0,52.0,87.0,5.0,26.19142857142857,21.43,10.04,10.4
L Ngidi,246.0,321.0,13.0,47.222307692307695,21.367692307692305,7.83,18.92,126.0,166.0,7.0,34.41277777777778,15.895555555555555,7.9,18.0,250.0,373.0,22.0,36.63923076923077,17.610384615384614,8.95,11.36
PP Hinge,66.0,122.0,6.0,42.46,40.478571428571435,11.09,11.0,38.0,82.0,3.0,26.996,29.818,12.95,12.67,55.0,94.0,5.0,39.455714285714286,21.43,10.25,11.0
BCJ Cutting,42.0,66.0,0.0,25.0,25.0,9.43,,163.0,212.0,8.0,29.86125,16.841250000000002,7.8,20.38,76.0,145.0,2.0,19.833,28.833,11.45,38.0
Rasikh Salam,158.0,238.0,5.0,39.946666666666665,28.571111111111108,9.04,31.6,188.0,311.0,11.0,25.5955,22.143,9.93,17.09,146.0,245.0,13.0,32.93222222222222,23.33388888888889,10.07,11.23
Karanveer Singh,12.0,26.0,0.0,50.0,41.67,13.0,,168.0,237.0,8.0,32.09888888888889,16.204444444444444,8.46,21.0,24.0,51.0,4.0,37.5,29.1675,12.75,6.0
R Vinay Kumar,757.0,917.0,30.0,46.125263157894736,18.248947368421053,7.27,25.23,715.0,923.0,28.0,36.74358208955224,16.284925373134328,7.75,25.54,666.0,1151.0,47.0,27.072000000000003,23.29375,10.37,14.17
AM Salvi,66.0,78.0,1.0,42.06285714285714,19.048571428571428,7.09,66.0,54.0,72.0,4.0,42.06285714285714,18.252857142857142,8.0,13.5,30.0,45.0,2.0,12.502500000000001,12.502500000000001,9.0,15.0
Kuldeep Yadav,60.0,79.0,0.0,33.333333333333336,15.741111111111113,7.9,,1859.0,2527.0,82.0,29.342075471698116,15.27556603773585,8.16,22.67,370.0,526.0,29.0,32.341249999999995,16.121607142857144,8.53,12.76
M Prasidh Krishna,631.0,842.0,18.0,46.9157627118644,23.192881355932204,8.01,35.06,560.0,752.0,31.0,38.62586206896552,18.490172413793104,8.06,18.06,565.0,965.0,42.0,33.615970149253734,26.866716417910446,10.25,13.45
R Ashwin,1253.0,1456.0,48.0,41.06709219858156,16.278794326241133,6.97,26.1,2859.0,3279.0,99.0,32.461948717948715,10.243435897435898,6.88,28.88,602.0,796.0,36.0,31.706067415730338,12.240674157303372,7.93,16.72
Azhar Mahmood,144.0,155.0,6.0,46.56882352941176,13.398235294117645,6.46,24.0,187.0,202.0,6.0,41.984500000000004,12.8195,6.48,31.17,211.0,336.0,17.0,29.51304347826087,23.864347826086956,9.55,12.41
M Ntini,158.0,182.0,5.0,56.21111111111111,17.283333333333335,6.91,31.6,18.0,22.0,0.0,44.446666666666665,16.666666666666668,7.33,,36.0,51.0,2.0,33.33166666666667,19.445,8.5,18.0
P Amarnath,6.0,12.0,0.0,50.0,50.0,12.0,,108.0,189.0,6.0,25.0,25.0,10.5,18.0,18.0,40.0,1.0,22.223333333333333,33.336666666666666,13.33,18.0
SM Curran,571.0,777.0,11.0,41.53036363636364,22.84345454545455,8.16,51.91,295.0,505.0,14.0,25.66542857142857,25.280285714285714,10.27,21.07,394.0,729.0,34.0,24.776382978723404,25.994468085106384,11.1,11.59
Yash Raj Punja,6.0,12.0,0.0,33.33,33.33,12.0,,156.0,244.0,8.0,27.43,20.14,9.38,19.5,18.0,19.0,1.0,22.223333333333333,5.5566666666666675,6.33,18.0
Brijesh Sharma,73.0,125.0,1.0,36.786,30.357999999999997,10.27,73.0,108.0,150.0,5.0,23.486363636363638,17.170909090909092,8.33,21.6,96.0,156.0,8.0,35.32833333333333,23.77,9.75,12.0
J Botha,192.0,251.0,4.0,42.777,17.084,7.84,48.0,396.0,412.0,13.0,36.78354838709677,11.111290322580645,6.24,30.46,106.0,136.0,8.0,33.332,13.333333333333334,7.7,13.25
B Akhil,6.0,12.0,0.0,16.67,33.33,12.0,,132.0,136.0,4.0,37.625454545454545,9.596363636363636,6.18,33.0,51.0,93.0,2.0,29.099999999999998,26.984444444444446,10.94,25.5
GC Viljoen,36.0,54.0,2.0,35.001999999999995,23.334,9.0,18.0,60.0,74.0,3.0,38.332,12.780000000000001,7.4,20.0,42.0,89.0,2.0,31.2475,35.415,12.71,21.0
M Pathirana,8.0,7.0,0.0,50.0,12.5,5.25,,301.0,361.0,14.0,36.42125,13.7278125,7.2,21.5,403.0,583.0,33.0,34.4753125,21.2425,8.68,12.21
J Yadav,164.0,204.0,3.0,41.189375,17.173125,7.46,54.67,210.0,216.0,4.0,35.647777777777776,7.79388888888889,6.17,52.5,18.0,21.0,1.0,44.44333333333333,16.666666666666668,7.0,18.0
L Balaji,451.0,513.0,15.0,53.34,18.766666666666666,6.82,30.07,560.0,640.0,28.0,37.27660714285714,12.078571428571427,6.86,20.0,505.0,858.0,33.0,28.483103448275862,21.359827586206894,10.19,15.3
N Burger,216.0,351.0,11.0,47.54941176470589,24.836470588235297,9.75,19.64,84.0,146.0,4.0,31.944166666666664,25.69333333333333,10.43,21.0,64.0,81.0,6.0,47.83636363636364,16.450909090909093,7.59,10.67
JL Pattinson,102.0,144.0,4.0,37.5,23.335,8.47,25.5,72.0,109.0,3.0,27.500999999999998,19.999000000000002,9.08,24.0,39.0,59.0,4.0,39.58375,25.0,9.08,9.75
JEC Franklin,12.0,20.0,1.0,25.0,8.335,10.0,12.0,117.0,161.0,5.0,22.910666666666668,23.915333333333333,8.26,23.4,24.0,42.0,3.0,27.776666666666667,25.0,10.5,8.0
SN Thakur,725.0,1124.0,29.0,39.00152941176471,27.070117647058822,9.3,25.0,734.0,989.0,35.0,34.27772151898734,17.402405063291138,8.08,20.97,756.0,1292.0,56.0,29.98590909090909,23.662954545454546,10.25,13.5
Harbhajan Singh,775.0,909.0,30.0,50.188024691358024,17.719012345679012,7.04,25.83,2370.0,2721.0,91.0,33.68986842105263,11.92467105263158,6.89,26.04,275.0,373.0,25.0,35.34595238095238,15.023333333333333,8.14,11.0
C Bosch,18.0,31.0,2.0,50.00333333333333,27.776666666666667,10.33,9.0,98.0,134.0,6.0,40.02625,18.341250000000002,8.2,16.33,49.0,82.0,5.0,47.02333333333333,27.381666666666664,10.04,9.8
VG Arora,547.0,805.0,22.0,41.19785714285714,25.238095238095237,8.83,24.86,103.0,189.0,6.0,25.745,30.13375,11.01,17.17,226.0,375.0,19.0,31.732666666666667,22.658,9.96,11.89
Abhishek Sharma,84.0,126.0,0.0,31.06,21.970000000000002,9.0,,259.0,364.0,10.0,26.923846153846153,18.070769230769233,8.43,25.9,23.0,59.0,1.0,13.335,38.332499999999996,15.39,23.0
Rashid Khan,361.0,471.0,15.0,41.619482758620684,16.57155172413793,7.83,24.07,2552.0,2938.0,121.0,36.12776315789474,12.080526315789474,6.91,21.09,630.0,915.0,43.0,36.684673913043476,17.84413043478261,8.71,14.65
GB Hogg,48.0,53.0,4.0,58.335,15.280000000000001,6.62,12.0,318.0,394.0,12.0,31.8065,15.0,7.43,26.5,93.0,121.0,7.0,42.778,16.905333333333335,7.81,13.29
DL Vettori,90.0,97.0,2.0,41.66583333333333,15.972500000000002,6.47,45.0,522.0,567.0,19.0,36.35647058823529,11.520294117647058,6.52,27.47,165.0,222.0,7.0,29.001199999999997,17.868000000000002,8.07,23.57
JP Faulkner,371.0,480.0,16.0,43.95622222222222,20.438222222222223,7.76,23.19,401.0,540.0,13.0,32.54212765957447,15.503829787234045,8.08,30.85,471.0,779.0,32.0,30.078571428571426,19.198163265306125,9.92,14.72
AB Agarkar,180.0,280.0,6.0,46.3336,28.3328,9.33,30.0,421.0,554.0,16.0,33.28315789473684,16.78236842105263,7.9,26.31,183.0,303.0,7.0,28.778695652173912,18.47869565217391,9.93,26.14
MM Patel,661.0,775.0,29.0,53.933389830508474,19.425593220338985,7.03,22.79,397.0,406.0,22.0,41.641627906976744,11.434418604651164,6.14,18.05,308.0,535.0,23.0,28.863902439024393,24.868536585365852,10.42,13.39
Vijaykumar Vyshak,78.0,145.0,2.0,34.613846153846154,29.48846153846154,11.15,39.0,319.0,488.0,13.0,25.785999999999998,19.5048,9.18,24.54,125.0,245.0,11.0,32.2025,27.441000000000003,11.76,11.36
M de Lange,61.0,74.0,2.0,47.368,24.824,7.28,30.5,18.0,28.0,1.0,20.835,20.83,9.33,18.0,31.0,59.0,2.0,21.725,29.165,11.42,15.5
MG Johnson,626.0,801.0,26.0,48.86769230769231,21.45019230769231,7.68,24.08,312.0,399.0,7.0,37.66926829268293,15.989756097560976,7.67,44.57,306.0,474.0,29.0,39.906,22.108,9.29,10.55
Pankaj Singh,150.0,190.0,8.0,49.25866666666666,23.519333333333336,7.6,18.75,102.0,160.0,2.0,31.0175,23.609166666666667,9.41,51.0,49.0,108.0,1.0,16.6675,30.3575,13.22,49.0
R Dhawan,156.0,217.0,5.0,44.753888888888895,18.673333333333332,8.35,31.2,417.0,510.0,16.0,32.209666666666664,12.581,7.34,26.06,92.0,158.0,4.0,21.666666666666668,17.22266666666667,10.3,23.0
A Singh,265.0,293.0,11.0,47.873333333333335,16.534285714285716,6.63,24.09,48.0,59.0,1.0,41.667142857142856,15.477142857142857,7.38,48.0,161.0,271.0,16.0,32.234500000000004,19.735,10.1,10.06
JH Kallis,518.0,617.0,18.0,45.03803571428572,19.544107142857143,7.15,28.78,869.0,1059.0,23.0,33.11232876712329,14.540000000000001,7.31,37.78,364.0,610.0,24.0,27.486,24.428,10.05,15.17
Sandeep Sharma,1751.0,2057.0,64.0,47.635693430656936,18.905401459854016,7.05,27.36,630.0,826.0,24.0,28.436184210526317,14.583815789473686,7.87,26.25,795.0,1356.0,63.0,25.547474747474745,22.61050505050505,10.23,12.62
JE Taylor,49.0,49.0,0.0,49.104,13.334,6.0,,18.0,20.0,0.0,55.55666666666667,11.113333333333335,6.67,,51.0,94.0,6.0,41.666,22.776,11.06,8.5
MC Henriques,203.0,273.0,9.0,44.00541666666667,22.593333333333334,8.07,22.56,650.0,843.0,28.0,28.41862745098039,17.51372549019608,7.78,23.21,98.0,154.0,5.0,25.521250000000002,29.68875,9.43,19.6
Mustafizur Rahman,463.0,548.0,14.0,44.56415094339623,17.430188679245283,7.1,33.07,326.0,415.0,16.0,33.60414634146341,17.818292682926828,7.64,20.38,583.0,865.0,35.0,33.72157894736842,19.215087719298246,8.9,16.66
SW Tait,231.0,262.0,7.0,52.476190476190474,17.56952380952381,6.81,33.0,98.0,135.0,3.0,46.409285714285716,16.91,8.27,32.67,153.0,202.0,13.0,40.81666666666667,16.77277777777778,7.92,11.77
AB Dinda,817.0,963.0,33.0,52.13308823529412,19.65720588235294,7.07,24.76,298.0,314.0,10.0,39.655833333333334,11.32611111111111,6.32,29.8,415.0,754.0,26.0,26.360980392156865,26.033137254901963,10.9,15.96
VRV Singh,79.0,134.0,1.0,44.04750000000001,30.853333333333335,10.18,79.0,175.0,246.0,4.0,27.976875,20.858125,8.43,43.75,110.0,162.0,7.0,29.420714285714286,16.58214285714286,8.84,15.71
JD Ryder,6.0,7.0,0.0,50.0,16.67,7.0,,204.0,245.0,7.0,33.0725,15.45125,7.21,29.14,26.0,56.0,1.0,23.334,40.0,12.92,26.0
DW Steyn,1144.0,1165.0,34.0,55.235894736842106,16.628526315789475,6.11,33.65,408.0,441.0,13.0,45.02929824561404,14.035263157894736,6.49,31.38,637.0,867.0,50.0,37.50345679012346,16.03827160493827,8.17,12.74
A Chandila,144.0,139.0,10.0,46.29583333333333,14.814166666666665,5.79,14.4,84.0,100.0,1.0,38.195,13.54125,7.14,84.0,6.0,6.0,0.0,16.67,0.0,6.0,
FH Edwards,78.0,57.0,3.0,64.815,11.111666666666666,4.38,26.0,12.0,14.0,0.0,50.0,16.665,7.0,,51.0,80.0,2.0,36.085,23.28333333333333,9.41,25.5
JA Duffy,79.0,154.0,6.0,42.76500000000001,35.77,11.7,13.17,54.0,70.0,3.0,32.775999999999996,15.002,7.78,18.0,12.0,31.0,0.0,33.335,41.665,15.5,
Ankit Sharma,144.0,150.0,6.0,44.61875,15.625,6.25,24.0,198.0,243.0,6.0,33.65941176470589,10.621176470588235,7.36,33.0,25.0,46.0,0.0,20.0,33.332,11.04,
VR Aaron,388.0,545.0,14.0,47.12725,22.07925,8.43,27.71,403.0,526.0,15.0,38.87886363636364,19.085,7.83,26.87,211.0,384.0,15.0,32.955333333333336,27.72533333333333,10.92,14.07
AK Markram,42.0,57.0,1.0,41.665,20.833333333333332,8.14,42.0,169.0,267.0,5.0,21.7,19.100526315789473,9.48,33.8,13.0,28.0,0.0,6.666666666666667,40.0,12.92,
G Coetzee,67.0,110.0,3.0,44.495,31.10125,9.85,22.33,108.0,182.0,5.0,36.11153846153846,27.135384615384616,10.11,21.6,99.0,172.0,7.0,32.69230769230769,25.64076923076923,10.42,14.14
PC Valthaty,,,,,,,,132.0,171.0,5.0,28.242222222222225,18.981111111111108,7.77,26.4,19.0,30.0,2.0,22.22,11.113333333333335,9.47,9.5
B Kumar,2548.0,2746.0,97.0,54.83014634146342,16.692829268292684,6.47,26.27,453.0,638.0,11.0,26.569850746268656,18.51358208955224,8.45,41.18,1612.0,2469.0,118.0,28.367514792899406,19.182426035502957,9.19,13.66
Mohammed Shami,1661.0,2089.0,60.0,50.16144,21.79872,7.55,27.68,535.0,751.0,17.0,31.604857142857146,18.41314285714286,8.42,31.47,733.0,1305.0,68.0,28.200108695652172,25.28336956521739,10.68,10.78
M Jansen,516.0,752.0,19.0,46.689574468085105,24.681063829787234,8.74,27.16,339.0,529.0,13.0,29.406923076923075,20.452051282051283,9.36,26.08,172.0,320.0,13.0,29.533076923076923,25.618076923076924,11.16,13.23
MJ McClenaghan,656.0,835.0,31.0,47.870909090909095,20.706,7.64,21.16,253.0,360.0,8.0,36.71771428571428,20.89057142857143,8.54,31.62,374.0,576.0,32.0,33.08468085106383,20.036382978723406,9.24,11.69
P Negi,42.0,64.0,2.0,41.668,30.002,9.14,21.0,594.0,726.0,24.0,34.46631578947368,13.268684210526317,7.33,24.75,80.0,147.0,8.0,29.166428571428572,23.215,11.02,10.0
JDP Oram,108.0,168.0,3.0,42.284444444444446,20.371111111111112,9.33,36.0,54.0,77.0,1.0,33.33166666666667,19.44666666666667,8.56,54.0,76.0,111.0,5.0,31.334000000000003,18.5,8.76,15.2
RJW Topley,60.0,90.0,2.0,41.665,30.554999999999996,9.0,30.0,30.0,59.0,1.0,33.332,33.334,11.8,30.0,30.0,68.0,2.0,22.223333333333333,30.55666666666667,13.6,15.0
S Narwal,66.0,103.0,3.0,40.0,30.556,9.36,22.0,22.0,34.0,0.0,21.875,26.04,9.27,,18.0,59.0,2.0,16.666666666666668,44.44333333333333,19.67,9.0
AS Rajpoot,273.0,406.0,9.0,45.406190476190474,26.333809523809524,8.92,30.33,161.0,208.0,6.0,41.39875,22.316875,7.75,26.83,105.0,198.0,9.0,19.683333333333334,25.715333333333334,11.31,11.67
JC Archer,753.0,896.0,37.0,55.18897058823529,19.431470588235292,7.14,20.35,273.0,316.0,15.0,43.54175,13.80975,6.95,18.2,563.0,920.0,32.0,30.992622950819673,23.45,9.8,17.59
V Pratap Singh,96.0,136.0,3.0,43.4025,25.69375,8.5,32.0,66.0,87.0,2.0,30.157142857142855,16.667142857142856,7.91,33.0,42.0,70.0,5.0,19.445,23.611666666666668,10.0,8.4
SR Watson,836.0,979.0,34.0,49.76101123595505,19.58674157303371,7.03,24.59,618.0,750.0,16.0,34.27239436619718,14.456901408450705,7.28,38.62,588.0,915.0,42.0,33.152361111111105,22.33111111111111,9.34,14.0
TK Curran,42.0,65.0,1.0,45.23857142857143,26.189999999999998,9.29,42.0,86.0,129.0,5.0,20.634999999999998,25.834000000000003,9.0,17.2,113.0,227.0,7.0,16.91,30.41727272727273,12.05,16.14
JP Behrendorff,240.0,332.0,11.0,44.77,21.40529411764706,8.3,21.82,66.0,95.0,3.0,25.833,18.333,8.64,22.0,60.0,119.0,5.0,30.2075,33.33375,11.9,12.0
Fazalhaq Farooqi,132.0,191.0,3.0,41.6675,25.001666666666665,8.68,44.0,72.0,115.0,2.0,29.168,25.000999999999998,9.58,36.0,50.0,122.0,1.0,13.54125,36.45875,14.64,50.0
Joginder Sharma,26.0,46.0,0.0,41.57333333333333,32.663333333333334,10.62,,183.0,260.0,10.0,26.58857142857143,17.830714285714286,8.52,18.3,54.0,105.0,2.0,25.235714285714288,28.808571428571433,11.67,27.0
V Nigam,55.0,81.0,3.0,47.08888888888889,25.395555555555557,8.84,18.33,201.0,353.0,7.0,21.94235294117647,25.654117647058825,10.54,28.71,37.0,35.0,2.0,34.775,6.090000000000001,5.68,18.5
Sohail Tanvir,132.0,129.0,6.0,59.84818181818182,16.666363636363638,5.86,22.0,12.0,8.0,0.0,58.33,8.335,4.0,,104.0,119.0,16.0,49.892,8.825,6.87,6.5
MS Gony,488.0,705.0,18.0,43.95638888888889,26.096666666666668,8.67,27.11,283.0,369.0,12.0,35.008620689655174,16.106206896551726,7.82,23.58,122.0,211.0,7.0,31.88470588235294,22.016470588235293,10.38,17.43
S Lamichhane,72.0,104.0,5.0,45.83375,23.9575,8.67,14.4,108.0,141.0,7.0,31.171111111111106,13.582222222222223,7.83,15.43,30.0,51.0,1.0,26.668,20.002000000000002,10.2,30.0
Kartik Tyagi,220.0,381.0,9.0,38.46357142857143,31.165,10.39,24.44,272.0,377.0,8.0,37.57448275862069,20.746896551724138,8.32,34.0,248.0,429.0,16.0,34.962413793103444,22.158275862068965,10.38,15.5
DG Nalkande,13.0,22.0,0.0,46.15,23.08,10.15,,54.0,95.0,5.0,26.3875,20.8325,10.56,10.8,18.0,29.0,1.0,25.55666666666667,42.776666666666664,9.67,18.0
KV Sharma,156.0,187.0,6.0,41.66695652173913,14.855652173913043,7.19,26.0,1308.0,1837.0,66.0,32.370357142857145,16.442500000000003,8.43,19.82,121.0,213.0,10.0,29.788571428571426,26.85238095238095,10.56,12.1
SB Jakati,96.0,138.0,0.0,38.63636363636363,23.484545454545454,8.62,,860.0,1100.0,36.0,30.250350877192982,13.35701754385965,7.67,23.89,131.0,209.0,10.0,28.94736842105263,20.67736842105263,9.57,13.1
