bowler,league_matches,league_balls,league_runs,league_wickets,league_economy,league_bowling_sr,league_average,knockout_matches,knockout_balls,knockout_runs,knockout_wickets,knockout_economy,knockout_bowling_sr,knockout_average
A Ashish Reddy,20,264,400,18,9.09,14.67,22.22,,,,,,,
A Chandila,12,234,245,11,6.28,21.27,22.27,,,,,,,
A Choudhary,5,102,144,5,8.47,20.4,28.8,,,,,,,
A Kamboj,25,498,823,31,9.92,16.06,26.55,,,,,,,
A Kumble,39,896,1008,40,6.75,22.4,25.2,3.0,74.0,81.0,5.0,6.57,14.8,16.2
A Mishra,157,3272,4083,166,7.49,19.71,24.6,5.0,120.0,110.0,8.0,5.5,15.0,13.75
A Mithun,13,254,397,6,9.38,42.33,66.17,3.0,43.0,80.0,1.0,11.16,43.0,80.0
A Nehra,82,1771,2316,97,7.85,18.26,23.88,6.0,146.0,221.0,9.0,9.08,16.22,24.56
A Nortje,44,1016,1566,55,9.25,18.47,28.47,5.0,112.0,174.0,6.0,9.32,18.67,29.0
A Singh,23,474,639,28,8.09,16.93,22.82,,,,,,,
A Symonds,27,468,633,16,8.12,29.25,39.56,3.0,60.0,61.0,4.0,6.1,15.0,15.25
A Zampa,19,413,603,28,8.76,14.75,21.54,3.0,54.0,53.0,3.0,5.89,18.0,17.67
AA Chavan,13,248,339,8,8.2,31.0,42.38,,,,,,,
AB Agarkar,42,784,1174,29,8.98,27.03,40.48,,,,,,,
AB Dinda,75,1530,2103,69,8.25,22.17,30.48,,,,,,,
AB McDonald,10,186,263,11,8.48,16.91,23.91,,,,,,,
AC Thomas,15,317,416,14,7.87,22.64,29.71,,,,,,,
AD Mascarenhas,13,308,365,19,7.11,16.21,19.21,,,,,,,
AD Mathews,44,792,1095,27,8.3,29.33,40.56,,,,,,,
AD Russell,116,1747,2813,119,9.66,14.68,23.64,5.0,72.0,96.0,4.0,8.0,18.0,24.0
AF Milne,11,228,381,7,10.03,32.57,54.43,,,,,,,
AG Murtaza,12,264,322,9,7.32,29.33,35.78,,,,,,,
AJ Hosein,8,174,239,9,8.24,19.33,26.56,,,,,,,
AJ Tye,30,687,1005,42,8.78,16.36,23.93,,,,,,,
AK Markram,22,211,343,6,9.75,35.17,57.17,2.0,13.0,15.0,0.0,6.92,,
AM Ghazanfar,11,233,390,15,10.04,15.53,26.0,,,,,,,
AM Nayar,19,229,323,9,8.46,25.44,35.89,,,,,,,
AM Salvi,7,150,205,7,8.2,21.43,29.29,,,,,,,
AN Ahmed,16,324,459,11,8.5,29.45,41.73,1.0,25.0,56.0,1.0,13.44,25.0,56.0
AR Patel,163,3357,4247,134,7.59,25.05,31.69,10.0,228.0,256.0,5.0,6.74,45.6,51.2
AS Joseph,21,423,680,21,9.65,20.14,32.38,1.0,12.0,27.0,0.0,13.5,,
AS Rajpoot,28,533,830,24,9.34,22.21,34.58,1.0,6.0,14.0,0.0,14.0,,
AS Roy,22,323,482,15,8.95,21.53,32.13,,,,,,,
Abhishek Sharma,35,342,534,9,9.37,38.0,59.33,1.0,24.0,24.0,2.0,6.0,12.0,12.0
Akash Deep,14,282,554,10,11.79,28.2,55.4,,,,,,,
Akash Madhwal,15,312,540,17,10.38,18.35,31.76,2.0,47.0,58.0,7.0,7.4,6.71,8.29
Akash Singh,12,247,406,13,9.86,19.0,31.23,,,,,,,
Anand Rajan,8,150,206,8,8.24,18.75,25.75,,,,,,,
Ankit Sharma,20,349,425,12,7.31,29.08,35.42,1.0,18.0,28.0,0.0,9.33,,
Anureet Singh,22,419,636,18,9.11,23.28,35.33,,,,,,,
Arshad Khan,23,341,643,17,11.31,20.06,37.82,1.0,24.0,32.0,1.0,8.0,24.0,32.0
Arshdeep Singh,92,1978,3058,108,9.28,18.31,28.31,3.0,60.0,108.0,3.0,10.8,20.0,36.0
Ashok Sharma,6,127,233,6,11.01,21.17,38.83,,,,,,,
Ashwani Kumar,8,139,252,14,10.88,9.93,18.0,2.0,46.0,84.0,3.0,10.96,15.33,28.0
Avesh Khan,77,1651,2590,85,9.41,19.42,30.47,5.0,120.0,185.0,9.0,9.25,13.33,20.56
Azhar Mahmood,23,542,707,29,7.83,18.69,24.38,,,,,,,
Azmatullah Omarzai,15,300,489,12,9.78,25.0,40.75,3.0,54.0,90.0,3.0,10.0,18.0,30.0
B Akhil,13,189,246,6,7.81,31.5,41.0,,,,,,,
B Kumar,191,4312,5644,210,7.85,20.53,26.88,15.0,301.0,401.0,16.0,7.99,18.81,25.06
B Laughlin,8,151,249,8,9.89,18.88,31.12,1.0,18.0,35.0,2.0,11.67,9.0,17.5
B Lee,36,839,1046,24,7.48,34.96,43.58,2.0,49.0,80.0,1.0,9.8,49.0,80.0
B Stanlake,6,144,200,7,8.33,20.57,28.57,,,,,,,
BA Bhatt,15,297,408,12,8.24,24.75,34.0,,,,,,,
BA Stokes,38,693,1023,28,8.86,24.75,36.54,,,,,,,
BAW Mendis,10,245,306,8,7.49,30.62,38.25,,,,,,,
BB Sran,21,432,665,16,9.24,27.0,41.56,3.0,54.0,102.0,2.0,11.33,27.0,51.0
BCJ Cutting,14,221,361,5,9.8,44.2,72.2,3.0,60.0,69.0,5.0,6.9,12.0,13.8
BE Hendricks,7,151,239,9,9.5,16.78,26.56,,,,,,,
BJ Hodge,20,234,310,17,7.95,13.76,18.24,,,,,,,
BW Hilfenhaus,14,307,408,18,7.97,17.06,22.67,3.0,68.0,89.0,4.0,7.85,17.0,22.25
Basil Thampi,24,498,820,22,9.88,22.64,37.27,1.0,24.0,42.0,0.0,10.5,,
Bipul Sharma,24,382,523,15,8.21,25.47,34.87,4.0,44.0,58.0,2.0,7.91,22.0,29.0
Brijesh Sharma,11,236,377,13,9.58,18.15,29.0,2.0,41.0,75.0,1.0,10.98,41.0,75.0
C Bosch,8,165,253,13,9.2,12.69,19.46,,,,,,,
C Green,36,513,837,22,9.79,23.32,38.05,3.0,60.0,79.0,1.0,7.9,60.0,79.0
C Sakariya,20,449,649,20,8.67,22.45,32.45,,,,,,,
C de Grandhomme,19,218,323,6,8.89,36.33,53.83,,,,,,,
CH Gayle,34,473,660,16,8.37,29.56,41.25,4.0,84.0,95.0,2.0,6.79,42.0,47.5
CH Morris,78,1664,2282,93,8.23,17.89,24.54,3.0,67.0,95.0,3.0,8.51,22.33,31.67
CJ Anderson,21,279,489,11,10.52,25.36,44.45,1.0,18.0,36.0,0.0,12.0,,
CJ Jordan,29,589,960,23,9.78,25.61,41.74,5.0,90.0,151.0,7.0,10.07,12.86,21.57
CK Langeveldt,7,157,199,13,7.61,12.08,15.31,,,,,,,
CR Brathwaite,13,212,310,10,8.77,21.2,31.0,3.0,45.0,74.0,3.0,9.87,15.0,24.67
CR Woakes,21,441,674,30,9.17,14.7,22.47,,,,,,,
CRD Fernando,8,189,253,14,8.03,13.5,18.07,2.0,49.0,53.0,3.0,6.49,16.33,17.67
CV Varun,89,2031,2674,106,7.9,19.16,25.23,5.0,111.0,121.0,5.0,6.54,22.2,24.2
D Pretorius,7,150,242,6,9.68,25.0,40.33,,,,,,,
D Wiese,13,249,382,13,9.2,19.15,29.38,2.0,48.0,65.0,3.0,8.12,16.0,21.67
DE Bollinger,23,488,617,30,7.59,16.27,20.57,4.0,90.0,99.0,7.0,6.6,12.86,14.14
DG Nalkande,5,60,105,5,10.5,12.0,21.0,1.0,25.0,45.0,1.0,10.8,25.0,45.0
DJ Bravo,139,2740,3893,155,8.52,17.68,25.12,19.0,389.0,543.0,28.0,8.38,13.89,19.39
DJ Hooda,32,367,529,9,8.65,40.78,58.78,2.0,12.0,21.0,1.0,10.5,12.0,21.0
DJ Hussey,26,317,485,8,9.18,39.62,60.62,,,,,,,
DJ Willey,11,216,277,6,7.69,36.0,46.17,,,,,,,
DJG Sammy,18,218,327,9,9.0,24.22,36.33,1.0,20.0,27.0,2.0,8.1,10.0,13.5
DL Chahar,94,1867,2624,85,8.43,21.96,30.87,9.0,208.0,266.0,11.0,7.67,18.91,24.18
DL Vettori,31,707,799,25,6.78,28.28,31.96,3.0,70.0,95.0,3.0,8.14,23.33,31.67
DP Nannes,28,632,777,28,7.38,22.57,27.75,1.0,18.0,38.0,0.0,12.67,,
DR Sams,15,338,484,14,8.59,24.14,34.57,1.0,24.0,44.0,0.0,11.0,,
DR Smith,42,507,759,24,8.98,21.12,31.62,4.0,36.0,66.0,2.0,11.0,18.0,33.0
DS Kulkarni,87,1674,2355,76,8.44,22.03,30.99,5.0,120.0,158.0,10.0,7.9,12.0,15.8
DS Rathi,23,548,834,19,9.13,28.84,43.89,,,,,,,
DT Christian,46,828,1120,36,8.12,23.0,31.11,3.0,58.0,98.0,2.0,10.14,29.0,49.0
DW Steyn,93,2141,2517,94,7.05,22.78,26.78,2.0,48.0,66.0,3.0,8.25,16.0,22.0
E Malinga,21,462,714,32,9.27,14.44,22.31,1.0,24.0,40.0,1.0,10.0,24.0,40.0
FH Edwards,6,141,160,5,6.81,28.2,32.0,,,,,,,
Fazalhaq Farooqi,12,254,440,6,10.39,42.33,73.33,,,,,,,
G Coetzee,13,256,439,15,10.29,17.07,29.27,1.0,18.0,51.0,0.0,17.0,,
GB Hogg,21,459,585,23,7.65,19.96,25.43,,,,,,,
GC Viljoen,6,138,229,7,9.96,19.71,32.71,,,,,,,
GD McGrath,13,301,328,12,6.54,25.08,27.33,1.0,24.0,38.0,0.0,9.5,,
GJ Maxwell,82,980,1376,41,8.42,23.9,33.56,3.0,42.0,46.0,0.0,6.57,,
Gurkeerat Singh,6,78,97,5,7.46,15.6,19.4,,,,,,,
HF Gurney,8,163,239,7,8.8,23.29,34.14,,,,,,,
HH Pandya,105,1635,2604,77,9.56,21.23,33.82,11.0,139.0,198.0,5.0,8.55,27.8,39.6
HR Shokeen,12,200,302,5,9.06,40.0,60.4,1.0,6.0,18.0,0.0,18.0,,
HV Patel,116,2419,3685,145,9.14,16.68,25.41,5.0,108.0,116.0,6.0,6.44,18.0,19.33
Harbhajan Singh,146,3096,3706,133,7.18,23.28,27.86,14.0,324.0,395.0,17.0,7.31,19.06,23.24
Harmeet Singh,25,487,680,24,8.38,20.29,28.33,3.0,66.0,67.0,3.0,6.09,22.0,22.33
Harpreet Brar,47,848,1139,37,8.06,22.92,30.78,1.0,12.0,18.0,0.0,9.0,,
Harsh Dubey,11,192,328,13,10.25,14.77,25.23,,,,,,,
Harshit Rana,30,605,996,37,9.88,16.35,26.92,2.0,48.0,51.0,3.0,6.38,16.0,17.0
I Sharma,114,2376,3371,92,8.51,25.83,36.64,3.0,66.0,94.0,4.0,8.55,16.5,23.5
I Udana,10,174,286,8,9.86,21.75,35.75,,,,,,,
IC Pandey,22,421,546,17,7.78,24.76,32.12,2.0,43.0,63.0,1.0,8.79,43.0,63.0
IK Pathan,99,1996,2667,78,8.02,25.59,34.19,2.0,48.0,44.0,2.0,5.5,24.0,22.0
IS Sodhi,7,157,189,9,7.22,17.44,21.0,1.0,24.0,15.0,0.0,3.75,,
Imran Tahir,56,1251,1641,77,7.87,16.25,21.31,3.0,66.0,88.0,5.0,8.0,13.2,17.6
Iqbal Abdulla,43,842,1018,37,7.25,22.76,27.51,5.0,78.0,107.0,3.0,8.23,26.0,35.67
J Botha,34,694,818,25,7.07,27.76,32.72,,,,,,,
J Little,9,198,285,10,8.64,19.8,28.5,2.0,30.0,56.0,1.0,11.2,30.0,56.0
J Overton,13,204,338,14,9.94,14.57,24.14,,,,,,,
J Suchith,20,408,586,18,8.62,22.67,32.56,1.0,12.0,18.0,1.0,9.0,12.0,18.0
J Syed Mohammad,9,150,221,5,8.84,30.0,44.2,2.0,42.0,65.0,3.0,9.29,14.0,21.67
J Theron,10,223,311,11,8.37,20.27,28.27,,,,,,,
J Yadav,18,349,397,6,6.83,58.17,66.17,2.0,43.0,50.0,2.0,6.98,21.5,25.0
JA Duffy,4,97,187,6,11.57,16.17,31.17,2.0,48.0,79.0,3.0,9.88,16.0,26.33
JA Morkel,75,1488,2087,71,8.42,20.96,29.39,12.0,248.0,322.0,14.0,7.79,17.71,23.0
JC Archer,65,1516,2085,78,8.25,19.44,26.73,3.0,73.0,136.0,6.0,11.18,12.17,22.67
JD Ryder,16,236,314,8,7.98,29.5,39.25,,,,,,,
JD Unadkat,110,2280,3449,111,9.08,20.54,31.07,5.0,72.0,92.0,3.0,7.67,24.0,30.67
JDP Oram,13,232,348,9,9.0,25.78,38.67,1.0,6.0,14.0,0.0,14.0,,
JDS Neesham,13,216,342,8,9.5,27.0,42.75,,,,,,,
JE Taylor,5,118,167,6,8.49,19.67,27.83,,,,,,,
JEC Franklin,13,141,203,8,8.64,17.62,25.38,2.0,12.0,22.0,1.0,11.0,12.0,22.0
JH Kallis,83,1618,2195,59,8.14,27.42,37.2,6.0,133.0,153.0,6.0,6.9,22.17,25.5
JJ Bumrah,148,3460,4313,178,7.48,19.44,24.23,10.0,233.0,269.0,12.0,6.93,19.42,22.42
JL Pattinson,10,213,321,11,9.04,19.36,29.18,,,,,,,
JO Holder,51,1097,1591,60,8.7,18.28,26.52,6.0,132.0,190.0,10.0,8.64,13.2,19.0
JP Behrendorff,15,324,512,19,9.48,17.05,26.95,2.0,42.0,51.0,0.0,7.29,,
JP Duminy,49,678,847,23,7.5,29.48,36.83,,,,,,,
JP Faulkner,57,1171,1741,59,8.92,19.85,29.51,3.0,72.0,108.0,2.0,9.0,36.0,54.0
JR Hazlewood,44,991,1448,56,8.77,17.7,25.86,8.0,187.0,277.0,16.0,8.89,11.69,17.31
JR Hopes,19,348,542,14,9.34,24.86,38.71,1.0,12.0,20.0,0.0,10.0,,
Jaskaran Singh,7,106,174,6,9.85,17.67,29.0,,,,,,,
Joginder Sharma,15,263,421,12,9.6,21.92,35.08,,,,,,,
K Gowtham,33,564,798,19,8.49,29.68,42.0,2.0,24.0,27.0,2.0,6.75,12.0,13.5
K Kartikeya,15,270,396,12,8.8,22.5,33.0,1.0,12.0,16.0,0.0,8.0,,
K Khejroliya,8,141,250,6,10.64,23.5,41.67,1.0,14.0,31.0,0.0,13.29,,
K Rabada,93,2138,3158,139,8.86,15.38,22.72,8.0,174.0,289.0,12.0,9.97,14.5,24.08
KA Jamieson,12,237,403,11,10.2,21.55,36.64,3.0,66.0,105.0,5.0,9.55,13.2,21.0
KA Pollard,95,1291,1906,58,8.86,22.26,32.86,12.0,205.0,294.0,11.0,8.6,18.64,26.73
KC Cariappa,11,218,349,8,9.61,27.25,43.62,,,,,,,
KH Pandya,134,2431,3114,98,7.69,24.81,31.78,13.0,273.0,337.0,9.0,7.41,30.33,37.44
KK Ahmed,74,1630,2458,89,9.05,18.31,27.62,2.0,35.0,63.0,2.0,10.8,17.5,31.5
KK Cooper,23,529,718,31,8.14,17.06,23.16,2.0,48.0,71.0,2.0,8.88,24.0,35.5
KL Nagarkoti,11,180,287,5,9.57,36.0,57.4,,,,,,,
KM Asif,7,135,232,7,10.31,19.29,33.14,,,,,,,
KMA Paul,6,125,156,6,7.49,20.83,26.0,2.0,43.0,83.0,3.0,11.58,14.33,27.67
KMDN Kulasekara,5,102,122,5,7.18,20.4,24.4,,,,,,,
KP Appanna,13,216,291,9,8.08,24.0,32.33,,,,,,,
KP Pietersen,12,150,198,6,7.92,25.0,33.0,1.0,24.0,20.0,1.0,5.0,24.0,20.0
KR Sen,12,243,396,14,9.78,17.36,28.29,,,,,,,
KV Sharma,81,1471,2130,75,8.69,19.61,28.4,6.0,114.0,133.0,8.0,7.0,14.25,16.62
KW Richardson,15,335,479,19,8.58,17.63,25.21,,,,,,,
Kamran Khan,9,167,248,10,8.91,16.7,24.8,,,,,,,
Karanveer Singh,6,132,197,5,8.95,26.4,39.4,3.0,72.0,126.0,7.0,10.5,10.29,18.0
Kartik Tyagi,33,740,1224,33,9.92,22.42,37.09,,,,,,,
Kuldeep Yadav,104,2217,3106,106,8.41,20.92,29.3,3.0,72.0,83.0,6.0,6.92,12.0,13.83
L Balaji,67,1408,1927,75,8.21,18.77,25.69,6.0,108.0,156.0,1.0,8.67,108.0,156.0
L Ngidi,25,574,837,40,8.75,14.35,20.92,2.0,48.0,46.0,2.0,5.75,24.0,23.0
LH Ferguson,45,957,1484,50,9.3,19.14,29.68,7.0,144.0,215.0,5.0,8.96,28.8,43.0
LR Shukla,27,316,458,15,8.7,21.07,30.53,,,,,,,
LS Livingstone,27,312,471,13,9.06,24.0,36.23,,,,,,,
Lalit Yadav,19,289,430,10,8.93,28.9,43.0,,,,,,,
M Ashwin,44,873,1182,35,8.12,24.94,33.77,,,,,,,
M Jansen,47,1027,1672,45,9.77,22.82,37.16,,,,,,,
M Kartik,55,1154,1418,31,7.37,37.23,45.74,,,,,,,
M Markande,40,751,1157,37,9.24,20.3,31.27,,,,,,,
M Morkel,66,1546,2001,73,7.77,21.18,27.41,4.0,96.0,135.0,4.0,8.44,24.0,33.75
M Muralitharan,61,1410,1651,58,7.03,24.31,28.47,5.0,120.0,114.0,6.0,5.7,20.0,19.0
M Ntini,7,164,208,5,7.61,32.8,41.6,2.0,48.0,49.0,2.0,6.12,24.0,24.5
M Pathirana,31,664,972,43,8.78,15.44,22.6,2.0,48.0,84.0,4.0,10.5,12.0,21.0
M Prasidh Krishna,69,1561,2298,82,8.83,19.04,28.02,9.0,195.0,357.0,9.0,10.98,21.67,39.67
M Siddharth,9,189,285,9,9.05,21.0,31.67,,,,,,,
M Theekshana,36,830,1162,34,8.4,24.41,34.18,2.0,48.0,64.0,2.0,8.0,24.0,32.0
M de Lange,5,110,171,5,9.33,22.0,34.2,,,,,,,
MA Starc,52,1113,1715,69,9.25,16.13,24.86,4.0,90.0,98.0,7.0,6.53,12.86,14.0
MA Wood,5,121,192,11,9.52,11.0,17.45,,,,,,,
MC Henriques,57,897,1218,40,8.15,22.42,30.45,3.0,54.0,84.0,2.0,9.33,27.0,42.0
MF Maharoof,19,401,498,24,7.45,16.71,20.75,1.0,24.0,34.0,3.0,8.5,8.0,11.33
MG Bracewell,5,66,95,6,8.64,11.0,15.83,,,,,,,
MG Johnson,46,1057,1482,50,8.41,21.14,29.64,8.0,187.0,258.0,12.0,8.28,15.58,21.5
MJ McClenaghan,52,1192,1697,66,8.54,18.06,25.71,4.0,91.0,142.0,5.0,9.36,18.2,28.4
MJ Santner,33,670,845,29,7.57,23.1,29.14,2.0,18.0,25.0,1.0,8.33,18.0,25.0
MM Ali,55,825,1005,40,7.31,20.62,25.12,2.0,30.0,31.0,1.0,6.2,30.0,31.0
MM Patel,58,1264,1616,66,7.67,19.15,24.48,5.0,102.0,117.0,8.0,6.88,12.75,14.62
MM Sharma,109,2197,3219,114,8.79,19.27,28.24,10.0,216.0,318.0,20.0,8.83,10.8,15.9
MN Samuels,11,214,285,9,7.99,23.78,31.67,,,,,,,
MP Stoinis,71,894,1506,40,10.11,22.35,37.65,4.0,43.0,69.0,6.0,9.63,7.17,11.5
MP Yadav,10,218,371,9,10.21,24.22,41.22,,,,,,,
MR Marsh,34,563,803,37,8.56,15.22,21.7,,,,,,,
MS Gony,41,832,1250,33,9.01,25.21,37.88,3.0,61.0,67.0,4.0,6.59,15.25,16.75
Mohammad Asif,7,169,275,7,9.76,24.14,39.29,1.0,24.0,32.0,1.0,8.0,24.0,32.0
Mohammad Nabi,22,393,498,15,7.6,26.2,33.2,1.0,24.0,29.0,0.0,7.25,,
Mohammed Shami,127,2820,4125,139,8.78,20.29,29.68,5.0,109.0,177.0,6.0,9.74,18.17,29.5
Mohammed Siraj,116,2482,3683,118,8.9,21.03,31.21,9.0,198.0,321.0,10.0,9.73,19.8,32.1
Mohsin Khan,28,612,880,36,8.63,17.0,24.44,2.0,42.0,53.0,2.0,7.57,21.0,26.5
Mujeeb Ur Rahman,20,446,626,20,8.42,22.3,31.3,,,,,,,
Mukesh Choudhary,24,484,780,25,9.67,19.36,31.2,,,,,,,
Mukesh Kumar,42,831,1475,43,10.65,19.33,34.3,,,,,,,
Mustafizur Rahman,58,1324,1811,64,8.21,20.69,28.3,2.0,48.0,68.0,1.0,8.5,48.0,68.0
N Burger,16,322,552,18,10.29,17.89,30.67,2.0,42.0,65.0,3.0,9.29,14.0,21.67
N Rana,27,216,326,10,9.06,21.6,32.6,,,,,,,
N Thushara,8,183,289,9,9.48,20.33,32.11,,,,,,,
NLTC Perera,35,683,1017,31,8.93,22.03,32.81,1.0,18.0,14.0,0.0,4.67,,
NM Coulter-Nile,34,776,1032,42,7.98,18.48,24.57,4.0,90.0,93.0,6.0,6.2,15.0,15.5
NT Ellis,17,381,553,19,8.71,20.05,29.11,,,,,,,
Navdeep Saini,31,657,975,24,8.9,27.38,40.62,1.0,22.0,31.0,0.0,8.45,,
Naveen-ul-Haq,16,368,563,21,9.18,17.52,26.81,1.0,24.0,39.0,4.0,9.75,6.0,9.75
Nithish Kumar Reddy,24,310,556,12,10.76,25.83,46.33,2.0,18.0,25.0,1.0,8.33,18.0,25.0
Noor Ahmad,48,1036,1450,58,8.4,17.86,25.0,3.0,67.0,81.0,3.0,7.25,22.33,27.0
OC McCoy,5,95,166,7,10.48,13.57,23.71,3.0,68.0,89.0,4.0,7.85,17.0,22.25
OF Smith,6,91,179,6,11.8,15.17,29.83,,,,,,,
P Amarnath,6,132,241,7,10.95,18.86,34.43,,,,,,,
P Awana,30,681,909,37,8.01,18.41,24.57,3.0,70.0,137.0,2.0,11.74,35.0,68.5
P Kumar,113,2395,3148,89,7.89,26.91,35.37,6.0,130.0,194.0,1.0,8.95,130.0,194.0
P Negi,37,626,834,32,7.99,19.56,26.06,5.0,90.0,120.0,2.0,8.0,45.0,60.0
P Parameswaran,8,155,226,9,8.75,17.22,25.11,,,,,,,
PC Valthaty,10,151,207,7,8.23,21.57,29.57,,,,,,,
PD Collingwood,6,89,101,5,6.81,17.8,20.2,,,,,,,
PJ Cummins,76,1735,2592,84,8.96,20.65,30.86,4.0,78.0,154.0,3.0,11.85,26.0,51.33
PJ Sangwan,41,846,1246,38,8.84,22.26,32.79,1.0,16.0,21.0,0.0,7.88,,
PP Chawla,182,3661,4903,181,8.04,20.23,27.09,9.0,191.0,276.0,11.0,8.67,17.36,25.09
PP Hinge,6,134,253,11,11.33,12.18,23.0,1.0,25.0,54.0,3.0,12.96,8.33,18.0
PP Ojha,83,1757,2198,83,7.51,21.17,26.48,7.0,144.0,201.0,6.0,8.38,24.0,33.5
PV Tambe,33,660,866,28,7.87,23.57,30.93,,,,,,,
PVD Chameera,19,374,604,13,9.69,28.77,46.46,1.0,25.0,54.0,0.0,12.96,,
PWH de Silva,35,750,1066,44,8.53,17.05,24.23,2.0,48.0,68.0,2.0,8.5,24.0,34.0
Pankaj Singh,17,301,472,11,9.41,27.36,42.91,,,,,,,
Prince Yadav,20,450,695,19,9.27,23.68,36.58,,,,,,,
R Ashwin,193,4205,5081,166,7.25,25.33,30.61,24.0,509.0,640.0,21.0,7.54,24.24,30.48
R Bhatia,88,1602,2009,69,7.52,23.22,29.12,3.0,36.0,50.0,2.0,8.33,18.0,25.0
R Dhawan,33,611,838,24,8.23,25.46,34.92,3.0,54.0,84.0,1.0,9.33,54.0,84.0
R McLaren,18,357,558,12,9.38,29.75,46.5,,,,,,,
R Parag,34,319,516,9,9.71,35.44,57.33,,,,,,,
R Rampaul,12,270,319,16,7.09,16.88,19.94,,,,,,,
R Sai Kishore,24,405,596,28,8.83,14.46,21.29,3.0,60.0,105.0,5.0,10.5,12.0,21.0
R Sharma,44,928,1100,40,7.11,23.2,27.5,,,,,,,
R Shepherd,25,331,665,15,12.05,22.07,44.33,3.0,30.0,54.0,2.0,10.8,15.0,27.0
R Shukla,7,123,217,5,10.59,24.6,43.4,,,,,,,
R Tewatia,52,845,1117,32,7.93,26.41,34.91,,,,,,,
R Vinay Kumar,99,2036,2883,98,8.5,20.78,29.42,5.0,102.0,158.0,7.0,9.29,14.57,22.57
RA Jadeja,216,3900,5044,159,7.76,24.53,31.72,21.0,361.0,481.0,21.0,7.99,17.19,22.9
RD Chahar,76,1635,2157,72,7.92,22.71,29.96,3.0,60.0,63.0,3.0,6.3,20.0,21.0
RE van der Merwe,19,395,463,20,7.03,19.75,23.15,2.0,48.0,52.0,1.0,6.5,48.0,52.0
RG Sharma,29,309,413,15,8.02,20.6,27.53,3.0,30.0,49.0,0.0,9.8,,
RJ Harris,34,760,991,38,7.82,20.0,26.08,3.0,73.0,94.0,7.0,7.73,10.43,13.43
RJW Topley,5,102,182,5,10.71,20.4,36.4,1.0,18.0,40.0,0.0,13.33,,
RP Meredith,18,390,621,19,9.55,20.53,32.68,,,,,,,
RP Singh,78,1692,2290,87,8.12,19.45,26.32,4.0,96.0,127.0,3.0,7.94,32.0,42.33
RR Powar,25,409,510,13,7.48,31.46,39.23,1.0,18.0,28.0,0.0,9.33,,
RR Raje,10,140,214,6,9.17,23.33,35.67,,,,,,,
RS Bopara,14,206,301,11,8.77,18.73,27.36,,,,,,,
RV Gomez,9,96,130,5,8.12,19.2,26.0,,,,,,,
Ramandeep Singh,6,56,95,7,10.18,8.0,13.57,,,,,,,
Rashid Khan,137,3195,3979,165,7.47,19.36,24.12,16.0,348.0,411.0,14.0,7.09,24.86,29.36
Rasikh Salam,23,449,768,24,10.26,18.71,32.0,2.0,43.0,51.0,5.0,7.12,8.6,10.2
Ravi Bishnoi,83,1747,2447,82,8.4,21.3,29.84,2.0,48.0,75.0,1.0,9.38,48.0,75.0
S Aravind,31,617,869,35,8.45,17.63,24.83,7.0,144.0,188.0,10.0,7.83,14.4,18.8
S Badree,12,258,329,11,7.65,23.45,29.91,,,,,,,
S Dube,18,148,280,6,11.35,24.67,46.67,1.0,6.0,7.0,0.0,7.0,,
S Gopal,50,968,1324,51,8.21,18.98,25.96,1.0,24.0,34.0,1.0,8.5,24.0,34.0
S Kaul,51,1143,1650,54,8.66,21.17,30.56,4.0,72.0,122.0,4.0,10.17,18.0,30.5
S Kaushik,9,181,282,4,9.35,45.25,70.5,1.0,24.0,22.0,2.0,5.5,12.0,11.0
S Ladda,9,139,225,5,9.71,27.8,45.0,,,,,,,
S Lamichhane,9,210,297,13,8.49,16.15,22.85,,,,,,,
S Nadeem,68,1368,1721,47,7.55,29.11,36.62,2.0,51.0,79.0,1.0,9.29,51.0,79.0
S Narwal,6,106,203,5,11.49,21.2,40.6,,,,,,,
S Randiv,8,174,223,6,7.69,29.0,37.17,,,,,,,
S Sandeep Warrier,10,170,257,8,9.07,21.25,32.12,,,,,,,
S Sreesanth,43,897,1214,40,8.12,22.42,30.35,1.0,6.0,7.0,0.0,7.0,,
S Tyagi,14,212,304,6,8.6,35.33,50.67,,,,,,,
SB Jakati,48,881,1166,36,7.94,24.47,32.39,9.0,206.0,308.0,11.0,8.97,18.73,28.0
SB Styris,11,216,278,8,7.72,27.0,34.75,,,,,,,
SB Wagh,8,102,147,5,8.65,20.4,29.4,,,,,,,
SC Ganguly,20,277,370,10,8.01,27.7,37.0,,,,,,,
SE Bond,8,186,225,9,7.26,20.67,25.0,,,,,,,
SH Johnson,12,231,403,7,10.47,33.0,57.57,,,,,,,
SJ Srivastava,14,283,444,14,9.41,20.21,31.71,,,,,,,
SK Raina,61,810,980,21,7.26,38.57,46.67,8.0,98.0,159.0,4.0,9.73,24.5,39.75
SK Trivedi,71,1437,1856,62,7.75,23.18,29.94,4.0,78.0,88.0,3.0,6.77,26.0,29.33
SK Warne,52,1146,1409,55,7.38,20.84,25.62,2.0,48.0,56.0,2.0,7.0,24.0,28.0
SL Malinga,107,2495,3045,156,7.32,15.99,19.52,15.0,350.0,441.0,14.0,7.56,25.0,31.5
SM Curran,63,1260,2059,59,9.8,21.36,34.9,,,,,,,
SM Pollock,13,276,307,11,6.67,25.09,27.91,,,,,,,
SMSM Senanayake,8,192,211,9,6.59,21.33,23.44,,,,,,,
SN Thakur,101,2064,3305,110,9.61,18.76,30.05,8.0,151.0,249.0,10.0,9.89,15.1,24.9
SP Narine,186,4329,4967,197,6.88,21.97,25.21,14.0,337.0,412.0,12.0,7.34,28.08,34.33
SR Watson,98,1886,2511,82,7.99,23.0,30.62,7.0,156.0,231.0,10.0,8.88,15.6,23.1
SS Cottrell,6,120,177,6,8.85,20.0,29.5,,,,,,,
ST Jayasuriya,21,294,396,13,8.08,22.62,30.46,,,,,,,
STR Binny,59,571,745,21,7.83,27.19,35.48,4.0,24.0,18.0,1.0,4.5,24.0,18.0
SW Tait,21,482,668,23,8.32,20.96,29.04,,,,,,,
Sakib Hussain,10,229,345,15,9.04,15.27,23.0,1.0,24.0,54.0,0.0,13.5,,
Sandeep Sharma,135,3020,4117,143,8.18,21.12,28.79,7.0,156.0,242.0,8.0,9.31,19.5,30.25
Shahbaz Ahmed,46,582,958,23,9.88,25.3,41.65,4.0,75.0,125.0,4.0,10.0,18.75,31.25
Shahid Afridi,10,181,237,9,7.86,20.11,26.33,,,,,,,
Shakib Al Hasan,59,1272,1567,57,7.39,22.32,27.49,11.0,212.0,297.0,6.0,8.41,35.33,49.5
Shashank Singh,8,90,141,5,9.4,18.0,28.2,,,,,,,
Shivam Mavi,28,557,825,27,8.89,20.63,30.56,4.0,98.0,133.0,3.0,8.14,32.67,44.33
Shivang Kumar,12,222,357,8,9.65,27.75,44.62,1.0,12.0,19.0,1.0,9.5,12.0,19.0
Shoaib Ahmed,7,102,154,5,9.06,20.4,30.8,,,,,,,
Simarjeet Singh,14,242,411,11,10.19,22.0,37.36,,,,,,,
Sohail Tanvir,9,212,218,21,6.17,10.1,10.38,2.0,36.0,57.0,1.0,9.5,36.0,57.0
Suyash Sharma,37,774,1177,24,9.12,32.25,49.04,2.0,30.0,38.0,3.0,7.6,10.0,12.67
Swapnil Singh,13,151,222,7,8.82,21.57,31.71,1.0,12.0,19.0,0.0,9.5,,
T Natarajan,68,1458,2278,70,9.37,20.83,32.54,5.0,96.0,133.0,4.0,8.31,24.0,33.25
T Thushara,6,137,164,8,7.18,17.12,20.5,,,,,,,
TA Boult,111,2492,3590,126,8.64,19.78,28.49,13.0,294.0,404.0,19.0,8.24,15.47,21.26
TG Southee,54,1210,1774,47,8.8,25.74,37.74,,,,,,,
TK Curran,12,219,403,10,11.04,21.9,40.3,1.0,22.0,29.0,3.0,7.91,7.33,9.67
TL Suman,11,152,198,6,7.82,25.33,33.0,,,,,,,
TM Dilshan,24,253,355,5,8.42,50.6,71.0,1.0,18.0,13.0,0.0,4.33,,
TS Mills,10,209,349,11,10.02,19.0,31.73,,,,,,,
TU Deshpande,50,1044,1766,54,10.15,19.33,32.7,3.0,66.0,133.0,1.0,12.09,66.0,133.0
UT Yadav,141,2945,4276,135,8.71,21.81,31.67,6.0,135.0,166.0,9.0,7.38,15.0,18.44
Umar Gul,6,141,198,12,8.43,11.75,16.5,,,,,,,
Umran Malik,26,497,785,29,9.48,17.14,27.07,,,,,,,
V Nigam,18,293,478,13,9.79,22.54,36.77,,,,,,,
V Pratap Singh,9,204,300,10,8.82,20.4,30.0,,,,,,,
V Puthur,5,72,109,6,9.08,12.0,18.17,,,,,,,
V Sehwag,13,124,190,6,9.19,20.67,31.67,2.0,13.0,46.0,0.0,21.23,,
V Shankar,22,243,344,9,8.49,27.0,38.22,,,,,,,
VG Arora,40,845,1382,45,9.81,18.78,30.71,2.0,31.0,43.0,2.0,8.32,15.5,21.5
VR Aaron,48,954,1416,42,8.91,22.71,33.71,2.0,48.0,111.0,2.0,13.88,24.0,55.5
VRV Singh,17,352,535,12,9.12,29.33,44.58,1.0,12.0,14.0,0.0,7.0,,
VS Malik,11,165,228,4,8.29,41.25,57.0,2.0,42.0,40.0,2.0,5.71,21.0,20.0
VY Mahesh,16,322,461,19,8.59,16.95,24.26,1.0,24.0,50.0,2.0,12.5,12.0,25.0
Vijaykumar Vyshak,23,479,850,24,10.65,19.96,35.42,2.0,43.0,60.0,2.0,8.37,21.5,30.0
WD Parnell,33,729,968,35,7.97,20.83,27.66,,,,,,,
WG Jacks,19,192,315,10,9.84,19.2,31.5,,,,,,,
WPUJC Vaas,13,284,364,18,7.69,15.78,20.22,,,,,,,
Washington Sundar,63,1097,1451,37,7.94,29.65,39.22,5.0,79.0,80.0,3.0,6.08,26.33,26.67
XC Bartlett,13,262,486,7,11.13,37.43,69.43,,,,,,,
Y Venugopal Rao,20,216,338,6,9.39,36.0,56.33,,,,,,,
YA Abdulla,11,210,311,15,8.89,14.0,20.73,,,,,,,
YK Pathan,77,1081,1360,39,7.55,27.72,34.87,5.0,66.0,83.0,3.0,7.55,22.0,27.67
YS Chahal,171,3738,5084,220,8.16,16.99,23.11,13.0,312.0,417.0,13.0,8.02,24.0,32.08
Yash Dayal,38,777,1261,36,9.74,21.58,35.03,5.0,104.0,151.0,5.0,8.71,20.8,30.2
Yash Raj Punja,6,144,213,8,8.88,18.0,26.62,2.0,36.0,68.0,1.0,11.33,36.0,68.0
Yash Thakur,21,448,802,24,10.74,18.67,33.42,1.0,24.0,35.0,3.0,8.75,8.0,11.67
Yudhvir Singh,9,139,257,8,11.09,17.38,32.12,,,,,,,
Yuvraj Singh,73,870,1091,36,7.52,24.17,30.31,,,,,,,
Z Khan,94,2082,2697,98,7.77,21.24,27.52,5.0,120.0,163.0,4.0,8.15,30.0,40.75
Zeeshan Ansari,10,204,334,6,9.82,34.0,55.67,,,,,,,
